Id da partida,Campeonato,Data,Tempo,Time da casa,Time contra,Gols time casa,Gols time contra,Gols totais,Odd Over 2.5,Odd Under 2.5,Odd Over 3.5,Odd Under 3.5,Odd Casa Vence,Odd Empate,Odd Visitante Vence,Placar Exato,Odd Placar Exato,Data das odds,Odd BTTS,HORA,COLUNA,PROBABILIDADE,OUTCOME
1742562,Euro,2025-05-21,1900-01-01 20:02:00,Romênia,Portugal,2,3,5,2.87,2.4,2.87,2.4,2.87,3.5,2.4,2-3,7.0,2025-05-21 16:52:00,1,20,2,0.4675324675324675,0
1742569,Euro,2025-05-21,1900-01-01 20:05:00,Áustria,Dinamarca,3,1,4,2.55,2.8,2.55,2.8,2.55,3.3,2.8,3-1,8.5,2025-05-21 16:52:00,1,20,5,0.5166364186327888,2
1742574,Euro,2025-05-21,1900-01-01 20:08:00,Países Baixos,Albânia,2,0,2,3.25,2.25,3.25,2.25,2.25,3.4,3.25,2-0,8.5,2025-05-21 16:52:00,0,20,8,0.5653531955790485,2
1742585,Euro,2025-05-21,1900-01-01 20:11:00,Itália,República Tcheca,1,3,4,2.25,3.3,2.25,3.3,2.25,3.25,3.3,1-3,9.0,2025-05-21 16:52:00,1,20,11,0.5670103092783505,0
1742591,Euro,2025-05-21,1900-01-01 20:14:00,Inglaterra,França,1,0,1,2.75,2.45,2.75,2.45,2.45,3.6,2.75,1-0,6.0,2025-05-21 16:52:00,0,20,14,0.5212118236276146,2
1742599,Euro,2025-05-21,1900-01-01 20:17:00,República Tcheca,Turquia,1,1,2,2.87,2.6,2.87,2.6,2.6,3.2,2.87,1-1,10.0,2025-05-21 16:52:00,1,20,17,0.5173035328046143,1
1742605,Euro,2025-05-21,1900-01-01 20:20:00,Dinamarca,Escócia,1,0,1,3.1,2.3,3.1,2.3,2.3,3.4,3.1,1-0,8.0,2025-05-21 16:52:00,0,20,20,0.5533542565712045,2
1742611,Euro,2025-05-21,1900-01-01 20:23:00,Polônia,Países Baixos,1,3,4,2.7,2.6,2.7,2.6,2.7,3.4,2.6,1-3,7.5,2025-05-21 16:52:00,1,20,23,0.49321086261980834,0
1742617,Euro,2025-05-21,1900-01-01 20:26:00,Hungria,Eslovênia,1,1,2,3.1,2.4,3.1,2.4,2.4,3.2,3.1,1-1,10.0,2025-05-21 16:52:00,1,20,26,0.5447284345047924,1
1742624,Euro,2025-05-21,1900-01-01 20:29:00,Geórgia,Eslováquia,0,1,1,2.8,2.5,2.8,2.5,2.5,3.3,2.8,0-1,8.5,2025-05-21 16:52:00,0,20,29,0.5202123315639036,0
1742629,Euro,2025-05-21,1900-01-01 20:32:00,Países Baixos,Escócia,2,2,4,2.3,3.0,2.3,3.0,2.3,3.6,3.0,2-2,6.5,2025-05-21 16:52:00,1,20,32,0.548498845265589,1
1742640,Euro,2025-05-21,1900-01-01 20:35:00,Albânia,Alemanha,0,1,1,2.4,3.0,2.4,3.0,3.0,3.3,2.4,0-1,8.5,2025-05-21 16:52:00,0,20,35,0.460431654676259,0
1742648,Euro,2025-05-21,1900-01-01 20:38:00,Países Baixos,França,0,3,3,2.75,2.45,2.45,2.75,2.75,3.6,2.45,0-3,6.0,2025-05-21 16:52:00,0,20,38,0.4787881763723854,0
1742653,Euro,2025-05-21,1900-01-01 20:41:00,Eslováquia,República Tcheca,1,2,3,2.75,2.62,2.62,2.75,2.75,3.25,2.62,1-2,9.0,2025-05-21 16:52:00,1,20,41,0.49143262698975976,0
1742661,Euro,2025-05-21,1900-01-01 20:44:00,Croácia,Hungria,0,0,0,3.1,2.3,3.1,2.3,2.3,3.4,3.1,0-0,8.0,2025-05-21 16:52:00,0,20,44,0.5533542565712045,1
1742667,Euro,2025-05-21,1900-01-01 20:47:00,Dinamarca,Polônia,2,2,4,2.25,3.3,2.25,3.3,2.25,3.3,3.3,2-2,9.0,2025-05-21 16:52:00,1,20,47,0.5673076923076923,1
1742676,Euro,2025-05-21,1900-01-01 20:50:00,Albânia,República Tcheca,1,1,2,2.9,2.6,2.9,2.6,2.6,3.1,2.9,1-1,11.0,2025-05-21 16:52:00,1,20,50,0.5189101260675071,1
1742423,Euro,2025-05-21,1900-01-01 19:02:00,Portugal,Eslovênia,3,0,3,2.15,3.6,3.6,2.15,2.15,3.3,3.6,3-0,9.0,2025-05-21 16:52:00,0,19,2,0.5895564289724874,2
1742429,Euro,2025-05-21,1900-01-01 19:05:00,Países Baixos,República Tcheca,0,2,2,3.1,2.35,3.1,2.35,2.35,3.4,3.1,0-2,8.0,2025-05-21 16:52:00,0,19,5,0.5493898895990703,0
1742434,Euro,2025-05-21,1900-01-01 19:08:00,Romênia,Alemanha,1,4,5,3.0,2.3,3.0,2.3,3.0,3.6,2.3,1-4,6.5,2025-05-21 16:52:00,1,19,8,0.451501154734411,0
1742442,Euro,2025-05-21,1900-01-01 19:11:00,Eslováquia,Suíça,0,0,0,2.5,2.75,2.5,2.75,2.75,3.5,2.5,0-0,7.0,2025-05-21 16:52:00,0,19,11,0.48267326732673277,1
1742452,Euro,2025-05-21,1900-01-01 19:14:00,Escócia,Eslovênia,0,1,1,3.1,2.4,3.1,2.4,2.4,3.25,3.1,0-1,9.0,2025-05-21 16:52:00,0,19,14,0.5449338336954375,0
1742458,Euro,2025-05-21,1900-01-01 19:17:00,Croácia,Suíça,0,1,1,2.9,2.37,2.9,2.37,2.37,3.5,2.9,0-1,7.0,2025-05-21 16:52:00,0,19,17,0.5366340153250652,0
1742465,Euro,2025-05-21,1900-01-01 19:20:00,Áustria,República Tcheca,1,1,2,3.1,2.4,3.1,2.4,2.4,3.25,3.1,1-1,9.0,2025-05-21 16:52:00,1,19,20,0.5449338336954375,1
1742470,Euro,2025-05-21,1900-01-01 19:23:00,Alemanha,Inglaterra,1,3,4,2.5,2.7,2.5,2.7,2.5,3.6,2.7,1-3,6.5,2025-05-21 16:52:00,1,19,23,0.5141342756183745,0
1742476,Euro,2025-05-21,1900-01-01 19:26:00,Escócia,Polônia,0,1,1,3.0,2.4,3.0,2.4,2.4,3.3,3.0,0-1,8.5,2025-05-21 16:52:00,0,19,26,0.5395683453237411,0
1742487,Euro,2025-05-21,1900-01-01 19:29:00,Portugal,Geórgia,0,2,2,4.0,1.95,4.0,1.95,1.95,3.5,4.0,0-2,8.0,2025-05-21 16:52:00,0,19,29,0.6253275109170306,0
1742493,Euro,2025-05-21,1900-01-01 19:32:00,Alemanha,Espanha,5,0,5,2.37,2.87,2.37,2.87,2.37,3.6,2.87,5-0,6.5,2025-05-21 16:52:00,0,19,32,0.5350659824903861,2
1742499,Euro,2025-05-21,1900-01-01 19:35:00,Bélgica,Polônia,3,2,5,2.2,3.3,2.2,3.3,2.2,3.4,3.3,3-2,8.0,2025-05-21 16:52:00,1,19,35,0.5720338983050847,2
1742505,Euro,2025-05-21,1900-01-01 19:38:00,Dinamarca,França,0,0,0,2.5,2.8,2.5,2.8,2.8,3.5,2.5,0-0,7.5,2025-05-21 16:52:00,0,19,38,0.47945205479452063,1
1742514,Euro,2025-05-21,1900-01-01 19:41:00,Escócia,Geórgia,1,0,1,3.4,2.2,3.4,2.2,2.2,3.4,3.4,1-0,8.0,2025-05-21 16:52:00,0,19,41,0.5769230769230769,2
1742521,Euro,2025-05-21,1900-01-01 19:44:00,Itália,Albânia,2,0,2,3.5,2.2,3.5,2.2,2.2,3.25,3.5,2-0,10.0,2025-05-21 16:52:00,0,19,44,0.5805529075309818,2
1742526,Euro,2025-05-21,1900-01-01 19:47:00,Bélgica,Inglaterra,1,0,1,2.55,2.7,2.55,2.7,2.7,3.6,2.55,1-0,6.5,2025-05-21 16:52:00,0,19,47,0.4895287958115183,2
1742532,Euro,2025-05-21,1900-01-01 19:50:00,Espanha,Eslováquia,4,1,5,2.0,3.6,2.0,3.6,2.0,3.6,3.6,4-1,7.0,2025-05-21 16:52:00,1,19,50,0.6052631578947368,2
1742541,Euro,2025-05-21,1900-01-01 19:53:00,Países Baixos,Inglaterra,2,1,3,2.75,2.45,2.45,2.75,2.75,3.6,2.45,2-1,6.0,2025-05-21 16:52:00,1,19,53,0.4787881763723854,2
1742549,Euro,2025-05-21,1900-01-01 19:56:00,República Tcheca,Dinamarca,1,1,2,2.75,2.7,2.75,2.7,2.7,3.2,2.75,1-1,10.0,2025-05-21 16:52:00,1,19,56,0.5032173738186205,1
1742556,Euro,2025-05-21,1900-01-01 19:59:00,Sérvia,Croácia,0,0,0,2.8,2.55,2.8,2.55,2.55,3.3,2.8,0-0,8.5,2025-05-21 16:52:00,0,19,59,0.5166364186327888,1
1742283,Euro,2025-05-21,1900-01-01 18:02:00,França,Sérvia,3,1,4,2.15,3.4,2.15,3.4,2.15,3.5,3.4,3-1,8.0,2025-05-21 16:52:00,1,18,2,0.5818215821956236,2
1742289,Euro,2025-05-21,1900-01-01 18:05:00,Espanha,Itália,1,1,2,2.9,2.37,2.9,2.37,2.37,3.5,2.9,1-1,7.0,2025-05-21 16:52:00,1,18,5,0.5366340153250652,1
1742295,Euro,2025-05-21,1900-01-01 18:08:00,Geórgia,Turquia,1,0,1,2.5,2.9,2.5,2.9,2.9,3.25,2.5,1-0,9.0,2025-05-21 16:52:00,0,18,8,0.47379032258064524,2
1742301,Euro,2025-05-21,1900-01-01 18:11:00,Croácia,Sérvia,0,0,0,3.0,2.4,3.0,2.4,2.4,3.3,3.0,0-0,8.5,2025-05-21 16:52:00,0,18,11,0.5395683453237411,1
1742306,Euro,2025-05-21,1900-01-01 18:14:00,Polônia,Áustria,2,1,3,2.62,2.75,2.75,2.62,2.62,3.3,2.75,2-1,8.5,2025-05-21 16:52:00,1,18,14,0.5086054721977052,2
1742316,Euro,2025-05-21,1900-01-01 18:17:00,Sérvia,Eslováquia,1,0,1,3.4,2.2,3.4,2.2,2.2,3.3,3.4,1-0,9.0,2025-05-21 16:52:00,0,18,17,0.576271186440678,2
1742324,Euro,2025-05-21,1900-01-01 18:20:00,Bélgica,República Tcheca,2,0,2,3.25,2.25,3.25,2.25,2.25,3.4,3.25,2-0,8.5,2025-05-21 16:52:00,0,18,20,0.5653531955790485,2
1742333,Euro,2025-05-21,1900-01-01 18:23:00,Espanha,Suíça,0,4,4,2.25,3.1,2.25,3.1,2.25,3.6,3.1,0-4,6.5,2025-05-21 16:52:00,0,18,23,0.5583190394511148,0
1742339,Euro,2025-05-21,1900-01-01 18:26:00,Croácia,Geórgia,2,1,3,2.05,3.6,3.6,2.05,2.05,3.5,3.6,2-1,8.0,2025-05-21 16:52:00,1,18,26,0.5998895231080832,2
1742345,Euro,2025-05-21,1900-01-01 18:29:00,Turquia,Romênia,4,0,4,2.3,3.1,2.3,3.1,2.3,3.4,3.1,4-0,8.0,2025-05-21 16:52:00,0,18,29,0.5533542565712045,2
1742352,Euro,2025-05-21,1900-01-01 18:32:00,Eslováquia,Croácia,0,0,0,2.45,2.87,2.45,2.87,2.87,3.4,2.45,0-0,7.5,2025-05-21 16:52:00,0,18,32,0.47157586735404766,1
1742357,Euro,2025-05-21,1900-01-01 18:35:00,Dinamarca,República Tcheca,0,1,1,3.2,2.35,3.2,2.35,2.35,3.2,3.2,0-1,10.0,2025-05-21 16:52:00,0,18,35,0.5537974683544303,0
1742368,Euro,2025-05-21,1900-01-01 18:38:00,Áustria,Bélgica,0,1,1,2.62,2.6,2.62,2.6,2.6,3.5,2.62,0-1,7.5,2025-05-21 16:52:00,0,18,38,0.5013954230125189,0
1742375,Euro,2025-05-21,1900-01-01 18:41:00,França,Escócia,0,1,1,3.5,2.07,3.5,2.07,2.07,3.6,3.5,0-1,7.0,2025-05-21 16:52:00,0,18,41,0.5942960764919222,0
1742381,Euro,2025-05-21,1900-01-01 18:44:00,Ucrânia,Espanha,1,1,2,2.4,2.87,2.4,2.87,2.87,3.5,2.4,1-1,7.0,2025-05-21 16:52:00,1,18,44,0.4675324675324675,1
1742387,Euro,2025-05-21,1900-01-01 18:47:00,Itália,Geórgia,4,1,5,2.0,3.8,2.0,3.8,2.0,3.4,3.8,4-1,8.5,2025-05-21 16:52:00,1,18,47,0.6120058565153734,2
1742393,Euro,2025-05-21,1900-01-01 18:50:00,Eslovênia,Sérvia,0,2,2,2.8,2.7,2.8,2.7,2.7,3.1,2.8,0-2,11.0,2025-05-21 16:52:00,0,18,50,0.5062982527427874,0
1742399,Euro,2025-05-21,1900-01-01 18:53:00,Espanha,Inglaterra,1,2,3,2.6,2.6,2.6,2.6,2.6,3.6,2.6,1-2,6.0,2025-05-21 16:52:00,1,18,53,0.5,0
1742410,Euro,2025-05-21,1900-01-01 18:56:00,Portugal,Escócia,2,1,3,2.2,3.3,3.3,2.2,2.2,3.5,3.3,2-1,7.5,2025-05-21 16:52:00,1,18,56,0.5726141078838175,2
1742417,Euro,2025-05-21,1900-01-01 18:59:00,Croácia,Ucrânia,1,1,2,3.2,2.25,3.2,2.25,2.25,3.4,3.2,1-1,7.5,2025-05-21 16:52:00,1,18,59,0.5627671978235522,1
1742141,Euro,2025-05-21,1900-01-01 17:02:00,Portugal,Alemanha,1,0,1,2.7,2.55,2.7,2.55,2.55,3.5,2.7,1-0,7.0,2025-05-21 16:52:00,0,17,2,0.5103919239904988,2
1742147,Euro,2025-05-21,1900-01-01 17:05:00,Romênia,Eslovênia,0,2,2,2.9,2.5,2.9,2.5,2.5,3.3,2.9,0-2,9.0,2025-05-21 16:52:00,0,17,5,0.5263262863980853,0
1742158,Euro,2025-05-21,1900-01-01 17:08:00,República Tcheca,Espanha,0,1,1,2.5,2.8,2.5,2.8,2.8,3.4,2.5,0-1,8.0,2025-05-21 16:52:00,0,17,8,0.4796163069544364,0
1742164,Euro,2025-05-21,1900-01-01 17:11:00,Bélgica,Dinamarca,1,0,1,3.0,2.4,3.0,2.4,2.4,3.4,3.0,1-0,7.5,2025-05-21 16:52:00,0,17,11,0.5399061032863849,2
1742171,Euro,2025-05-21,1900-01-01 17:14:00,Geórgia,Espanha,1,1,2,2.2,3.2,2.2,3.2,3.2,3.5,2.2,1-1,7.0,2025-05-21 16:52:00,1,17,14,0.43253662297609874,1
1742176,Euro,2025-05-21,1900-01-01 17:17:00,Inglaterra,Itália,1,1,2,3.1,2.25,3.1,2.25,2.25,3.5,3.1,1-1,7.0,2025-05-21 16:52:00,1,17,17,0.5578793774319065,1
1742182,Euro,2025-05-21,1900-01-01 17:20:00,Eslovênia,Romênia,1,0,1,2.9,2.45,2.9,2.45,2.45,3.3,2.9,1-0,8.5,2025-05-21 16:52:00,0,17,20,0.5299878836833603,2
1742189,Euro,2025-05-21,1900-01-01 17:23:00,França,Áustria,1,1,2,3.4,2.15,3.4,2.15,2.15,3.5,3.4,1-1,7.0,2025-05-21 16:52:00,1,17,23,0.5818215821956236,1
1742199,Euro,2025-05-21,1900-01-01 17:26:00,Turquia,Geórgia,0,0,0,3.6,2.1,3.6,2.1,2.1,3.3,3.6,0-0,9.0,2025-05-21 16:52:00,0,17,26,0.5938566552901022,1
1742205,Euro,2025-05-21,1900-01-01 17:29:00,Países Baixos,Eslováquia,1,0,1,3.4,2.1,3.4,2.1,2.1,3.6,3.4,1-0,7.0,2025-05-21 16:52:00,0,17,29,0.5868596881959911,2
1742212,Euro,2025-05-21,1900-01-01 17:32:00,Hungria,Dinamarca,0,2,2,2.7,2.62,2.7,2.62,2.62,3.3,2.7,0-2,9.0,2025-05-21 16:52:00,0,17,32,0.5053593179049939,0
1742221,Euro,2025-05-21,1900-01-01 17:35:00,Bélgica,Alemanha,0,2,2,2.62,2.6,2.62,2.6,2.6,3.5,2.62,0-2,6.5,2025-05-21 16:52:00,0,17,35,0.5013954230125189,0
1742227,Euro,2025-05-21,1900-01-01 17:38:00,Turquia,Eslováquia,2,1,3,2.2,3.4,3.4,2.2,2.2,3.3,3.4,2-1,9.0,2025-05-21 16:52:00,1,17,38,0.576271186440678,2
1742233,Euro,2025-05-21,1900-01-01 17:41:00,Escócia,Dinamarca,4,3,7,2.62,2.7,2.62,2.7,2.62,3.4,2.7,4-3,8.0,2025-05-21 16:52:00,1,17,41,0.505404975757094,2
1742239,Euro,2025-05-21,1900-01-01 17:44:00,Sérvia,Hungria,1,0,1,3.1,2.4,3.1,2.4,2.4,3.25,3.1,1-0,9.0,2025-05-21 16:52:00,0,17,44,0.5449338336954375,2
1742246,Euro,2025-05-21,1900-01-01 17:47:00,Polônia,Dinamarca,0,1,1,2.62,2.75,2.62,2.75,2.75,3.25,2.62,0-1,9.0,2025-05-21 16:52:00,0,17,47,0.49143262698975976,0
1742256,Euro,2025-05-21,1900-01-01 17:50:00,Escócia,Ucrânia,0,0,0,3.0,2.37,3.0,2.37,2.37,3.4,3.0,0-0,7.5,2025-05-21 16:52:00,0,17,50,0.5422185430463576,1
1742261,Euro,2025-05-21,1900-01-01 17:53:00,Sérvia,Polônia,2,0,2,3.2,2.35,3.2,2.35,2.35,3.2,3.2,2-0,10.0,2025-05-21 16:52:00,0,17,53,0.5537974683544303,2
1742269,Euro,2025-05-21,1900-01-01 17:56:00,República Tcheca,Romênia,0,1,1,3.0,2.37,3.0,2.37,2.37,3.4,3.0,0-1,8.5,2025-05-21 16:52:00,0,17,56,0.5422185430463576,0
1742277,Euro,2025-05-21,1900-01-01 17:59:00,Itália,Polônia,0,0,0,3.4,2.2,3.4,2.2,2.2,3.3,3.4,0-0,9.0,2025-05-21 16:52:00,0,17,59,0.576271186440678,1
1742004,Euro,2025-05-21,1900-01-01 16:02:00,Sérvia,Romênia,1,3,4,2.3,3.1,2.3,3.1,2.3,3.4,3.1,1-3,8.0,2025-05-21 16:52:00,1,16,2,0.5533542565712045,0
1742010,Euro,2025-05-21,1900-01-01 16:05:00,Espanha,Portugal,1,0,1,2.8,2.45,2.8,2.45,2.45,3.5,2.8,1-0,7.0,2025-05-21 16:52:00,0,16,5,0.5242718446601942,2
1742016,Euro,2025-05-21,1900-01-01 16:08:00,Suíça,Inglaterra,1,1,2,2.37,2.87,2.37,2.87,2.87,3.6,2.37,1-1,6.5,2025-05-21 16:52:00,1,16,8,0.46493401750961394,1
1742022,Euro,2025-05-21,1900-01-01 16:11:00,Bélgica,Hungria,0,2,2,3.2,2.25,3.2,2.25,2.25,3.4,3.2,0-2,7.5,2025-05-21 16:52:00,0,16,11,0.5627671978235522,0
1742028,Euro,2025-05-21,1900-01-01 16:14:00,Albânia,Espanha,2,1,3,2.9,2.45,2.45,2.9,2.9,3.3,2.45,2-1,8.5,2025-05-21 16:52:00,1,16,14,0.47001211631663975,2
1742039,Euro,2025-05-21,1900-01-01 16:17:00,Eslovênia,Alemanha,1,0,1,2.4,3.0,2.4,3.0,3.0,3.3,2.4,1-0,8.5,2025-05-21 16:52:00,0,16,17,0.460431654676259,2
1742046,Euro,2025-05-21,1900-01-01 16:20:00,França,Croácia,2,5,7,2.2,3.2,2.2,3.2,2.2,3.6,3.2,2-5,7.0,2025-05-21 16:52:00,1,16,20,0.56797583081571,0
1742052,Euro,2025-05-21,1900-01-01 16:23:00,Espanha,Países Baixos,2,1,3,2.3,3.0,3.0,2.3,2.3,3.6,3.0,2-1,6.0,2025-05-21 16:52:00,1,16,23,0.548498845265589,2
1742058,Euro,2025-05-21,1900-01-01 16:26:00,França,Polônia,3,0,3,2.02,3.75,3.75,2.02,2.02,3.5,3.75,3-0,8.0,2025-05-21 16:52:00,0,16,26,0.6090205257472091,2
1742066,Euro,2025-05-21,1900-01-01 16:29:00,Portugal,Bélgica,3,0,3,2.37,2.9,2.9,2.37,2.37,3.5,2.9,3-0,7.0,2025-05-21 16:52:00,0,16,29,0.5366340153250652,2
1742071,Euro,2025-05-21,1900-01-01 16:32:00,Dinamarca,Eslováquia,0,0,0,3.5,2.1,3.5,2.1,2.1,3.4,3.5,0-0,8.5,2025-05-21 16:52:00,0,16,32,0.590185676392573,1
1742078,Euro,2025-05-21,1900-01-01 16:35:00,República Tcheca,Itália,2,2,4,2.75,2.62,2.75,2.62,2.75,3.25,2.62,2-2,9.0,2025-05-21 16:52:00,1,16,35,0.49143262698975976,1
1742089,Euro,2025-05-21,1900-01-01 16:38:00,Eslováquia,Portugal,2,0,2,2.3,3.1,2.3,3.1,3.1,3.4,2.3,2-0,7.5,2025-05-21 16:52:00,0,16,38,0.4466457434287955,2
1742094,Euro,2025-05-21,1900-01-01 16:41:00,Países Baixos,Romênia,1,0,1,3.1,2.25,3.1,2.25,2.25,3.6,3.1,1-0,6.5,2025-05-21 16:52:00,0,16,41,0.5583190394511148,2
1742099,Euro,2025-05-21,1900-01-01 16:44:00,Albânia,Sérvia,1,2,3,2.7,2.8,2.8,2.7,2.7,3.1,2.8,1-2,11.0,2025-05-21 16:52:00,1,16,44,0.5062982527427874,0
1742106,Euro,2025-05-21,1900-01-01 16:47:00,Romênia,França,1,3,4,3.0,2.25,3.0,2.25,3.0,3.6,2.25,1-3,6.5,2025-05-21 16:52:00,1,16,47,0.4473684210526316,0
1742112,Euro,2025-05-21,1900-01-01 16:50:00,Suíça,Portugal,1,2,3,2.7,2.55,2.55,2.7,2.7,3.5,2.55,1-2,7.0,2025-05-21 16:52:00,1,16,50,0.4896080760095012,0
1742123,Euro,2025-05-21,1900-01-01 16:53:00,Alemanha,Ucrânia,4,2,6,2.07,3.5,2.07,3.5,2.07,3.5,3.5,4-2,7.5,2025-05-21 16:52:00,1,16,53,0.5935863874345549,2
1742129,Euro,2025-05-21,1900-01-01 16:56:00,Países Baixos,Áustria,1,5,6,2.37,2.9,2.37,2.9,2.37,3.5,2.9,1-5,7.0,2025-05-21 16:52:00,1,16,56,0.5366340153250652,0
1742135,Euro,2025-05-21,1900-01-01 16:59:00,Polônia,Sérvia,0,3,3,2.7,2.75,2.75,2.7,2.7,3.2,2.75,0-3,10.0,2025-05-21 16:52:00,0,16,59,0.5032173738186205,0
1741862,Euro,2025-05-21,1900-01-01 15:02:00,Romênia,Dinamarca,2,1,3,2.7,2.6,2.6,2.7,2.7,3.4,2.6,2-1,7.5,2025-05-21 16:52:00,1,15,2,0.49321086261980834,2
1741869,Euro,2025-05-21,1900-01-01 15:05:00,Ucrânia,Polônia,2,1,3,2.45,2.9,2.9,2.45,2.45,3.3,2.9,2-1,9.0,2025-05-21 16:52:00,1,15,5,0.5299878836833603,2
1741879,Euro,2025-05-21,1900-01-01 15:08:00,França,Países Baixos,1,3,4,2.15,3.2,2.15,3.2,2.15,3.6,3.2,1-3,6.0,2025-05-21 16:52:00,1,15,8,0.5723029839326702,0
1741885,Euro,2025-05-21,1900-01-01 15:11:00,Eslováquia,Áustria,2,3,5,2.8,2.5,2.8,2.5,2.8,3.4,2.5,2-3,8.0,2025-05-21 16:52:00,1,15,11,0.4796163069544364,0
1741891,Euro,2025-05-21,1900-01-01 15:14:00,Alemanha,Hungria,1,0,1,3.4,2.15,3.4,2.15,2.15,3.5,3.4,1-0,7.5,2025-05-21 16:52:00,0,15,14,0.5818215821956236,2
1741897,Euro,2025-05-21,1900-01-01 15:17:00,Ucrânia,Albânia,2,2,4,2.5,3.0,2.5,3.0,2.5,3.2,3.0,2-2,10.0,2025-05-21 16:52:00,1,15,17,0.5318725099601593,1
1741903,Euro,2025-05-21,1900-01-01 15:20:00,Áustria,Romênia,0,0,0,3.1,2.3,3.1,2.3,2.3,3.5,3.1,0-0,7.5,2025-05-21 16:52:00,0,15,20,0.5537840952746832,1
1741915,Euro,2025-05-21,1900-01-01 15:23:00,Eslovênia,Suíça,1,0,1,2.75,2.62,2.75,2.62,2.62,3.3,2.75,1-0,8.5,2025-05-21 16:52:00,0,15,23,0.5086054721977052,2
1741920,Euro,2025-05-21,1900-01-01 15:26:00,Escócia,Eslováquia,1,1,2,3.2,2.25,3.2,2.25,2.25,3.5,3.2,1-1,7.5,2025-05-21 16:52:00,1,15,26,0.5632730732635584,1
1741926,Euro,2025-05-21,1900-01-01 15:29:00,Itália,Romênia,0,2,2,3.3,2.15,3.3,2.15,2.15,3.5,3.3,0-2,7.5,2025-05-21 16:52:00,0,15,29,0.576901031715705,0
1741932,Euro,2025-05-21,1900-01-01 15:32:00,Espanha,Sérvia,1,2,3,2.25,3.2,3.2,2.25,2.25,3.4,3.2,1-2,7.5,2025-05-21 16:52:00,1,15,32,0.5627671978235522,0
1741939,Euro,2025-05-21,1900-01-01 15:35:00,Turquia,Eslovênia,1,0,1,3.25,2.35,3.25,2.35,2.35,3.1,3.25,1-0,11.0,2025-05-21 16:52:00,0,15,35,0.5558055805580557,2
1741944,Euro,2025-05-21,1900-01-01 15:38:00,Alemanha,Geórgia,1,0,1,4.0,1.9,4.0,1.9,1.9,3.6,4.0,1-0,7.5,2025-05-21 16:52:00,0,15,38,0.6310679611650486,2
1741955,Euro,2025-05-21,1900-01-01 15:41:00,Eslováquia,França,0,2,2,2.15,3.3,2.15,3.3,3.3,3.6,2.15,0-2,7.0,2025-05-21 16:52:00,0,15,41,0.42251544076361597,0
1741960,Euro,2025-05-21,1900-01-01 15:44:00,Albânia,Inglaterra,0,1,1,2.3,3.1,2.3,3.1,3.1,3.4,2.3,0-1,8.5,2025-05-21 16:52:00,0,15,44,0.4466457434287955,0
1741968,Euro,2025-05-21,1900-01-01 15:47:00,Suíça,Escócia,0,0,0,2.9,2.37,2.9,2.37,2.37,3.5,2.9,0-0,7.0,2025-05-21 16:52:00,0,15,47,0.5366340153250652,1
1741973,Euro,2025-05-21,1900-01-01 15:50:00,Portugal,Inglaterra,1,1,2,2.62,2.6,2.62,2.6,2.6,3.5,2.62,1-1,6.5,2025-05-21 16:52:00,1,15,50,0.5013954230125189,1
1741984,Euro,2025-05-21,1900-01-01 15:53:00,Suíça,Sérvia,3,2,5,2.45,2.87,2.45,2.87,2.45,3.4,2.87,3-2,8.0,2025-05-21 16:52:00,1,15,53,0.5284241326459523,2
1741991,Euro,2025-05-21,1900-01-01 15:56:00,República Tcheca,França,1,0,1,2.37,3.0,2.37,3.0,3.0,3.4,2.37,1-0,8.0,2025-05-21 16:52:00,0,15,56,0.45778145695364236,2
1741997,Euro,2025-05-21,1900-01-01 15:59:00,Escócia,Alemanha,0,1,1,2.4,2.87,2.4,2.87,2.87,3.5,2.4,0-1,7.0,2025-05-21 16:52:00,0,15,59,0.4675324675324675,0
1741723,Euro,2025-05-21,1900-01-01 14:02:00,Bélgica,Países Baixos,2,1,3,2.35,2.87,2.87,2.35,2.35,3.6,2.87,2-1,6.5,2025-05-21 16:52:00,1,14,2,0.5366534176570791,2
1741728,Euro,2025-05-21,1900-01-01 14:05:00,Eslováquia,Itália,1,0,1,2.37,3.0,2.37,3.0,3.0,3.4,2.37,1-0,8.0,2025-05-21 16:52:00,0,14,5,0.45778145695364236,2
1741736,Euro,2025-05-21,1900-01-01 14:08:00,Espanha,Bélgica,0,1,1,2.87,2.37,2.87,2.37,2.37,3.6,2.87,0-1,6.5,2025-05-21 16:52:00,0,14,8,0.5350659824903861,0
1741747,Euro,2025-05-21,1900-01-01 14:11:00,Sérvia,Portugal,1,0,1,2.62,2.7,2.62,2.7,2.7,3.3,2.62,1-0,8.5,2025-05-21 16:52:00,0,14,11,0.49464068209500606,2
1741752,Euro,2025-05-21,1900-01-01 14:14:00,Itália,Países Baixos,2,4,6,2.37,2.9,2.37,2.9,2.37,3.5,2.9,2-4,7.0,2025-05-21 16:52:00,1,14,14,0.5366340153250652,0
1741758,Euro,2025-05-21,1900-01-01 14:17:00,República Tcheca,Bélgica,0,1,1,2.62,2.7,2.62,2.7,2.7,3.3,2.62,0-1,8.5,2025-05-21 16:52:00,0,14,17,0.49464068209500606,0
1741764,Euro,2025-05-21,1900-01-01 14:20:00,Geórgia,Inglaterra,2,1,3,3.4,2.1,2.1,3.4,3.4,3.5,2.1,2-1,7.0,2025-05-21 16:52:00,1,14,20,0.41379310344827597,2
1741770,Euro,2025-05-21,1900-01-01 14:23:00,Eslovênia,Escócia,3,1,4,2.55,2.87,2.55,2.87,2.55,3.25,2.87,3-1,9.0,2025-05-21 16:52:00,1,14,23,0.520855475565003,2
1741782,Euro,2025-05-21,1900-01-01 14:26:00,França,Alemanha,2,0,2,2.87,2.37,2.87,2.37,2.37,3.6,2.87,2-0,6.5,2025-05-21 16:52:00,0,14,26,0.5350659824903861,2
1741787,Euro,2025-05-21,1900-01-01 14:29:00,Áustria,Ucrânia,1,0,1,3.1,2.3,3.1,2.3,2.3,3.4,3.1,1-0,8.0,2025-05-21 16:52:00,0,14,29,0.5533542565712045,2
1741794,Euro,2025-05-21,1900-01-01 14:32:00,Portugal,Hungria,2,1,3,2.2,3.3,3.3,2.2,2.2,3.4,3.3,2-1,8.0,2025-05-21 16:52:00,1,14,32,0.5720338983050847,2
1741799,Euro,2025-05-21,1900-01-01 14:35:00,Ucrânia,Bélgica,0,2,2,2.5,2.8,2.5,2.8,2.8,3.5,2.5,0-2,7.0,2025-05-21 16:52:00,0,14,35,0.47945205479452063,0
1741810,Euro,2025-05-21,1900-01-01 14:38:00,França,Geórgia,0,0,0,4.2,1.86,4.2,1.86,1.86,3.6,4.2,0-0,7.5,2025-05-21 16:52:00,0,14,38,0.6421628189550425,1
1741815,Euro,2025-05-21,1900-01-01 14:41:00,Escócia,Portugal,1,2,3,2.8,2.5,2.5,2.8,2.8,3.5,2.5,1-2,7.5,2025-05-21 16:52:00,1,14,41,0.47945205479452063,0
1741821,Euro,2025-05-21,1900-01-01 14:44:00,Suíça,Polônia,1,1,2,3.1,2.3,3.1,2.3,2.3,3.4,3.1,1-1,8.0,2025-05-21 16:52:00,1,14,44,0.5533542565712045,1
1741827,Euro,2025-05-21,1900-01-01 14:47:00,Portugal,Croácia,0,2,2,3.0,2.3,3.0,2.3,2.3,3.5,3.0,0-2,7.5,2025-05-21 16:52:00,0,14,47,0.5481335952848724,0
1741833,Euro,2025-05-21,1900-01-01 14:50:00,Eslováquia,Inglaterra,0,3,3,3.3,2.15,2.15,3.3,3.3,3.6,2.15,0-3,7.0,2025-05-21 16:52:00,0,14,50,0.42251544076361597,0
1741844,Euro,2025-05-21,1900-01-01 14:53:00,Romênia,Croácia,5,0,5,2.7,2.55,2.7,2.55,2.7,3.5,2.55,5-0,7.0,2025-05-21 16:52:00,0,14,53,0.4896080760095012,2
1741850,Euro,2025-05-21,1900-01-01 14:56:00,Bélgica,Escócia,2,0,2,3.1,2.25,3.1,2.25,2.25,3.5,3.1,2-0,7.0,2025-05-21 16:52:00,0,14,56,0.5578793774319065,2
1741856,Euro,2025-05-21,1900-01-01 14:59:00,Ucrânia,Portugal,3,3,6,2.9,2.45,2.9,2.45,2.9,3.4,2.45,3-3,7.5,2025-05-21 16:52:00,1,14,59,0.4697568689464321,1
1742561,Copa,2025-05-21,1900-01-01 20:01:00,Senegal,Qatar,2,2,4,2.1,3.6,2.1,3.6,2.1,3.3,3.6,2-2,9.0,2025-05-21 16:51:00,1,20,1,0.5938566552901022,1
1742565,Copa,2025-05-21,1900-01-01 20:04:00,Tunísia,Japão,0,1,1,2.75,2.62,2.75,2.62,2.62,3.3,2.75,0-1,8.5,2025-05-21 16:51:00,0,20,4,0.5086054721977052,0
1742573,Copa,2025-05-21,1900-01-01 20:07:00,Brasil,Inglaterra,1,1,2,2.87,2.37,2.87,2.37,2.37,3.6,2.87,1-1,6.5,2025-05-21 16:51:00,1,20,7,0.5350659824903861,1
1742584,Copa,2025-05-21,1900-01-01 20:10:00,Coreia do Sul,EUA,0,1,1,2.6,2.87,2.6,2.87,2.87,3.2,2.6,0-1,10.0,2025-05-21 16:51:00,0,20,10,0.4826964671953857,0
1742588,Copa,2025-05-21,1900-01-01 20:13:00,Qatar,País de Gales,1,2,3,2.5,2.8,2.8,2.5,2.5,3.3,2.8,1-2,8.5,2025-05-21 16:51:00,1,20,13,0.5202123315639036,0
1742594,Copa,2025-05-21,1900-01-01 20:16:00,EUA,Suíça,2,1,3,2.55,2.87,2.87,2.55,2.55,3.25,2.87,2-1,9.0,2025-05-21 16:51:00,1,20,16,0.520855475565003,2
1742604,Copa,2025-05-21,1900-01-01 20:19:00,Irã,Japão,0,0,0,2.55,2.8,2.55,2.8,2.8,3.4,2.55,0-0,8.0,2025-05-21 16:51:00,0,20,19,0.4832214765100671,1
1742610,Copa,2025-05-21,1900-01-01 20:22:00,Brasil,Qatar,0,1,1,4.33,1.83,4.33,1.83,1.83,3.75,4.33,0-1,7.0,2025-05-21 16:51:00,0,20,22,0.6510931894442671,0
1742614,Copa,2025-05-21,1900-01-01 20:25:00,Espanha,Canadá,4,1,5,1.9,4.0,1.9,4.0,1.9,3.6,4.0,4-1,7.0,2025-05-21 16:51:00,1,20,25,0.6310679611650486,2
1742621,Copa,2025-05-21,1900-01-01 20:28:00,País de Gales,Dinamarca,0,1,1,2.45,2.87,2.45,2.87,2.87,3.4,2.45,0-1,7.5,2025-05-21 16:51:00,0,20,28,0.47157586735404766,0
1742628,Copa,2025-05-21,1900-01-01 20:31:00,Croácia,Japão,1,1,2,3.5,2.2,3.5,2.2,2.2,3.25,3.5,1-1,10.0,2025-05-21 16:51:00,1,20,31,0.5805529075309818,1
1742637,Copa,2025-05-21,1900-01-01 20:34:00,Argentina,Coreia do Sul,0,2,2,4.0,1.9,4.0,1.9,1.9,3.6,4.0,0-2,7.5,2025-05-21 16:51:00,0,20,34,0.6310679611650486,0
1742643,Copa,2025-05-21,1900-01-01 20:37:00,EUA,Uruguai,1,0,1,2.87,2.55,2.87,2.55,2.55,3.25,2.87,1-0,9.0,2025-05-21 16:51:00,0,20,37,0.520855475565003,2
1742652,Copa,2025-05-21,1900-01-01 20:40:00,Tunísia,Costa Rica,1,3,4,2.35,3.0,2.35,3.0,2.35,3.4,3.0,1-3,7.5,2025-05-21 16:51:00,1,20,40,0.5437797147385103,0
1742658,Copa,2025-05-21,1900-01-01 20:43:00,Gana,Argentina,1,1,2,2.2,3.2,2.2,3.2,3.2,3.5,2.2,1-1,7.0,2025-05-21 16:51:00,1,20,43,0.43253662297609874,1
1742664,Copa,2025-05-21,1900-01-01 20:46:00,Inglaterra,Marrocos,3,0,3,1.95,3.8,3.8,1.95,1.95,3.6,3.8,3-0,7.5,2025-05-21 16:51:00,0,20,46,0.6184631803628603,2
1742670,Copa,2025-05-21,1900-01-01 20:49:00,Tunísia,Gana,2,1,3,2.5,2.8,2.8,2.5,2.5,3.4,2.8,2-1,7.5,2025-05-21 16:51:00,1,20,49,0.5203836930455635,2
1742422,Copa,2025-05-21,1900-01-01 19:01:00,Sérvia,Inglaterra,1,1,2,2.4,3.0,2.4,3.0,3.0,3.3,2.4,1-1,8.5,2025-05-21 16:51:00,1,19,1,0.460431654676259,1
1742426,Copa,2025-05-21,1900-01-01 19:04:00,Arábia Saudita,Equador,2,1,3,2.8,2.4,2.4,2.8,2.8,3.5,2.4,2-1,7.0,2025-05-21 16:51:00,1,19,4,0.47191011235955055,2
1742432,Copa,2025-05-21,1900-01-01 19:07:00,Argentina,Espanha,0,2,2,2.8,2.45,2.8,2.45,2.45,3.5,2.8,0-2,6.5,2025-05-21 16:51:00,0,19,7,0.5242718446601942,0
1742438,Copa,2025-05-21,1900-01-01 19:10:00,Senegal,Dinamarca,1,0,1,2.8,2.55,2.8,2.55,2.55,3.3,2.8,1-0,8.5,2025-05-21 16:51:00,0,19,10,0.5166364186327888,2
1742451,Copa,2025-05-21,1900-01-01 19:13:00,França,Camarões,1,1,2,4.2,1.85,4.2,1.85,1.85,3.75,4.2,1-1,6.5,2025-05-21 16:51:00,1,19,13,0.6446688007879832,1
1742457,Copa,2025-05-21,1900-01-01 19:16:00,Austrália,Brasil,0,2,2,2.02,3.5,2.02,3.5,3.5,3.75,2.02,0-2,6.5,2025-05-21 16:51:00,0,19,16,0.4000720201656463,0
1742462,Copa,2025-05-21,1900-01-01 19:19:00,Marrocos,Senegal,0,1,1,2.62,2.75,2.62,2.75,2.75,3.25,2.62,0-1,9.0,2025-05-21 16:51:00,0,19,19,0.49143262698975976,0
1742469,Copa,2025-05-21,1900-01-01 19:22:00,Croácia,Gana,2,0,2,3.5,2.1,3.5,2.1,2.1,3.4,3.5,2-0,8.5,2025-05-21 16:51:00,0,19,22,0.590185676392573,2
1742473,Copa,2025-05-21,1900-01-01 19:25:00,Argentina,Polônia,0,0,0,3.4,2.1,3.4,2.1,2.1,3.5,3.4,0-0,7.5,2025-05-21 16:51:00,0,19,25,0.5862068965517242,1
1742479,Copa,2025-05-21,1900-01-01 19:28:00,EUA,País de Gales,3,2,5,2.25,3.4,2.25,3.4,2.25,3.2,3.4,3-2,10.0,2025-05-21 16:51:00,1,19,28,0.5715118538670811,2
1742492,Copa,2025-05-21,1900-01-01 19:31:00,Austrália,Suíça,0,2,2,2.4,2.87,2.4,2.87,2.87,3.5,2.4,0-2,7.0,2025-05-21 16:51:00,0,19,31,0.4675324675324675,0
1742496,Copa,2025-05-21,1900-01-01 19:34:00,França,Costa Rica,1,2,3,1.8,4.33,4.33,1.8,1.8,3.75,4.33,1-2,7.0,2025-05-21 16:51:00,1,19,34,0.6541104234686419,0
1742502,Copa,2025-05-21,1900-01-01 19:37:00,Arábia Saudita,Países Baixos,1,1,2,2.15,3.3,2.15,3.3,3.3,3.6,2.15,1-1,7.0,2025-05-21 16:51:00,1,19,37,0.42251544076361597,1
1742511,Copa,2025-05-21,1900-01-01 19:40:00,México,Japão,0,2,2,3.2,2.3,3.2,2.3,2.3,3.3,3.2,0-2,9.0,2025-05-21 16:51:00,0,19,40,0.5582124656997256,0
1742517,Copa,2025-05-21,1900-01-01 19:43:00,Senegal,Austrália,0,1,1,3.6,2.1,3.6,2.1,2.1,3.4,3.6,0-1,8.5,2025-05-21 16:51:00,0,19,43,0.5946547884187083,0
1742525,Copa,2025-05-21,1900-01-01 19:46:00,Suíça,Equador,0,2,2,3.1,2.3,3.1,2.3,2.3,3.5,3.1,0-2,7.5,2025-05-21 16:51:00,0,19,46,0.5537840952746832,0
1742529,Copa,2025-05-21,1900-01-01 19:49:00,Sérvia,Senegal,1,0,1,2.9,2.6,2.9,2.6,2.6,3.1,2.9,1-0,11.0,2025-05-21 16:51:00,0,19,49,0.5189101260675071,2
1742535,Copa,2025-05-21,1900-01-01 19:52:00,Dinamarca,Japão,0,3,3,2.2,3.3,3.3,2.2,2.2,3.4,3.3,0-3,8.0,2025-05-21 16:51:00,0,19,52,0.5720338983050847,0
1742548,Copa,2025-05-21,1900-01-01 19:55:00,Senegal,Canadá,3,0,3,2.1,3.6,3.6,2.1,2.1,3.3,3.6,3-0,9.0,2025-05-21 16:51:00,0,19,55,0.5938566552901022,2
1742553,Copa,2025-05-21,1900-01-01 19:58:00,Brasil,Austrália,2,2,4,1.83,4.2,1.83,4.2,1.83,3.8,4.2,2-2,6.5,2025-05-21 16:51:00,1,19,58,0.647156862745098,1
1742280,Copa,2025-05-21,1900-01-01 18:01:00,País de Gales,Arábia Saudita,0,0,0,3.25,2.2,3.25,2.2,2.2,3.5,3.25,0-0,7.5,2025-05-21 16:51:00,0,18,1,0.5700667302192565,1
1742286,Copa,2025-05-21,1900-01-01 18:04:00,Japão,Croácia,1,2,3,2.87,2.6,2.6,2.87,2.87,3.2,2.6,1-2,10.0,2025-05-21 16:51:00,1,18,4,0.4826964671953857,0
1742292,Copa,2025-05-21,1900-01-01 18:07:00,Portugal,Irã,0,3,3,1.9,4.0,4.0,1.9,1.9,3.75,4.0,0-3,6.5,2025-05-21 16:51:00,0,18,7,0.6324642556770395,0
1742298,Copa,2025-05-21,1900-01-01 18:10:00,Qatar,Dinamarca,2,0,2,2.35,3.0,2.35,3.0,3.0,3.5,2.35,2-0,7.0,2025-05-21 16:51:00,0,18,10,0.4558680892337536,2
1742313,Copa,2025-05-21,1900-01-01 18:13:00,Alemanha,Sérvia,0,2,2,3.4,2.2,3.4,2.2,2.2,3.3,3.4,0-2,9.0,2025-05-21 16:51:00,0,18,13,0.576271186440678,0
1742315,Copa,2025-05-21,1900-01-01 18:16:00,Japão,Países Baixos,2,2,4,2.9,2.45,2.9,2.45,2.9,3.3,2.45,2-2,8.5,2025-05-21 16:51:00,1,18,16,0.47001211631663975,1
1742321,Copa,2025-05-21,1900-01-01 18:19:00,País de Gales,Austrália,1,1,2,3.0,2.35,3.0,2.35,2.35,3.4,3.0,1-1,7.5,2025-05-21 16:51:00,1,18,19,0.5437797147385103,1
1742332,Copa,2025-05-21,1900-01-01 18:22:00,Marrocos,Qatar,1,2,3,2.3,3.1,3.1,2.3,2.3,3.4,3.1,1-2,8.0,2025-05-21 16:51:00,1,18,22,0.5533542565712045,0
1742336,Copa,2025-05-21,1900-01-01 18:25:00,Suíça,Gana,2,2,4,2.15,3.3,2.15,3.3,2.15,3.5,3.3,2-2,7.5,2025-05-21 16:51:00,1,18,25,0.576901031715705,1
1742341,Copa,2025-05-21,1900-01-01 18:28:00,França,Argentina,2,4,6,2.37,2.9,2.37,2.9,2.37,3.5,2.9,2-4,7.0,2025-05-21 16:51:00,1,18,28,0.5366340153250652,0
1742351,Copa,2025-05-21,1900-01-01 18:31:00,México,EUA,1,3,4,2.5,3.0,2.5,3.0,2.5,3.2,3.0,1-3,10.0,2025-05-21 16:51:00,1,18,31,0.5318725099601593,0
1742356,Copa,2025-05-21,1900-01-01 18:34:00,Qatar,Inglaterra,0,2,2,2.1,3.4,2.1,3.4,3.4,3.5,2.1,0-2,7.0,2025-05-21 16:51:00,0,18,34,0.41379310344827597,0
1742367,Copa,2025-05-21,1900-01-01 18:37:00,Arábia Saudita,Espanha,1,2,3,3.5,2.02,2.02,3.5,3.5,3.75,2.02,1-2,6.5,2025-05-21 16:51:00,1,18,37,0.4000720201656463,0
1742374,Copa,2025-05-21,1900-01-01 18:40:00,Croácia,Países Baixos,0,1,1,2.8,2.55,2.8,2.55,2.55,3.3,2.8,0-1,8.5,2025-05-21 16:51:00,0,18,40,0.5166364186327888,0
1742380,Copa,2025-05-21,1900-01-01 18:43:00,Argentina,México,0,3,3,2.1,3.4,3.4,2.1,2.1,3.5,3.4,0-3,7.5,2025-05-21 16:51:00,0,18,43,0.5862068965517242,0
1742384,Copa,2025-05-21,1900-01-01 18:46:00,Austrália,Qatar,1,1,2,2.87,2.4,2.87,2.4,2.4,3.5,2.87,1-1,7.0,2025-05-21 16:51:00,1,18,46,0.5324675324675325,1
1742390,Copa,2025-05-21,1900-01-01 18:49:00,Camarões,Bélgica,0,1,1,2.2,3.2,2.2,3.2,3.2,3.5,2.2,0-1,7.0,2025-05-21 16:51:00,0,18,49,0.43253662297609874,0
1742398,Copa,2025-05-21,1900-01-01 18:52:00,Gana,Canadá,1,3,4,2.35,3.0,2.35,3.0,2.35,3.4,3.0,1-3,7.5,2025-05-21 16:51:00,1,18,52,0.5437797147385103,0
1742402,Copa,2025-05-21,1900-01-01 18:55:00,Bélgica,País de Gales,1,0,1,3.8,2.0,3.8,2.0,2.0,3.4,3.8,1-0,8.5,2025-05-21 16:51:00,0,18,55,0.6120058565153734,2
1742416,Copa,2025-05-21,1900-01-01 18:58:00,Países Baixos,Senegal,0,0,0,3.1,2.35,3.1,2.35,2.35,3.3,3.1,0-0,9.0,2025-05-21 16:51:00,0,18,58,0.5489711119905025,1
1742138,Copa,2025-05-21,1900-01-01 17:01:00,Qatar,Coreia do Sul,1,0,1,2.9,2.45,2.9,2.45,2.45,3.4,2.9,1-0,8.0,2025-05-21 16:51:00,0,17,1,0.5302431310535678,2
1742144,Copa,2025-05-21,1900-01-01 17:04:00,Suíça,Japão,1,0,1,3.25,2.25,3.25,2.25,2.25,3.4,3.25,1-0,8.5,2025-05-21 16:51:00,0,17,4,0.5653531955790485,2
1742150,Copa,2025-05-21,1900-01-01 17:07:00,Qatar,Alemanha,1,0,1,2.2,3.2,2.2,3.2,3.2,3.5,2.2,1-0,7.0,2025-05-21 16:51:00,0,17,7,0.43253662297609874,2
1742163,Copa,2025-05-21,1900-01-01 17:10:00,País de Gales,Bélgica,1,1,2,2.3,3.1,2.3,3.1,3.1,3.4,2.3,1-1,8.5,2025-05-21 16:51:00,1,17,10,0.4466457434287955,1
1742168,Copa,2025-05-21,1900-01-01 17:13:00,Polônia,Espanha,0,0,0,2.4,2.87,2.4,2.87,2.87,3.5,2.4,0-0,7.0,2025-05-21 16:51:00,0,17,13,0.4675324675324675,1
1742174,Copa,2025-05-21,1900-01-01 17:16:00,Uruguai,Arábia Saudita,1,1,2,3.75,2.0,3.75,2.0,2.0,3.6,3.75,1-1,7.0,2025-05-21 16:51:00,1,17,16,0.6117021276595744,1
1742179,Copa,2025-05-21,1900-01-01 17:19:00,França,Inglaterra,1,0,1,2.8,2.45,2.8,2.45,2.45,3.5,2.8,1-0,7.0,2025-05-21 16:51:00,0,17,19,0.5242718446601942,2
1742188,Copa,2025-05-21,1900-01-01 17:22:00,Marrocos,Croácia,0,2,2,2.55,2.8,2.55,2.8,2.8,3.3,2.55,0-2,8.5,2025-05-21 16:51:00,0,17,22,0.4833635813672111,0
1742198,Copa,2025-05-21,1900-01-01 17:25:00,Austrália,Senegal,1,0,1,2.45,2.9,2.45,2.9,2.9,3.3,2.45,1-0,8.5,2025-05-21 16:51:00,0,17,25,0.47001211631663975,2
1742202,Copa,2025-05-21,1900-01-01 17:28:00,Canadá,Irã,1,2,3,2.25,3.1,3.1,2.25,2.25,3.5,3.1,1-2,7.0,2025-05-21 16:51:00,1,17,28,0.5578793774319065,0
1742209,Copa,2025-05-21,1900-01-01 17:31:00,Gana,Austrália,2,2,4,2.35,2.9,2.35,2.9,2.35,3.5,2.9,2-2,7.0,2025-05-21 16:51:00,1,17,31,0.5382096069868996,1
1742220,Copa,2025-05-21,1900-01-01 17:34:00,Canadá,Polônia,0,1,1,2.55,2.8,2.55,2.8,2.8,3.4,2.55,0-1,8.0,2025-05-21 16:51:00,0,17,34,0.4832214765100671,0
1742224,Copa,2025-05-21,1900-01-01 17:37:00,Irã,Camarões,1,4,5,2.55,2.62,2.55,2.62,2.55,3.6,2.62,1-4,6.5,2025-05-21 16:51:00,1,17,37,0.50498161546673,0
1742230,Copa,2025-05-21,1900-01-01 17:40:00,Uruguai,Polônia,1,2,3,2.37,3.0,3.0,2.37,2.37,3.4,3.0,1-2,7.5,2025-05-21 16:51:00,1,17,40,0.5422185430463576,0
1742236,Copa,2025-05-21,1900-01-01 17:43:00,Inglaterra,Qatar,0,0,0,4.2,1.85,4.2,1.85,1.85,3.6,4.2,0-0,7.5,2025-05-21 16:51:00,0,17,43,0.6431472081218275,1
1742243,Copa,2025-05-21,1900-01-01 17:46:00,Polônia,Croácia,3,1,4,2.62,2.7,2.62,2.7,2.62,3.3,2.7,3-1,9.0,2025-05-21 16:51:00,1,17,46,0.5053593179049939,2
1742255,Copa,2025-05-21,1900-01-01 17:49:00,Uruguai,Argentina,1,2,3,2.8,2.5,2.5,2.8,2.8,3.5,2.5,1-2,7.5,2025-05-21 16:51:00,1,17,49,0.47945205479452063,0
1742259,Copa,2025-05-21,1900-01-01 17:52:00,México,Espanha,2,2,4,2.87,2.4,2.87,2.4,2.87,3.5,2.4,2-2,7.0,2025-05-21 16:51:00,1,17,52,0.4675324675324675,1
1742265,Copa,2025-05-21,1900-01-01 17:55:00,Alemanha,Coreia do Sul,0,2,2,3.8,1.95,3.8,1.95,1.95,3.6,3.8,0-2,7.5,2025-05-21 16:51:00,0,17,55,0.6184631803628603,0
1742271,Copa,2025-05-21,1900-01-01 17:58:00,Espanha,Tunísia,2,1,3,1.9,4.0,4.0,1.9,1.9,3.6,4.0,2-1,7.0,2025-05-21 16:51:00,1,17,58,0.6310679611650486,2
1742001,Copa,2025-05-21,1900-01-01 16:01:00,Irã,Canadá,0,3,3,2.6,2.7,2.7,2.6,2.6,3.5,2.7,0-3,7.0,2025-05-21 16:51:00,0,16,1,0.5068439577630035,0
1742009,Copa,2025-05-21,1900-01-01 16:04:00,França,Bélgica,5,2,7,2.3,3.0,2.3,3.0,2.3,3.5,3.0,5-2,7.5,2025-05-21 16:51:00,1,16,4,0.5481335952848724,2
1742013,Copa,2025-05-21,1900-01-01 16:07:00,País de Gales,Sérvia,0,0,0,2.7,2.75,2.7,2.75,2.75,3.2,2.7,0-0,10.0,2025-05-21 16:51:00,0,16,7,0.49678262618137947,1
1742019,Copa,2025-05-21,1900-01-01 16:10:00,Dinamarca,Bélgica,1,0,1,2.62,2.62,2.62,2.62,2.62,3.5,2.62,1-0,7.5,2025-05-21 16:51:00,0,16,10,0.5,2
1742024,Copa,2025-05-21,1900-01-01 16:13:00,Espanha,Qatar,1,1,2,4.0,1.9,4.0,1.9,1.9,3.6,4.0,1-1,7.0,2025-05-21 16:51:00,1,16,13,0.6310679611650486,1
1742038,Copa,2025-05-21,1900-01-01 16:16:00,Uruguai,Inglaterra,3,2,5,2.87,2.4,2.87,2.4,2.87,3.5,2.4,3-2,7.0,2025-05-21 16:51:00,1,16,16,0.4675324675324675,2
1742041,Copa,2025-05-21,1900-01-01 16:19:00,Equador,Arábia Saudita,2,1,3,2.1,3.4,3.4,2.1,2.1,3.6,3.4,2-1,7.0,2025-05-21 16:51:00,1,16,19,0.5868596881959911,2
1742051,Copa,2025-05-21,1900-01-01 16:22:00,Uruguai,Qatar,0,1,1,3.5,2.1,3.5,2.1,2.1,3.5,3.5,0-1,7.5,2025-05-21 16:51:00,0,16,22,0.590909090909091,0
1742057,Copa,2025-05-21,1900-01-01 16:25:00,Tunísia,Alemanha,2,0,2,2.2,3.2,2.2,3.2,3.2,3.5,2.2,2-0,7.0,2025-05-21 16:51:00,0,16,25,0.43253662297609874,2
1742063,Copa,2025-05-21,1900-01-01 16:28:00,EUA,Polônia,1,0,1,3.0,2.45,3.0,2.45,2.45,3.2,3.0,1-0,10.0,2025-05-21 16:51:00,0,16,28,0.5354981847519161,2
1742069,Copa,2025-05-21,1900-01-01 16:31:00,Equador,Espanha,0,0,0,2.35,2.9,2.35,2.9,2.9,3.6,2.35,0-0,6.5,2025-05-21 16:51:00,0,16,31,0.46150106941473845,1
1742075,Copa,2025-05-21,1900-01-01 16:34:00,Irã,Uruguai,3,2,5,3.0,2.3,3.0,2.3,3.0,3.5,2.3,3-2,7.0,2025-05-21 16:51:00,1,16,34,0.4518664047151276,2
1742081,Copa,2025-05-21,1900-01-01 16:37:00,Costa Rica,Gana,2,1,3,2.6,2.7,2.7,2.6,2.6,3.5,2.7,2-1,7.0,2025-05-21 16:51:00,1,16,37,0.5068439577630035,2
1742091,Copa,2025-05-21,1900-01-01 16:40:00,Dinamarca,Países Baixos,1,1,2,2.75,2.5,2.75,2.5,2.5,3.5,2.75,1-1,7.0,2025-05-21 16:51:00,1,16,40,0.5173267326732675,1
1742097,Copa,2025-05-21,1900-01-01 16:43:00,Portugal,Sérvia,3,3,6,2.25,3.25,2.25,3.25,2.25,3.4,3.25,3-3,8.5,2025-05-21 16:51:00,1,16,43,0.5653531955790485,1
1742105,Copa,2025-05-21,1900-01-01 16:46:00,Canadá,Equador,1,2,3,2.7,2.6,2.6,2.7,2.7,3.4,2.6,1-2,7.5,2025-05-21 16:51:00,1,16,46,0.49321086261980834,0
1742109,Copa,2025-05-21,1900-01-01 16:49:00,França,Espanha,3,1,4,2.37,2.87,2.37,2.87,2.37,3.6,2.87,3-1,6.5,2025-05-21 16:51:00,1,16,49,0.5350659824903861,2
1742115,Copa,2025-05-21,1900-01-01 16:52:00,Camarões,Marrocos,1,0,1,2.7,2.6,2.7,2.6,2.6,3.5,2.7,1-0,7.0,2025-05-21 16:51:00,0,16,52,0.5068439577630035,2
1742128,Copa,2025-05-21,1900-01-01 16:55:00,Costa Rica,Canadá,3,3,6,2.5,2.8,2.5,2.8,2.5,3.4,2.8,3-3,7.5,2025-05-21 16:51:00,1,16,55,0.5203836930455635,1
1742134,Copa,2025-05-21,1900-01-01 16:58:00,Japão,Bélgica,0,0,0,2.4,3.0,2.4,3.0,3.0,3.3,2.4,0-0,8.5,2025-05-21 16:51:00,0,16,58,0.460431654676259,1
1741859,Copa,2025-05-21,1900-01-01 15:01:00,Croácia,Sérvia,1,1,2,3.25,2.35,3.25,2.35,2.35,3.1,3.25,1-1,11.0,2025-05-21 16:51:00,1,15,1,0.5558055805580557,1
1741865,Copa,2025-05-21,1900-01-01 15:04:00,Países Baixos,Japão,0,0,0,3.5,2.1,3.5,2.1,2.1,3.4,3.5,0-0,8.5,2025-05-21 16:51:00,0,15,4,0.590185676392573,1
1741878,Copa,2025-05-21,1900-01-01 15:07:00,França,País de Gales,1,1,2,4.0,1.9,4.0,1.9,1.9,3.6,4.0,1-1,7.5,2025-05-21 16:51:00,1,15,7,0.6310679611650486,1
1741882,Copa,2025-05-21,1900-01-01 15:10:00,Gana,Senegal,0,2,2,2.55,2.8,2.55,2.8,2.8,3.3,2.55,0-2,8.5,2025-05-21 16:51:00,0,15,10,0.4833635813672111,0
1741890,Copa,2025-05-21,1900-01-01 15:13:00,EUA,Dinamarca,2,1,3,2.62,2.75,2.75,2.62,2.62,3.3,2.75,2-1,8.5,2025-05-21 16:51:00,1,15,13,0.5086054721977052,2
1741893,Copa,2025-05-21,1900-01-01 15:16:00,Uruguai,Costa Rica,1,0,1,3.6,2.05,3.6,2.05,2.05,3.5,3.6,1-0,7.5,2025-05-21 16:51:00,0,15,16,0.5998895231080832,2
1741900,Copa,2025-05-21,1900-01-01 15:19:00,Suíça,Países Baixos,1,2,3,2.6,2.62,2.62,2.6,2.6,3.5,2.62,1-2,7.5,2025-05-21 16:51:00,1,15,19,0.5013954230125189,0
1741906,Copa,2025-05-21,1900-01-01 15:22:00,Sérvia,Canadá,0,1,1,3.5,2.2,3.5,2.2,2.2,3.25,3.5,0-1,10.0,2025-05-21 16:51:00,0,15,22,0.5805529075309818,0
1741917,Copa,2025-05-21,1900-01-01 15:25:00,País de Gales,Coreia do Sul,0,2,2,3.0,2.37,3.0,2.37,2.37,3.4,3.0,0-2,8.5,2025-05-21 16:51:00,0,15,25,0.5422185430463576,0
1741923,Copa,2025-05-21,1900-01-01 15:28:00,Canadá,Tunísia,4,1,5,2.45,2.9,2.45,2.9,2.45,3.4,2.9,4-1,8.0,2025-05-21 16:51:00,1,15,28,0.5302431310535678,2
1741931,Copa,2025-05-21,1900-01-01 15:31:00,Gana,EUA,1,0,1,2.62,2.75,2.62,2.75,2.75,3.25,2.62,1-0,9.0,2025-05-21 16:51:00,0,15,31,0.49143262698975976,2
1741935,Copa,2025-05-21,1900-01-01 15:34:00,Camarões,Qatar,0,0,0,2.87,2.4,2.87,2.4,2.4,3.5,2.87,0-0,7.0,2025-05-21 16:51:00,0,15,34,0.5324675324675325,1
1741943,Copa,2025-05-21,1900-01-01 15:37:00,Dinamarca,EUA,1,0,1,3.1,2.35,3.1,2.35,2.35,3.3,3.1,1-0,9.0,2025-05-21 16:51:00,0,15,37,0.5489711119905025,2
1741952,Copa,2025-05-21,1900-01-01 15:40:00,Espanha,Croácia,0,0,0,3.2,2.25,3.2,2.25,2.25,3.4,3.2,0-0,7.5,2025-05-21 16:51:00,0,15,40,0.5627671978235522,1
1741958,Copa,2025-05-21,1900-01-01 15:43:00,Países Baixos,Suíça,2,1,3,2.3,3.0,3.0,2.3,2.3,3.5,3.0,2-1,7.5,2025-05-21 16:51:00,1,15,43,0.5481335952848724,2
1741965,Copa,2025-05-21,1900-01-01 15:46:00,Equador,Costa Rica,1,1,2,3.3,2.15,3.3,2.15,2.15,3.5,3.3,1-1,7.0,2025-05-21 16:51:00,1,15,46,0.576901031715705,1
1741972,Copa,2025-05-21,1900-01-01 15:49:00,Inglaterra,Coreia do Sul,4,1,5,1.85,4.2,1.85,4.2,1.85,3.6,4.2,4-1,7.5,2025-05-21 16:51:00,1,15,49,0.6431472081218275,2
1741983,Copa,2025-05-21,1900-01-01 15:52:00,País de Gales,Costa Rica,0,0,0,3.1,2.3,3.1,2.3,2.3,3.4,3.1,0-0,8.0,2025-05-21 16:51:00,0,15,52,0.5533542565712045,1
1741986,Copa,2025-05-21,1900-01-01 15:55:00,Portugal,Arábia Saudita,2,0,2,4.0,1.9,4.0,1.9,1.9,3.75,4.0,2-0,6.5,2025-05-21 16:51:00,0,15,55,0.6324642556770395,2
1741996,Copa,2025-05-21,1900-01-01 15:58:00,Senegal,Alemanha,3,3,6,2.7,2.62,2.7,2.62,2.7,3.3,2.62,3-3,8.5,2025-05-21 16:51:00,1,15,58,0.49464068209500606,1
1741720,Copa,2025-05-21,1900-01-01 14:01:00,Croácia,Alemanha,1,3,4,2.62,2.7,2.62,2.7,2.62,3.4,2.7,1-3,8.0,2025-05-21 16:51:00,1,14,1,0.505404975757094,0
1741726,Copa,2025-05-21,1900-01-01 14:04:00,Irã,Qatar,2,0,2,2.7,2.6,2.7,2.6,2.6,3.5,2.7,2-0,7.0,2025-05-21 16:51:00,0,14,4,0.5068439577630035,2
1741731,Copa,2025-05-21,1900-01-01 14:07:00,Tunísia,EUA,1,1,2,2.6,2.87,2.6,2.87,2.87,3.2,2.6,1-1,10.0,2025-05-21 16:51:00,1,14,7,0.4826964671953857,1
1741738,Copa,2025-05-21,1900-01-01 14:10:00,Espanha,Uruguai,2,1,3,2.2,3.2,3.2,2.2,2.2,3.6,3.2,2-1,7.0,2025-05-21 16:51:00,1,14,10,0.56797583081571,2
1741749,Copa,2025-05-21,1900-01-01 14:13:00,Dinamarca,Austrália,4,1,5,2.05,3.5,2.05,3.5,2.05,3.6,3.5,4-1,6.5,2025-05-21 16:51:00,1,14,13,0.5961148959675934,2
1741757,Copa,2025-05-21,1900-01-01 14:16:00,Países Baixos,Qatar,1,0,1,3.75,2.0,3.75,2.0,2.0,3.5,3.75,1-0,7.5,2025-05-21 16:51:00,0,14,16,0.6108597285067873,2
1741761,Copa,2025-05-21,1900-01-01 14:19:00,Espanha,EUA,1,0,1,3.5,2.15,3.5,2.15,2.15,3.4,3.5,1-0,8.5,2025-05-21 16:51:00,0,14,19,0.5858425285206658,2
1741769,Copa,2025-05-21,1900-01-01 14:22:00,Gana,Sérvia,1,1,2,2.62,2.75,2.62,2.75,2.75,3.25,2.62,1-1,9.0,2025-05-21 16:51:00,1,14,22,0.49143262698975976,1
1741773,Copa,2025-05-21,1900-01-01 14:25:00,Japão,Arábia Saudita,2,2,4,2.15,3.4,2.15,3.4,2.15,3.4,3.4,2-2,8.0,2025-05-21 16:51:00,1,14,25,0.5811688311688311,1
1741784,Copa,2025-05-21,1900-01-01 14:28:00,Camarões,México,0,1,1,2.5,2.75,2.5,2.75,2.75,3.5,2.5,0-1,7.0,2025-05-21 16:51:00,0,14,28,0.48267326732673277,0
1741790,Copa,2025-05-21,1900-01-01 14:31:00,Dinamarca,Gana,2,0,2,3.4,2.1,3.4,2.1,2.1,3.6,3.4,2-0,7.0,2025-05-21 16:51:00,0,14,31,0.5868596881959911,2
1741796,Copa,2025-05-21,1900-01-01 14:34:00,Argentina,Austrália,4,1,5,1.9,4.0,1.9,4.0,1.9,3.6,4.0,4-1,7.0,2025-05-21 16:51:00,1,14,34,0.6310679611650486,2
1741802,Copa,2025-05-21,1900-01-01 14:37:00,Sérvia,Espanha,0,1,1,2.45,2.9,2.45,2.9,2.9,3.3,2.45,0-1,8.5,2025-05-21 16:51:00,0,14,37,0.47001211631663975,0
1741812,Copa,2025-05-21,1900-01-01 14:40:00,País de Gales,Portugal,0,1,1,2.35,3.0,2.35,3.0,3.0,3.5,2.35,0-1,7.0,2025-05-21 16:51:00,0,14,40,0.4558680892337536,0
1741820,Copa,2025-05-21,1900-01-01 14:43:00,Senegal,Suíça,0,0,0,2.9,2.45,2.9,2.45,2.45,3.3,2.9,0-0,8.5,2025-05-21 16:51:00,0,14,43,0.5299878836833603,1
1741824,Copa,2025-05-21,1900-01-01 14:46:00,Coreia do Sul,Irã,0,2,2,3.1,2.25,3.1,2.25,2.25,3.5,3.1,0-2,7.0,2025-05-21 16:51:00,0,14,46,0.5578793774319065,0
1741832,Copa,2025-05-21,1900-01-01 14:49:00,Uruguai,Equador,1,1,2,3.1,2.3,3.1,2.3,2.3,3.5,3.1,1-1,7.5,2025-05-21 16:51:00,1,14,49,0.5537840952746832,1
1741836,Copa,2025-05-21,1900-01-01 14:52:00,México,Coreia do Sul,2,3,5,2.15,3.4,2.15,3.4,2.15,3.4,3.4,2-3,8.0,2025-05-21 16:51:00,1,14,52,0.5811688311688311,0
1741847,Copa,2025-05-21,1900-01-01 14:55:00,Canadá,Japão,0,0,0,2.75,2.62,2.75,2.62,2.62,3.3,2.75,0-0,8.5,2025-05-21 16:51:00,0,14,55,0.5086054721977052,1
1741853,Copa,2025-05-21,1900-01-01 14:58:00,Equador,Países Baixos,2,0,2,2.5,2.8,2.5,2.8,2.8,3.5,2.5,2-0,7.0,2025-05-21 16:51:00,0,14,58,0.47945205479452063,2
1742579,Premier,2025-05-21,1900-01-01 20:00:00,Norwich,United,1,1,2,2.1,3.4,2.1,3.4,3.4,3.5,2.1,1-1,7.0,2025-05-21 16:53:00,1,20,0,0.41379310344827597,1
1742580,Premier,2025-05-21,1900-01-01 20:03:00,Leicester,Everton,0,1,1,2.87,2.45,2.87,2.45,2.45,3.5,2.87,0-1,7.0,2025-05-21 16:53:00,0,20,3,0.5286532951289398,0
1742581,Premier,2025-05-21,1900-01-01 20:06:00,Islington,Watford,1,0,1,3.75,2.0,3.75,2.0,2.0,3.5,3.75,1-0,7.5,2025-05-21 16:53:00,0,20,6,0.6108597285067873,2
1742582,Premier,2025-05-21,1900-01-01 20:09:00,West Ham,Newcastle,1,1,2,3.1,2.3,3.1,2.3,2.3,3.4,3.1,1-1,8.0,2025-05-21 16:53:00,1,20,9,0.5533542565712045,1
1742596,Premier,2025-05-21,1900-01-01 20:12:00,Everton,Burnley,0,1,1,3.25,2.15,3.25,2.15,2.15,3.6,3.25,0-1,6.5,2025-05-21 16:53:00,0,20,12,0.5749219562955254,0
1742597,Premier,2025-05-21,1900-01-01 20:15:00,Chelsea,United,1,2,3,2.62,2.62,2.62,2.62,2.62,3.5,2.62,1-2,7.5,2025-05-21 16:53:00,1,20,15,0.5,0
1742630,Premier,2025-05-21,1900-01-01 20:18:00,Palace,Newcastle,0,0,0,2.8,2.4,2.8,2.4,2.4,3.6,2.8,0-0,6.5,2025-05-21 16:53:00,0,20,18,0.5283018867924528,1
1742631,Premier,2025-05-21,1900-01-01 20:21:00,Brentford,City,1,1,2,2.05,3.5,2.05,3.5,3.5,3.6,2.05,1-1,7.0,2025-05-21 16:53:00,1,20,21,0.40388510403240657,1
1742632,Premier,2025-05-21,1900-01-01 20:24:00,Wolverhampton,Tottenham,1,0,1,2.75,2.55,2.75,2.55,2.55,3.4,2.75,1-0,7.5,2025-05-21 16:53:00,0,20,24,0.5135823429541597,2
1742633,Premier,2025-05-21,1900-01-01 20:27:00,Palace,Liverpool,1,1,2,2.35,3.0,2.35,3.0,3.0,3.5,2.35,1-1,7.0,2025-05-21 16:53:00,1,20,27,0.4558680892337536,1
1742634,Premier,2025-05-21,1900-01-01 20:30:00,Watford,United,0,1,1,2.15,3.3,2.15,3.3,3.3,3.5,2.15,0-1,7.5,2025-05-21 16:53:00,0,20,30,0.423098968284295,0
1742645,Premier,2025-05-21,1900-01-01 20:33:00,Everton,Leicester,0,4,4,2.45,2.87,2.45,2.87,2.45,3.5,2.87,0-4,7.5,2025-05-21 16:53:00,0,20,33,0.5286532951289398,0
1742646,Premier,2025-05-21,1900-01-01 20:36:00,Watford,Islington,1,4,5,3.1,2.3,3.1,2.3,3.1,3.5,2.3,1-4,7.5,2025-05-21 16:53:00,1,20,36,0.44621590472531686,0
1742654,Premier,2025-05-21,1900-01-01 20:39:00,Leeds,Leicester,2,2,4,2.55,2.87,2.55,2.87,2.55,3.25,2.87,2-2,9.0,2025-05-21 16:53:00,1,20,39,0.520855475565003,1
1742672,Premier,2025-05-21,1900-01-01 20:42:00,Palace,Aston,2,1,3,2.45,2.9,2.9,2.45,2.45,3.4,2.9,2-1,8.0,2025-05-21 16:53:00,1,20,42,0.5302431310535678,2
1742673,Premier,2025-05-21,1900-01-01 20:45:00,City,Norwich,1,2,3,1.76,4.5,4.5,1.76,1.76,3.8,4.5,1-2,7.0,2025-05-21 16:53:00,1,20,45,0.6641856944619653,0
1742674,Premier,2025-05-21,1900-01-01 20:48:00,Watford,Wolverhampton,1,0,1,2.4,2.8,2.4,2.8,2.8,3.5,2.4,1-0,7.0,2025-05-21 16:53:00,0,20,48,0.47191011235955055,2
1742679,Premier,2025-05-21,1900-01-01 20:51:00,West Ham,Norwich,2,4,6,2.15,3.4,2.15,3.4,2.15,3.4,3.4,2-4,8.5,2025-05-21 16:53:00,1,20,51,0.5811688311688311,0
1742445,Premier,2025-05-21,1900-01-01 19:00:00,Palace,Brighton,3,1,4,2.25,3.0,2.25,3.0,2.25,3.6,3.0,3-1,6.5,2025-05-21 16:53:00,1,19,0,0.5526315789473684,2
1742446,Premier,2025-05-21,1900-01-01 19:03:00,Newcastle,City,0,2,2,2.07,3.4,2.07,3.4,3.4,3.75,2.07,0-2,6.0,2025-05-21 16:53:00,0,19,3,0.4094844013720259,0
1742447,Premier,2025-05-21,1900-01-01 19:06:00,West Ham,Palace,3,0,3,2.3,3.2,3.2,2.3,2.3,3.3,3.2,3-0,8.5,2025-05-21 16:53:00,0,19,6,0.5582124656997256,2
1742448,Premier,2025-05-21,1900-01-01 19:09:00,Watford,Brentford,1,0,1,2.9,2.45,2.9,2.45,2.45,3.4,2.9,1-0,8.0,2025-05-21 16:53:00,0,19,9,0.5302431310535678,2
1742449,Premier,2025-05-21,1900-01-01 19:12:00,Leeds,United,1,1,2,2.4,3.0,2.4,3.0,3.0,3.3,2.4,1-1,8.5,2025-05-21 16:53:00,1,19,12,0.460431654676259,1
1742481,Premier,2025-05-21,1900-01-01 19:15:00,Brighton,Tottenham,1,1,2,2.3,3.1,2.3,3.1,3.1,3.4,2.3,1-1,7.5,2025-05-21 16:53:00,1,19,15,0.4466457434287955,1
1742482,Premier,2025-05-21,1900-01-01 19:18:00,Liverpool,Brentford,1,2,3,2.0,3.75,3.75,2.0,2.0,3.5,3.75,1-2,7.5,2025-05-21 16:53:00,1,19,18,0.6108597285067873,0
1742483,Premier,2025-05-21,1900-01-01 19:21:00,Newcastle,Watford,0,1,1,2.9,2.35,2.9,2.35,2.35,3.5,2.9,0-1,7.0,2025-05-21 16:53:00,0,19,21,0.5382096069868996,0
1742484,Premier,2025-05-21,1900-01-01 19:24:00,City,United,2,1,3,2.3,3.0,3.0,2.3,2.3,3.5,3.0,2-1,7.0,2025-05-21 16:53:00,1,19,24,0.5481335952848724,2
1742485,Premier,2025-05-21,1900-01-01 19:27:00,Norwich,Wolverhampton,1,1,2,2.35,2.9,2.35,2.9,2.9,3.6,2.35,1-1,6.5,2025-05-21 16:53:00,1,19,27,0.46150106941473845,1
1742506,Premier,2025-05-21,1900-01-01 19:30:00,Brentford,Burnley,2,1,3,2.4,2.87,2.87,2.4,2.4,3.5,2.87,2-1,7.0,2025-05-21 16:53:00,1,19,30,0.5324675324675325,2
1742507,Premier,2025-05-21,1900-01-01 19:33:00,Aston,Brighton,1,1,2,3.1,2.25,3.1,2.25,2.25,3.5,3.1,1-1,7.0,2025-05-21 16:53:00,1,19,33,0.5578793774319065,1
1742508,Premier,2025-05-21,1900-01-01 19:36:00,Leeds,Burnley,2,1,3,2.2,3.3,3.3,2.2,2.2,3.4,3.3,2-1,8.5,2025-05-21 16:53:00,1,19,36,0.5720338983050847,2
1742536,Premier,2025-05-21,1900-01-01 19:39:00,Norwich,Southampton,0,1,1,2.55,2.8,2.55,2.8,2.8,3.4,2.55,0-1,8.0,2025-05-21 16:53:00,0,19,39,0.4832214765100671,0
1742537,Premier,2025-05-21,1900-01-01 19:42:00,Burnley,Brighton,1,2,3,2.35,2.9,2.9,2.35,2.35,3.6,2.9,1-2,6.5,2025-05-21 16:53:00,1,19,42,0.5384989305852614,0
1742538,Premier,2025-05-21,1900-01-01 19:45:00,Watford,City,0,2,2,2.05,3.5,2.05,3.5,3.5,3.6,2.05,0-2,7.0,2025-05-21 16:53:00,0,19,45,0.40388510403240657,0
1742539,Premier,2025-05-21,1900-01-01 19:48:00,Norwich,Tottenham,1,2,3,3.1,2.3,2.3,3.1,3.1,3.4,2.3,1-2,8.5,2025-05-21 16:53:00,1,19,48,0.4466457434287955,0
1742540,Premier,2025-05-21,1900-01-01 19:51:00,Leeds,Aston,3,2,5,2.3,3.25,2.3,3.25,2.3,3.25,3.25,3-2,10.0,2025-05-21 16:53:00,1,19,51,0.5605095541401274,2
1742550,Premier,2025-05-21,1900-01-01 19:54:00,Palace,Islington,2,0,2,2.35,3.0,2.35,3.0,3.0,3.5,2.35,2-0,7.0,2025-05-21 16:53:00,0,19,54,0.4558680892337536,2
1742578,Premier,2025-05-21,1900-01-01 19:57:00,Leicester,Watford,0,1,1,3.4,2.15,3.4,2.15,2.15,3.4,3.4,0-1,8.0,2025-05-21 16:53:00,0,19,57,0.5811688311688311,0
1742307,Premier,2025-05-21,1900-01-01 18:00:00,Tottenham,Leeds,1,1,2,3.4,2.25,3.4,2.25,2.25,3.2,3.4,1-1,10.0,2025-05-21 16:53:00,1,18,0,0.5715118538670811,1
1742308,Premier,2025-05-21,1900-01-01 18:03:00,Norwich,Palace,3,0,3,2.6,2.7,2.7,2.6,2.6,3.5,2.7,3-0,7.0,2025-05-21 16:53:00,0,18,3,0.5068439577630035,2
1742309,Premier,2025-05-21,1900-01-01 18:06:00,Tottenham,Brentford,3,0,3,2.05,3.75,3.75,2.05,2.05,3.4,3.75,3-0,9.0,2025-05-21 16:53:00,0,18,6,0.6054455897108456,2
1742310,Premier,2025-05-21,1900-01-01 18:09:00,Watford,Southampton,2,0,2,2.62,2.7,2.62,2.7,2.7,3.3,2.62,2-0,8.5,2025-05-21 16:53:00,0,18,9,0.49464068209500606,2
1742311,Premier,2025-05-21,1900-01-01 18:12:00,Norwich,Everton,2,0,2,2.4,2.8,2.4,2.8,2.8,3.5,2.4,2-0,7.0,2025-05-21 16:53:00,0,18,12,0.47191011235955055,2
1742328,Premier,2025-05-21,1900-01-01 18:15:00,Aston,West Ham,1,3,4,2.62,2.75,2.62,2.75,2.62,3.2,2.75,1-3,10.0,2025-05-21 16:53:00,1,18,15,0.5085284349501824,0
1742329,Premier,2025-05-21,1900-01-01 18:18:00,Chelsea,Southampton,1,1,2,3.3,2.2,3.3,2.2,2.2,3.4,3.3,1-1,8.0,2025-05-21 16:53:00,1,18,18,0.5720338983050847,1
1742330,Premier,2025-05-21,1900-01-01 18:21:00,United,Watford,0,1,1,4.0,1.9,4.0,1.9,1.9,3.6,4.0,0-1,7.5,2025-05-21 16:53:00,0,18,21,0.6310679611650486,0
1742361,Premier,2025-05-21,1900-01-01 18:24:00,Brentford,Palace,0,1,1,2.8,2.5,2.8,2.5,2.5,3.4,2.8,0-1,7.5,2025-05-21 16:53:00,0,18,24,0.5203836930455635,0
1742362,Premier,2025-05-21,1900-01-01 18:27:00,City,Tottenham,1,3,4,2.15,3.4,2.15,3.4,2.15,3.5,3.4,1-3,8.0,2025-05-21 16:53:00,1,18,27,0.5818215821956236,0
1742363,Premier,2025-05-21,1900-01-01 18:30:00,Southampton,Everton,3,0,3,2.5,2.8,2.8,2.5,2.5,3.4,2.8,3-0,7.5,2025-05-21 16:53:00,0,18,30,0.5203836930455635,2
1742364,Premier,2025-05-21,1900-01-01 18:33:00,Norwich,West Ham,2,2,4,2.8,2.55,2.8,2.55,2.8,3.3,2.55,2-2,8.5,2025-05-21 16:53:00,1,18,33,0.4833635813672111,1
1742365,Premier,2025-05-21,1900-01-01 18:36:00,Wolverhampton,Chelsea,0,5,5,2.6,2.62,2.6,2.62,2.6,3.5,2.62,0-5,6.5,2025-05-21 16:53:00,0,18,36,0.5013954230125189,0
1742372,Premier,2025-05-21,1900-01-01 18:39:00,Palace,Everton,2,2,4,2.62,2.55,2.62,2.55,2.62,3.5,2.55,2-2,7.0,2025-05-21 16:53:00,1,18,39,0.49505569906360986,1
1742404,Premier,2025-05-21,1900-01-01 18:42:00,Liverpool,Southampton,0,4,4,2.2,3.3,2.2,3.3,2.2,3.4,3.3,0-4,8.0,2025-05-21 16:53:00,0,18,42,0.5720338983050847,0
1742405,Premier,2025-05-21,1900-01-01 18:45:00,Newcastle,West Ham,1,4,5,2.62,2.7,2.62,2.7,2.62,3.4,2.7,1-4,8.0,2025-05-21 16:53:00,1,18,45,0.505404975757094,0
1742406,Premier,2025-05-21,1900-01-01 18:48:00,Brentford,Leeds,0,3,3,2.75,2.62,2.62,2.75,2.75,3.25,2.62,0-3,9.0,2025-05-21 16:53:00,0,18,48,0.49143262698975976,0
1742407,Premier,2025-05-21,1900-01-01 18:51:00,Southampton,Norwich,1,0,1,3.4,2.15,3.4,2.15,2.15,3.4,3.4,1-0,8.0,2025-05-21 16:53:00,0,18,51,0.5811688311688311,2
1742408,Premier,2025-05-21,1900-01-01 18:54:00,Everton,Islington,3,1,4,2.7,2.55,2.7,2.55,2.7,3.5,2.55,3-1,7.0,2025-05-21 16:53:00,1,18,54,0.4896080760095012,2
1742414,Premier,2025-05-21,1900-01-01 18:57:00,Leicester,Leeds,1,1,2,3.1,2.4,3.1,2.4,2.4,3.25,3.1,1-1,9.0,2025-05-21 16:53:00,1,18,57,0.5449338336954375,1
1742154,Premier,2025-05-21,1900-01-01 17:00:00,Leeds,Everton,0,2,2,2.8,2.5,2.8,2.5,2.5,3.3,2.8,0-2,8.5,2025-05-21 16:53:00,0,17,0,0.5202123315639036,0
1742155,Premier,2025-05-21,1900-01-01 17:03:00,Leicester,Aston,1,0,1,3.25,2.25,3.25,2.25,2.25,3.4,3.25,1-0,8.5,2025-05-21 16:53:00,0,17,3,0.5653531955790485,2
1742156,Premier,2025-05-21,1900-01-01 17:06:00,Brighton,West Ham,0,2,2,2.5,2.8,2.5,2.8,2.8,3.4,2.5,0-2,8.0,2025-05-21 16:53:00,0,17,6,0.4796163069544364,0
1742165,Premier,2025-05-21,1900-01-01 17:09:00,Southampton,Burnley,0,1,1,3.2,2.2,3.2,2.2,2.2,3.5,3.2,0-1,7.5,2025-05-21 16:53:00,0,17,9,0.5674633770239014,0
1742190,Premier,2025-05-21,1900-01-01 17:12:00,Watford,Tottenham,0,1,1,2.4,3.0,2.4,3.0,3.0,3.3,2.4,0-1,8.5,2025-05-21 16:53:00,0,17,12,0.460431654676259,0
1742191,Premier,2025-05-21,1900-01-01 17:15:00,Everton,Wolverhampton,0,1,1,2.7,2.5,2.7,2.5,2.5,3.6,2.7,0-1,6.5,2025-05-21 16:53:00,0,17,15,0.5141342756183745,0
1742192,Premier,2025-05-21,1900-01-01 17:18:00,Leeds,Brighton,3,3,6,2.15,3.4,2.15,3.4,2.15,3.4,3.4,3-3,8.0,2025-05-21 16:53:00,1,17,18,0.5811688311688311,1
1742193,Premier,2025-05-21,1900-01-01 17:21:00,Brentford,Newcastle,1,2,3,2.5,2.75,2.75,2.5,2.5,3.5,2.75,1-2,7.0,2025-05-21 16:53:00,1,17,21,0.5173267326732675,0
1742215,Premier,2025-05-21,1900-01-01 17:24:00,Chelsea,Watford,3,0,3,2.0,3.75,3.75,2.0,2.0,3.5,3.75,3-0,7.5,2025-05-21 16:53:00,0,17,24,0.6108597285067873,2
1742216,Premier,2025-05-21,1900-01-01 17:27:00,West Ham,Wolverhampton,1,1,2,2.7,2.6,2.7,2.6,2.6,3.4,2.7,1-1,8.0,2025-05-21 16:53:00,1,17,27,0.5067891373801916,1
1742217,Premier,2025-05-21,1900-01-01 17:30:00,Aston,Tottenham,1,0,1,2.5,2.9,2.5,2.9,2.9,3.25,2.5,1-0,9.0,2025-05-21 16:53:00,0,17,30,0.47379032258064524,2
1742218,Premier,2025-05-21,1900-01-01 17:33:00,Everton,Newcastle,1,1,2,3.1,2.2,3.1,2.2,2.2,3.6,3.1,1-1,6.5,2025-05-21 16:53:00,1,17,33,0.5625482625482626,1
1742249,Premier,2025-05-21,1900-01-01 17:36:00,City,Burnley,2,1,3,1.83,4.2,4.2,1.83,1.83,3.8,4.2,2-1,6.5,2025-05-21 16:53:00,1,17,36,0.647156862745098,2
1742250,Premier,2025-05-21,1900-01-01 17:39:00,Brentford,Norwich,0,0,0,3.0,2.35,3.0,2.35,2.35,3.4,3.0,0-0,7.5,2025-05-21 16:53:00,0,17,39,0.5437797147385103,1
1742251,Premier,2025-05-21,1900-01-01 17:42:00,Palace,Burnley,1,2,3,2.35,2.9,2.9,2.35,2.35,3.5,2.9,1-2,7.0,2025-05-21 16:53:00,1,17,42,0.5382096069868996,0
1742252,Premier,2025-05-21,1900-01-01 17:45:00,Norwich,Aston,0,2,2,2.7,2.6,2.7,2.6,2.6,3.4,2.7,0-2,8.0,2025-05-21 16:53:00,0,17,45,0.5067891373801916,0
1742253,Premier,2025-05-21,1900-01-01 17:48:00,West Ham,Everton,2,3,5,2.5,2.8,2.5,2.8,2.5,3.3,2.8,2-3,8.5,2025-05-21 16:53:00,1,17,48,0.5202123315639036,0
1742273,Premier,2025-05-21,1900-01-01 17:51:00,Brighton,Norwich,1,2,3,2.4,2.8,2.8,2.4,2.4,3.6,2.8,1-2,6.5,2025-05-21 16:53:00,1,17,51,0.5283018867924528,0
1742274,Premier,2025-05-21,1900-01-01 17:54:00,Palace,City,1,1,2,2.07,3.4,2.07,3.4,3.4,3.6,2.07,1-1,6.5,2025-05-21 16:53:00,1,17,54,0.41043771043771043,1
1742275,Premier,2025-05-21,1900-01-01 17:57:00,Burnley,Everton,1,2,3,2.75,2.5,2.5,2.75,2.75,3.5,2.5,1-2,6.5,2025-05-21 16:53:00,1,17,57,0.48267326732673277,0
1742032,Premier,2025-05-21,1900-01-01 16:03:00,Islington,City,1,1,2,2.45,2.75,2.45,2.75,2.75,3.5,2.45,1-1,6.5,2025-05-21 16:53:00,1,16,3,0.4789473684210527,1
1742033,Premier,2025-05-21,1900-01-01 16:06:00,Leeds,Brentford,0,2,2,3.3,2.25,3.3,2.25,2.25,3.3,3.3,0-2,9.0,2025-05-21 16:53:00,0,16,6,0.5673076923076923,0
1742034,Premier,2025-05-21,1900-01-01 16:09:00,Southampton,Tottenham,0,1,1,2.62,2.75,2.62,2.75,2.75,3.25,2.62,0-1,9.0,2025-05-21 16:53:00,0,16,9,0.49143262698975976,0
1742035,Premier,2025-05-21,1900-01-01 16:12:00,Aston,Liverpool,1,0,1,2.37,3.0,2.37,3.0,3.0,3.4,2.37,1-0,8.0,2025-05-21 16:53:00,0,16,12,0.45778145695364236,2
1742036,Premier,2025-05-21,1900-01-01 16:15:00,Leicester,City,1,0,1,2.25,3.1,2.25,3.1,3.1,3.5,2.25,1-0,7.0,2025-05-21 16:53:00,0,16,15,0.44212062256809337,2
1742043,Premier,2025-05-21,1900-01-01 16:18:00,Southampton,Newcastle,1,2,3,2.3,3.1,3.1,2.3,2.3,3.5,3.1,1-2,7.0,2025-05-21 16:53:00,1,16,18,0.5537840952746832,0
1742059,Premier,2025-05-21,1900-01-01 16:21:00,Tottenham,Burnley,0,1,1,3.6,2.05,3.6,2.05,2.05,3.5,3.6,0-1,8.0,2025-05-21 16:53:00,0,16,21,0.5998895231080832,0
1742060,Premier,2025-05-21,1900-01-01 16:24:00,Leicester,Norwich,0,3,3,2.1,3.5,3.5,2.1,2.1,3.5,3.5,0-3,7.5,2025-05-21 16:53:00,0,16,24,0.590909090909091,0
1742083,Premier,2025-05-21,1900-01-01 16:27:00,West Ham,Islington,2,2,4,2.8,2.55,2.8,2.55,2.8,3.3,2.55,2-2,8.5,2025-05-21 16:53:00,1,16,27,0.4833635813672111,1
1742084,Premier,2025-05-21,1900-01-01 16:30:00,Southampton,City,4,2,6,3.2,2.2,3.2,2.2,3.2,3.5,2.2,4-2,7.0,2025-05-21 16:53:00,1,16,30,0.43253662297609874,2
1742085,Premier,2025-05-21,1900-01-01 16:33:00,Burnley,Liverpool,1,1,2,2.25,3.1,2.25,3.1,3.1,3.5,2.25,1-1,7.0,2025-05-21 16:53:00,1,16,33,0.44212062256809337,1
1742086,Premier,2025-05-21,1900-01-01 16:36:00,Wolverhampton,Everton,2,1,3,2.35,2.9,2.9,2.35,2.35,3.6,2.9,2-1,6.5,2025-05-21 16:53:00,1,16,36,0.5384989305852614,2
1742117,Premier,2025-05-21,1900-01-01 16:39:00,Leicester,Brighton,0,0,0,3.4,2.1,3.4,2.1,2.1,3.6,3.4,0-0,7.0,2025-05-21 16:53:00,0,16,39,0.5868596881959911,1
1742118,Premier,2025-05-21,1900-01-01 16:42:00,Everton,Aston,2,3,5,2.25,3.2,2.25,3.2,2.25,3.5,3.2,2-3,7.5,2025-05-21 16:53:00,1,16,42,0.5632730732635584,0
1742119,Premier,2025-05-21,1900-01-01 16:45:00,Chelsea,City,2,1,3,2.75,2.45,2.45,2.75,2.75,3.5,2.45,2-1,6.5,2025-05-21 16:53:00,1,16,45,0.4789473684210527,2
1742120,Premier,2025-05-21,1900-01-01 16:48:00,Aston,Newcastle,1,1,2,2.87,2.4,2.87,2.4,2.4,3.5,2.87,1-1,7.0,2025-05-21 16:53:00,1,16,48,0.5324675324675325,1
1742121,Premier,2025-05-21,1900-01-01 16:51:00,Everton,Southampton,1,1,2,3.0,2.37,3.0,2.37,2.37,3.4,3.0,1-1,7.5,2025-05-21 16:53:00,1,16,51,0.5422185430463576,1
1742152,Premier,2025-05-21,1900-01-01 16:54:00,Tottenham,Palace,0,1,1,3.5,2.1,3.5,2.1,2.1,3.4,3.5,0-1,8.5,2025-05-21 16:53:00,0,16,54,0.590185676392573,0
1742153,Premier,2025-05-21,1900-01-01 16:57:00,Wolverhampton,Aston,1,1,2,3.3,2.15,3.3,2.15,2.15,3.5,3.3,1-1,7.5,2025-05-21 16:53:00,1,16,57,0.576901031715705,1
1741874,Premier,2025-05-21,1900-01-01 15:00:00,Liverpool,Chelsea,2,0,2,2.8,2.45,2.8,2.45,2.45,3.5,2.8,2-0,7.5,2025-05-21 16:53:00,0,15,0,0.5242718446601942,2
1741875,Premier,2025-05-21,1900-01-01 15:03:00,Burnley,Leicester,1,1,2,2.5,2.75,2.5,2.75,2.75,3.5,2.5,1-1,7.0,2025-05-21 16:53:00,1,15,3,0.48267326732673277,1
1741876,Premier,2025-05-21,1900-01-01 15:06:00,City,Liverpool,3,2,5,2.2,3.2,2.2,3.2,2.2,3.6,3.2,3-2,7.0,2025-05-21 16:53:00,1,15,6,0.56797583081571,2
1741908,Premier,2025-05-21,1900-01-01 15:09:00,Tottenham,Wolverhampton,2,0,2,3.0,2.37,3.0,2.37,2.37,3.4,3.0,2-0,7.5,2025-05-21 16:53:00,0,15,9,0.5422185430463576,2
1741909,Premier,2025-05-21,1900-01-01 15:12:00,United,Chelsea,1,2,3,2.3,3.0,3.0,2.3,2.3,3.5,3.0,1-2,7.5,2025-05-21 16:53:00,1,15,12,0.5481335952848724,0
1741910,Premier,2025-05-21,1900-01-01 15:15:00,Aston,Everton,1,2,3,2.7,2.6,2.6,2.7,2.7,3.4,2.6,1-2,7.5,2025-05-21 16:53:00,1,15,15,0.49321086261980834,0
1741911,Premier,2025-05-21,1900-01-01 15:18:00,Chelsea,Leeds,3,2,5,2.2,3.4,2.2,3.4,2.2,3.3,3.4,3-2,9.0,2025-05-21 16:53:00,1,15,18,0.576271186440678,2
1741912,Premier,2025-05-21,1900-01-01 15:21:00,Leicester,Wolverhampton,1,0,1,2.75,2.5,2.75,2.5,2.5,3.5,2.75,1-0,7.0,2025-05-21 16:53:00,0,15,21,0.5173267326732675,2
1741945,Premier,2025-05-21,1900-01-01 15:24:00,Norwich,Brentford,1,3,4,2.5,2.8,2.5,2.8,2.5,3.4,2.8,1-3,7.5,2025-05-21 16:53:00,1,15,24,0.5203836930455635,0
1741946,Premier,2025-05-21,1900-01-01 15:27:00,Islington,Leicester,0,2,2,3.2,2.25,3.2,2.25,2.25,3.4,3.2,0-2,7.5,2025-05-21 16:53:00,0,15,27,0.5627671978235522,0
1741947,Premier,2025-05-21,1900-01-01 15:30:00,Everton,United,1,4,5,2.87,2.4,2.87,2.4,2.87,3.5,2.4,1-4,7.0,2025-05-21 16:53:00,1,15,30,0.4675324675324675,0
1741948,Premier,2025-05-21,1900-01-01 15:33:00,Watford,Leeds,2,3,5,2.75,2.62,2.75,2.62,2.75,3.25,2.62,2-3,9.0,2025-05-21 16:53:00,1,15,33,0.49143262698975976,0
1741949,Premier,2025-05-21,1900-01-01 15:36:00,Newcastle,Liverpool,0,1,1,2.35,2.9,2.35,2.9,2.9,3.6,2.35,0-1,6.5,2025-05-21 16:53:00,0,15,36,0.46150106941473845,0
1741977,Premier,2025-05-21,1900-01-01 15:39:00,West Ham,Tottenham,1,1,2,2.7,2.75,2.7,2.75,2.75,3.2,2.7,1-1,10.0,2025-05-21 16:53:00,1,15,39,0.49678262618137947,1
1741978,Premier,2025-05-21,1900-01-01 15:42:00,Southampton,Brighton,2,1,3,2.15,3.3,3.3,2.15,2.15,3.5,3.3,2-1,7.0,2025-05-21 16:53:00,1,15,42,0.576901031715705,2
1741979,Premier,2025-05-21,1900-01-01 15:45:00,Leicester,Chelsea,1,1,2,2.6,2.7,2.6,2.7,2.7,3.4,2.6,1-1,7.5,2025-05-21 16:53:00,1,15,45,0.49321086261980834,1
1741980,Premier,2025-05-21,1900-01-01 15:48:00,United,Burnley,1,1,2,4.0,1.9,4.0,1.9,1.9,3.6,4.0,1-1,7.0,2025-05-21 16:53:00,1,15,48,0.6310679611650486,1
1741981,Premier,2025-05-21,1900-01-01 15:51:00,Brentford,Chelsea,1,2,3,3.1,2.3,2.3,3.1,3.1,3.5,2.3,1-2,7.5,2025-05-21 16:53:00,1,15,51,0.44621590472531686,0
1741988,Premier,2025-05-21,1900-01-01 15:54:00,Tottenham,Aston,2,1,3,2.1,3.6,3.6,2.1,2.1,3.3,3.6,2-1,9.0,2025-05-21 16:53:00,1,15,54,0.5938566552901022,2
1741998,Premier,2025-05-21,1900-01-01 15:57:00,Palace,West Ham,1,2,3,2.62,2.75,2.75,2.62,2.62,3.3,2.75,1-2,8.5,2025-05-21 16:53:00,1,15,57,0.5086054721977052,0
1741741,Premier,2025-05-21,1900-01-01 14:00:00,Brentford,Islington,0,4,4,3.1,2.3,3.1,2.3,3.1,3.5,2.3,0-4,7.5,2025-05-21 16:53:00,0,14,0,0.44621590472531686,0
1741742,Premier,2025-05-21,1900-01-01 14:03:00,Leicester,Burnley,1,3,4,2.15,3.3,2.15,3.3,2.15,3.5,3.3,1-3,7.0,2025-05-21 16:53:00,1,14,3,0.576901031715705,0
1741743,Premier,2025-05-21,1900-01-01 14:06:00,Wolverhampton,Brighton,3,2,5,2.05,3.4,2.05,3.4,2.05,3.75,3.4,3-2,6.0,2025-05-21 16:53:00,1,14,6,0.5923561069050443,2
1741744,Premier,2025-05-21,1900-01-01 14:09:00,Southampton,Chelsea,2,0,2,2.5,2.8,2.5,2.8,2.8,3.4,2.5,2-0,8.0,2025-05-21 16:53:00,0,14,9,0.4796163069544364,2
1741775,Premier,2025-05-21,1900-01-01 14:12:00,Brentford,West Ham,1,0,1,2.62,2.75,2.62,2.75,2.75,3.25,2.62,1-0,9.0,2025-05-21 16:53:00,0,14,12,0.49143262698975976,2
1741776,Premier,2025-05-21,1900-01-01 14:15:00,Tottenham,Chelsea,1,0,1,2.8,2.55,2.8,2.55,2.55,3.3,2.8,1-0,8.5,2025-05-21 16:53:00,0,14,15,0.5166364186327888,2
1741777,Premier,2025-05-21,1900-01-01 14:18:00,West Ham,Norwich,2,0,2,3.4,2.15,3.4,2.15,2.15,3.4,3.4,2-0,8.5,2025-05-21 16:53:00,0,14,18,0.5811688311688311,2
1741778,Premier,2025-05-21,1900-01-01 14:21:00,Leeds,Wolverhampton,2,2,4,2.6,2.7,2.6,2.7,2.6,3.4,2.7,2-2,8.0,2025-05-21 16:53:00,1,14,21,0.5067891373801916,1
1741779,Premier,2025-05-21,1900-01-01 14:24:00,Brighton,Newcastle,2,1,3,2.55,2.62,2.62,2.55,2.55,3.6,2.62,2-1,6.0,2025-05-21 16:53:00,1,14,24,0.50498161546673,2
1741804,Premier,2025-05-21,1900-01-01 14:27:00,Islington,Chelsea,1,1,2,2.8,2.45,2.8,2.45,2.45,3.5,2.8,1-1,7.5,2025-05-21 16:53:00,1,14,27,0.5242718446601942,1
1741805,Premier,2025-05-21,1900-01-01 14:30:00,Brentford,Leicester,2,1,3,2.8,2.55,2.55,2.8,2.8,3.4,2.55,2-1,8.0,2025-05-21 16:53:00,1,14,30,0.4832214765100671,2
1741806,Premier,2025-05-21,1900-01-01 14:33:00,City,Chelsea,1,0,1,3.2,2.2,3.2,2.2,2.2,3.6,3.2,1-0,7.0,2025-05-21 16:53:00,0,14,33,0.56797583081571,2
1741807,Premier,2025-05-21,1900-01-01 14:36:00,Newcastle,Leicester,1,1,2,2.55,2.7,2.55,2.7,2.7,3.5,2.55,1-1,7.0,2025-05-21 16:53:00,1,14,36,0.4896080760095012,1
1741837,Premier,2025-05-21,1900-01-01 14:39:00,Aston,Palace,1,2,3,2.45,2.9,2.9,2.45,2.45,3.4,2.9,1-2,8.0,2025-05-21 16:53:00,1,14,39,0.5302431310535678,0
1741838,Premier,2025-05-21,1900-01-01 14:42:00,Burnley,Tottenham,1,2,3,3.0,2.37,2.37,3.0,3.0,3.4,2.37,1-2,8.0,2025-05-21 16:53:00,1,14,42,0.45778145695364236,0
1741839,Premier,2025-05-21,1900-01-01 14:45:00,City,Brighton,2,1,3,1.76,4.33,4.33,1.76,1.76,3.8,4.33,2-1,6.0,2025-05-21 16:53:00,1,14,45,0.6587306747110145,2
1741840,Premier,2025-05-21,1900-01-01 14:48:00,Liverpool,Leeds,0,1,1,3.4,2.2,3.4,2.2,2.2,3.3,3.4,0-1,9.0,2025-05-21 16:53:00,0,14,48,0.576271186440678,0
1741841,Premier,2025-05-21,1900-01-01 14:51:00,Brighton,Leicester,0,0,0,2.4,2.87,2.4,2.87,2.87,3.5,2.4,0-0,7.0,2025-05-21 16:53:00,0,14,51,0.4675324675324675,1
1741872,Premier,2025-05-21,1900-01-01 14:54:00,Tottenham,City,1,1,2,2.45,2.9,2.45,2.9,2.9,3.4,2.45,1-1,7.5,2025-05-21 16:53:00,1,14,54,0.4697568689464321,1
1741873,Premier,2025-05-21,1900-01-01 14:57:00,Islington,Brentford,1,1,2,3.75,2.0,3.75,2.0,2.0,3.5,3.75,1-1,7.5,2025-05-21 16:53:00,1,14,57,0.6108597285067873,1
1742559,Super,2025-05-21,1900-01-01 20:01:00,La Boca,Buenos Aires,1,3,4,2.45,2.87,2.45,2.87,2.45,3.5,2.87,1-3,7.5,2025-05-21 16:51:00,1,20,1,0.5286532951289398,0
1742566,Super,2025-05-21,1900-01-01 20:04:00,Rio de Janeiro,Montevideo,0,0,0,4.0,1.9,4.0,1.9,1.9,3.6,4.0,0-0,7.0,2025-05-21 16:51:00,0,20,4,0.6310679611650486,1
1742571,Super,2025-05-21,1900-01-01 20:07:00,La Plata,Santos,1,2,3,2.5,3.0,3.0,2.5,2.5,3.2,3.0,1-2,10.0,2025-05-21 16:51:00,1,20,7,0.5318725099601593,0
1742577,Super,2025-05-21,1900-01-01 20:10:00,Asuncion,Itaquera,0,1,1,2.37,3.0,2.37,3.0,3.0,3.4,2.37,0-1,8.0,2025-05-21 16:51:00,0,20,10,0.45778145695364236,0
1742589,Super,2025-05-21,1900-01-01 20:13:00,Buenos Aires,Santos,0,0,0,3.0,2.3,3.0,2.3,2.3,3.5,3.0,0-0,7.5,2025-05-21 16:51:00,0,20,13,0.5481335952848724,1
1742595,Super,2025-05-21,1900-01-01 20:16:00,Medellin,La Plata,0,2,2,2.6,2.87,2.6,2.87,2.87,3.2,2.6,0-2,10.0,2025-05-21 16:51:00,0,20,16,0.4826964671953857,0
1742602,Super,2025-05-21,1900-01-01 20:19:00,Buenos Aires,Bogota,2,0,2,3.3,2.2,3.3,2.2,2.2,3.4,3.3,2-0,8.0,2025-05-21 16:51:00,0,20,19,0.5720338983050847,2
1742608,Super,2025-05-21,1900-01-01 20:22:00,Sao Paulo,Quito,3,0,3,2.25,3.1,3.1,2.25,2.25,3.5,3.1,3-0,7.0,2025-05-21 16:51:00,0,20,22,0.5578793774319065,2
1742615,Super,2025-05-21,1900-01-01 20:25:00,Lima,Belo Horizonte,1,2,3,3.8,1.93,1.93,3.8,3.8,3.75,1.93,1-2,6.5,2025-05-21 16:51:00,1,20,25,0.3783460264038999,0
1742622,Super,2025-05-21,1900-01-01 20:28:00,Sao Paulo,Rio de Janeiro,2,3,5,2.75,2.45,2.75,2.45,2.75,3.5,2.45,2-3,6.5,2025-05-21 16:51:00,1,20,28,0.4789473684210527,0
1742626,Super,2025-05-21,1900-01-01 20:31:00,Buenos Aires,Lima,1,0,1,4.0,1.9,4.0,1.9,1.9,3.75,4.0,1-0,6.5,2025-05-21 16:51:00,0,20,31,0.6324642556770395,2
1742638,Super,2025-05-21,1900-01-01 20:34:00,Avellaneda,Santiago,0,0,0,3.4,2.1,3.4,2.1,2.1,3.6,3.4,0-0,7.0,2025-05-21 16:51:00,0,20,34,0.5868596881959911,1
1742644,Super,2025-05-21,1900-01-01 20:37:00,Quito,Lima,0,1,1,3.3,2.15,3.3,2.15,2.15,3.5,3.3,0-1,7.0,2025-05-21 16:51:00,0,20,37,0.576901031715705,0
1742656,Super,2025-05-21,1900-01-01 20:40:00,La Boca,Sao Paulo,1,0,1,3.1,2.3,3.1,2.3,2.3,3.5,3.1,1-0,7.5,2025-05-21 16:51:00,0,20,40,0.5537840952746832,2
1742659,Super,2025-05-21,1900-01-01 20:43:00,Bogota,Quito,4,1,5,2.37,3.1,2.37,3.1,2.37,3.25,3.1,4-1,9.0,2025-05-21 16:51:00,1,20,43,0.5472148699476607,2
1742665,Super,2025-05-21,1900-01-01 20:46:00,Rio de Janeiro,Porto Alegre,0,1,1,3.6,2.15,3.6,2.15,2.15,3.3,3.6,0-1,9.0,2025-05-21 16:51:00,0,20,46,0.5895564289724874,0
1742671,Super,2025-05-21,1900-01-01 20:49:00,Bogota,Penarol,1,3,4,2.4,3.1,2.4,3.1,2.4,3.2,3.1,1-3,10.0,2025-05-21 16:51:00,1,20,49,0.5447284345047924,0
1742420,Super,2025-05-21,1900-01-01 19:01:00,Guayaquil,La Plata,1,1,2,2.62,2.7,2.62,2.7,2.7,3.3,2.62,1-1,8.5,2025-05-21 16:51:00,1,19,1,0.49464068209500606,1
1742427,Super,2025-05-21,1900-01-01 19:04:00,Porto Alegre,Buenos Aires,2,0,2,2.62,2.7,2.62,2.7,2.7,3.3,2.62,2-0,8.5,2025-05-21 16:51:00,0,19,4,0.49464068209500606,2
1742433,Super,2025-05-21,1900-01-01 19:07:00,La Boca,Avellaneda,1,0,1,3.25,2.25,3.25,2.25,2.25,3.4,3.25,1-0,8.5,2025-05-21 16:51:00,0,19,7,0.5653531955790485,2
1742439,Super,2025-05-21,1900-01-01 19:10:00,Rio de Janeiro,Lima,2,1,3,1.8,4.33,4.33,1.8,1.8,3.75,4.33,2-1,7.0,2025-05-21 16:51:00,1,19,10,0.6541104234686419,2
1742444,Super,2025-05-21,1900-01-01 19:13:00,Avellaneda,La Plata,3,2,5,2.55,2.87,2.55,2.87,2.55,3.25,2.87,3-2,9.0,2025-05-21 16:51:00,1,19,13,0.520855475565003,2
1742455,Super,2025-05-21,1900-01-01 19:16:00,Belo Horizonte,Rio de Janeiro,1,1,2,3.0,2.3,3.0,2.3,2.3,3.5,3.0,1-1,7.0,2025-05-21 16:51:00,1,19,16,0.5481335952848724,1
1742463,Super,2025-05-21,1900-01-01 19:19:00,Guayaquil,Bogota,1,1,2,2.8,2.55,2.8,2.55,2.55,3.3,2.8,1-1,8.5,2025-05-21 16:51:00,1,19,19,0.5166364186327888,1
1742467,Super,2025-05-21,1900-01-01 19:22:00,Santos,Medellin,1,1,2,3.4,2.2,3.4,2.2,2.2,3.3,3.4,1-1,9.0,2025-05-21 16:51:00,1,19,22,0.576271186440678,1
1742474,Super,2025-05-21,1900-01-01 19:25:00,La Plata,Santiago,1,0,1,3.6,2.05,3.6,2.05,2.05,3.5,3.6,1-0,8.0,2025-05-21 16:51:00,0,19,25,0.5998895231080832,2
1742480,Super,2025-05-21,1900-01-01 19:28:00,Bogota,Porto Alegre,2,2,4,2.6,2.9,2.6,2.9,2.6,3.1,2.9,2-2,11.0,2025-05-21 16:51:00,1,19,28,0.5189101260675071,1
1742490,Super,2025-05-21,1900-01-01 19:31:00,Santos,Agua Branca,2,1,3,2.7,2.6,2.6,2.7,2.7,3.4,2.6,2-1,7.5,2025-05-21 16:51:00,1,19,31,0.49321086261980834,2
1742497,Super,2025-05-21,1900-01-01 19:34:00,Belo Horizonte,Santiago,2,0,2,4.33,1.76,4.33,1.76,1.76,3.8,4.33,2-0,6.0,2025-05-21 16:51:00,0,19,34,0.6587306747110145,2
1742503,Super,2025-05-21,1900-01-01 19:37:00,Santos,La Boca,1,0,1,2.7,2.62,2.7,2.62,2.62,3.3,2.7,1-0,9.0,2025-05-21 16:51:00,0,19,37,0.5053593179049939,2
1742512,Super,2025-05-21,1900-01-01 19:40:00,Porto Alegre,Bogota,3,0,3,2.4,3.2,3.2,2.4,2.4,3.1,3.2,3-0,11.0,2025-05-21 16:51:00,0,19,40,0.549520766773163,2
1742518,Super,2025-05-21,1900-01-01 19:43:00,La Plata,Sao Paulo,0,0,0,2.9,2.45,2.9,2.45,2.45,3.4,2.9,0-0,8.0,2025-05-21 16:51:00,0,19,43,0.5302431310535678,1
1742523,Super,2025-05-21,1900-01-01 19:46:00,Agua Branca,La Boca,1,1,2,3.0,2.4,3.0,2.4,2.4,3.4,3.0,1-1,7.5,2025-05-21 16:51:00,1,19,46,0.5399061032863849,1
1742530,Super,2025-05-21,1900-01-01 19:49:00,Itaquera,Guayaquil,1,1,2,3.3,2.15,3.3,2.15,2.15,3.5,3.3,1-1,7.5,2025-05-21 16:51:00,1,19,49,0.576901031715705,1
1742542,Super,2025-05-21,1900-01-01 19:52:00,Medellin,Sao Paulo,1,2,3,2.75,2.5,2.5,2.75,2.75,3.5,2.5,1-2,7.0,2025-05-21 16:51:00,1,19,52,0.48267326732673277,0
1742546,Super,2025-05-21,1900-01-01 19:55:00,Penarol,Buenos Aires,1,1,2,2.45,2.87,2.45,2.87,2.87,3.4,2.45,1-1,7.5,2025-05-21 16:51:00,1,19,55,0.47157586735404766,1
1742554,Super,2025-05-21,1900-01-01 19:58:00,Itaquera,Sao Paulo,4,0,4,2.35,2.9,2.35,2.9,2.35,3.5,2.9,4-0,7.0,2025-05-21 16:51:00,0,19,58,0.5382096069868996,2
1742281,Super,2025-05-21,1900-01-01 18:01:00,Penarol,Santos,0,1,1,2.62,2.75,2.62,2.75,2.75,3.25,2.62,0-1,9.0,2025-05-21 16:51:00,0,18,1,0.49143262698975976,0
1742287,Super,2025-05-21,1900-01-01 18:04:00,Bogota,Belo Horizonte,1,1,2,2.25,3.25,2.25,3.25,3.25,3.4,2.25,1-1,8.0,2025-05-21 16:51:00,1,18,4,0.4346468044209515,1
1742293,Super,2025-05-21,1900-01-01 18:07:00,Santiago,Porto Alegre,0,1,1,2.45,2.9,2.45,2.9,2.9,3.3,2.45,0-1,8.5,2025-05-21 16:51:00,0,18,7,0.47001211631663975,0
1742299,Super,2025-05-21,1900-01-01 18:10:00,Asuncion,Sao Paulo,2,2,4,2.8,2.4,2.8,2.4,2.8,3.5,2.4,2-2,7.0,2025-05-21 16:51:00,1,18,10,0.47191011235955055,1
1742304,Super,2025-05-21,1900-01-01 18:13:00,Rio de Janeiro,Belo Horizonte,2,2,4,2.6,2.62,2.6,2.62,2.6,3.5,2.62,2-2,6.5,2025-05-21 16:51:00,1,18,13,0.5013954230125189,1
1742317,Super,2025-05-21,1900-01-01 18:16:00,Itaquera,Avellaneda,1,0,1,3.1,2.3,3.1,2.3,2.3,3.4,3.1,1-0,8.0,2025-05-21 16:51:00,0,18,16,0.5533542565712045,2
1742322,Super,2025-05-21,1900-01-01 18:19:00,Penarol,Agua Branca,1,1,2,2.37,3.0,2.37,3.0,3.0,3.4,2.37,1-1,8.0,2025-05-21 16:51:00,1,18,19,0.45778145695364236,1
1742327,Super,2025-05-21,1900-01-01 18:22:00,Lima,Medellin,2,0,2,2.6,2.7,2.6,2.7,2.7,3.4,2.6,2-0,7.5,2025-05-21 16:51:00,0,18,22,0.49321086261980834,2
1742337,Super,2025-05-21,1900-01-01 18:25:00,Guayaquil,La Boca,0,1,1,2.45,2.9,2.45,2.9,2.9,3.4,2.45,0-1,7.5,2025-05-21 16:51:00,0,18,25,0.4697568689464321,0
1742342,Super,2025-05-21,1900-01-01 18:28:00,Porto Alegre,Santos,1,2,3,2.55,2.9,2.9,2.55,2.55,3.2,2.9,1-2,10.0,2025-05-21 16:51:00,1,18,28,0.5225488222266962,0
1742349,Super,2025-05-21,1900-01-01 18:31:00,Guayaquil,Medellin,2,1,3,2.37,3.0,3.0,2.37,2.37,3.4,3.0,2-1,7.5,2025-05-21 16:51:00,1,18,31,0.5422185430463576,2
1742354,Super,2025-05-21,1900-01-01 18:34:00,Penarol,Lima,1,1,2,3.4,2.15,3.4,2.15,2.15,3.4,3.4,1-1,8.0,2025-05-21 16:51:00,1,18,34,0.5811688311688311,1
1742360,Super,2025-05-21,1900-01-01 18:37:00,Bogota,Avellaneda,1,2,3,2.55,2.87,2.87,2.55,2.55,3.25,2.87,1-2,9.0,2025-05-21 16:51:00,1,18,37,0.520855475565003,0
1742371,Super,2025-05-21,1900-01-01 18:40:00,La Boca,Belo Horizonte,0,2,2,2.5,2.8,2.5,2.8,2.8,3.5,2.5,0-2,7.5,2025-05-21 16:51:00,0,18,40,0.47945205479452063,0
1742378,Super,2025-05-21,1900-01-01 18:43:00,Buenos Aires,Quito,0,0,0,3.4,2.1,3.4,2.1,2.1,3.6,3.4,0-0,7.0,2025-05-21 16:51:00,0,18,43,0.5868596881959911,1
1742385,Super,2025-05-21,1900-01-01 18:46:00,Rio de Janeiro,Agua Branca,2,0,2,2.9,2.37,2.9,2.37,2.37,3.5,2.9,2-0,7.0,2025-05-21 16:51:00,0,18,46,0.5366340153250652,2
1742391,Super,2025-05-21,1900-01-01 18:49:00,Santos,Asuncion,1,1,2,3.5,2.1,3.5,2.1,2.1,3.4,3.5,1-1,8.5,2025-05-21 16:51:00,1,18,49,0.590185676392573,1
1742396,Super,2025-05-21,1900-01-01 18:52:00,Porto Alegre,Itaquera,1,2,3,2.62,2.75,2.75,2.62,2.62,3.2,2.75,1-2,10.0,2025-05-21 16:51:00,1,18,52,0.5085284349501824,0
1742403,Super,2025-05-21,1900-01-01 18:55:00,La Plata,Belo Horizonte,0,1,1,2.37,3.0,2.37,3.0,3.0,3.4,2.37,0-1,8.0,2025-05-21 16:51:00,0,18,55,0.45778145695364236,0
1742413,Super,2025-05-21,1900-01-01 18:58:00,Buenos Aires,Itaquera,2,0,2,2.9,2.37,2.9,2.37,2.37,3.5,2.9,2-0,7.0,2025-05-21 16:51:00,0,18,58,0.5366340153250652,2
1742139,Super,2025-05-21,1900-01-01 17:01:00,Guayaquil,Belo Horizonte,3,1,4,3.25,2.15,3.25,2.15,3.25,3.6,2.15,3-1,6.5,2025-05-21 16:51:00,1,17,1,0.4250780437044745,2
1742145,Super,2025-05-21,1900-01-01 17:04:00,Santos,Santiago,3,0,3,2.05,3.6,3.6,2.05,2.05,3.6,3.6,3-0,7.0,2025-05-21 16:51:00,0,17,4,0.6006493506493505,2
1742151,Super,2025-05-21,1900-01-01 17:07:00,Quito,Rio de Janeiro,0,1,1,2.3,3.1,2.3,3.1,3.1,3.4,2.3,0-1,7.5,2025-05-21 16:51:00,0,17,7,0.4466457434287955,0
1742161,Super,2025-05-21,1900-01-01 17:10:00,Guayaquil,Montevideo,2,1,3,2.3,3.0,3.0,2.3,2.3,3.6,3.0,2-1,6.5,2025-05-21 16:51:00,1,17,10,0.548498845265589,2
1742169,Super,2025-05-21,1900-01-01 17:13:00,Rio de Janeiro,Bogota,2,0,2,3.75,2.07,3.75,2.07,2.07,3.4,3.75,2-0,9.0,2025-05-21 16:51:00,0,17,13,0.6036641803234062,2
1742175,Super,2025-05-21,1900-01-01 17:16:00,Quito,Buenos Aires,0,0,0,2.4,2.87,2.4,2.87,2.87,3.5,2.4,0-0,7.0,2025-05-21 16:51:00,0,17,16,0.4675324675324675,1
1742183,Super,2025-05-21,1900-01-01 17:19:00,Avellaneda,Medellin,1,0,1,3.25,2.25,3.25,2.25,2.25,3.4,3.25,1-0,8.5,2025-05-21 16:51:00,0,17,19,0.5653531955790485,2
1742186,Super,2025-05-21,1900-01-01 17:22:00,Quito,Sao Paulo,0,1,1,2.55,2.62,2.55,2.62,2.62,3.5,2.55,0-1,7.0,2025-05-21 16:51:00,0,17,22,0.49505569906360986,0
1742196,Super,2025-05-21,1900-01-01 17:25:00,Itaquera,Penarol,1,2,3,2.2,3.4,3.4,2.2,2.2,3.3,3.4,1-2,9.0,2025-05-21 16:51:00,1,17,25,0.576271186440678,0
1742203,Super,2025-05-21,1900-01-01 17:28:00,La Plata,Medellin,0,2,2,3.5,2.2,3.5,2.2,2.2,3.25,3.5,0-2,10.0,2025-05-21 16:51:00,0,17,28,0.5805529075309818,0
1742210,Super,2025-05-21,1900-01-01 17:31:00,Bogota,Itaquera,2,2,4,2.75,2.62,2.75,2.62,2.75,3.25,2.62,2-2,9.0,2025-05-21 16:51:00,1,17,31,0.49143262698975976,1
1742214,Super,2025-05-21,1900-01-01 17:34:00,La Plata,Rio de Janeiro,0,0,0,2.55,2.8,2.55,2.8,2.8,3.3,2.55,0-0,8.5,2025-05-21 16:51:00,0,17,34,0.4833635813672111,1
1742225,Super,2025-05-21,1900-01-01 17:37:00,Santiago,Guayaquil,2,0,2,2.55,2.62,2.55,2.62,2.62,3.6,2.55,2-0,6.5,2025-05-21 16:51:00,0,17,37,0.49501838453326996,2
1742231,Super,2025-05-21,1900-01-01 17:40:00,Asuncion,Penarol,0,1,1,2.75,2.62,2.75,2.62,2.62,3.3,2.75,0-1,8.5,2025-05-21 16:51:00,0,17,40,0.5086054721977052,0
1742237,Super,2025-05-21,1900-01-01 17:43:00,La Boca,Quito,0,1,1,3.5,2.1,3.5,2.1,2.1,3.4,3.5,0-1,8.5,2025-05-21 16:51:00,0,17,43,0.590185676392573,0
1742244,Super,2025-05-21,1900-01-01 17:46:00,Asuncion,Santos,1,3,4,2.9,2.45,2.9,2.45,2.9,3.3,2.45,1-3,8.5,2025-05-21 16:51:00,1,17,46,0.47001211631663975,0
1742248,Super,2025-05-21,1900-01-01 17:49:00,Itaquera,Bogota,1,1,2,3.3,2.25,3.3,2.25,2.25,3.3,3.3,1-1,9.0,2025-05-21 16:51:00,1,17,49,0.5673076923076923,1
1742260,Super,2025-05-21,1900-01-01 17:52:00,Rio de Janeiro,Buenos Aires,4,2,6,2.3,3.0,2.3,3.0,2.3,3.6,3.0,4-2,6.5,2025-05-21 16:51:00,1,17,52,0.548498845265589,2
1742266,Super,2025-05-21,1900-01-01 17:55:00,Itaquera,Medellin,3,3,6,2.1,3.5,2.1,3.5,2.1,3.4,3.5,3-3,8.5,2025-05-21 16:51:00,1,17,55,0.590185676392573,1
1742272,Super,2025-05-21,1900-01-01 17:58:00,Santiago,Quito,0,1,1,2.55,2.62,2.55,2.62,2.62,3.5,2.55,0-1,7.0,2025-05-21 16:51:00,0,17,58,0.49505569906360986,0
1742002,Super,2025-05-21,1900-01-01 16:01:00,Lima,Quito,0,1,1,2.5,2.75,2.5,2.75,2.75,3.5,2.5,0-1,7.0,2025-05-21 16:51:00,0,16,1,0.48267326732673277,0
1742007,Super,2025-05-21,1900-01-01 16:04:00,Bogota,Santos,3,0,3,2.62,2.75,2.75,2.62,2.62,3.2,2.75,3-0,10.0,2025-05-21 16:51:00,0,16,4,0.5085284349501824,2
1742014,Super,2025-05-21,1900-01-01 16:07:00,Montevideo,Rio de Janeiro,0,1,1,2.15,3.3,2.15,3.3,3.3,3.6,2.15,0-1,7.0,2025-05-21 16:51:00,0,16,7,0.42251544076361597,0
1742020,Super,2025-05-21,1900-01-01 16:10:00,Quito,Porto Alegre,1,0,1,2.75,2.7,2.75,2.7,2.7,3.2,2.75,1-0,10.0,2025-05-21 16:51:00,0,16,10,0.5032173738186205,2
1742029,Super,2025-05-21,1900-01-01 16:13:00,Santiago,Rio de Janeiro,4,3,7,3.4,2.07,3.4,2.07,3.4,3.6,2.07,4-3,6.5,2025-05-21 16:51:00,1,16,13,0.41043771043771043,2
1742031,Super,2025-05-21,1900-01-01 16:16:00,Montevideo,Porto Alegre,0,1,1,2.55,2.8,2.55,2.8,2.8,3.3,2.55,0-1,8.5,2025-05-21 16:51:00,0,16,16,0.4833635813672111,0
1742042,Super,2025-05-21,1900-01-01 16:19:00,Belo Horizonte,Itaquera,1,3,4,2.15,3.4,2.15,3.4,2.15,3.5,3.4,1-3,7.0,2025-05-21 16:51:00,1,16,19,0.5818215821956236,0
1742048,Super,2025-05-21,1900-01-01 16:22:00,Rio de Janeiro,Santiago,2,0,2,4.2,1.85,4.2,1.85,1.85,3.75,4.2,2-0,6.5,2025-05-21 16:51:00,0,16,22,0.6446688007879832,2
1742055,Super,2025-05-21,1900-01-01 16:25:00,Santos,Quito,1,0,1,3.25,2.25,3.25,2.25,2.25,3.4,3.25,1-0,8.5,2025-05-21 16:51:00,0,16,25,0.5653531955790485,2
1742064,Super,2025-05-21,1900-01-01 16:28:00,Guayaquil,Buenos Aires,3,2,5,2.8,2.4,2.8,2.4,2.8,3.6,2.4,3-2,6.5,2025-05-21 16:51:00,1,16,28,0.4716981132075472,2
1742072,Super,2025-05-21,1900-01-01 16:31:00,Medellin,La Boca,1,0,1,2.4,3.0,2.4,3.0,3.0,3.3,2.4,1-0,8.5,2025-05-21 16:51:00,0,16,31,0.460431654676259,2
1742076,Super,2025-05-21,1900-01-01 16:34:00,Sao Paulo,La Plata,0,0,0,2.87,2.45,2.87,2.45,2.45,3.4,2.87,0-0,8.0,2025-05-21 16:51:00,0,16,34,0.5284241326459523,1
1742082,Super,2025-05-21,1900-01-01 16:37:00,Penarol,Porto Alegre,1,2,3,2.7,2.8,2.8,2.7,2.7,3.1,2.8,1-2,11.0,2025-05-21 16:51:00,1,16,37,0.5062982527427874,0
1742092,Super,2025-05-21,1900-01-01 16:40:00,Buenos Aires,Rio de Janeiro,3,3,6,2.6,2.62,2.6,2.62,2.6,3.5,2.62,3-3,6.5,2025-05-21 16:51:00,1,16,40,0.5013954230125189,1
1742098,Super,2025-05-21,1900-01-01 16:43:00,Bogota,Santiago,2,2,4,2.15,3.4,2.15,3.4,2.15,3.4,3.4,2-2,8.0,2025-05-21 16:51:00,1,16,43,0.5811688311688311,1
1742103,Super,2025-05-21,1900-01-01 16:46:00,Belo Horizonte,Guayaquil,2,0,2,3.8,1.9,3.8,1.9,1.9,3.75,3.8,2-0,6.5,2025-05-21 16:51:00,0,16,46,0.6245847176079734,2
1742110,Super,2025-05-21,1900-01-01 16:49:00,Itaquera,Buenos Aires,4,1,5,2.5,2.75,2.5,2.75,2.5,3.5,2.75,4-1,7.0,2025-05-21 16:51:00,1,16,49,0.5173267326732675,2
1742116,Super,2025-05-21,1900-01-01 16:52:00,Bogota,La Plata,1,0,1,2.8,2.7,2.8,2.7,2.7,3.1,2.8,1-0,11.0,2025-05-21 16:51:00,0,16,52,0.5062982527427874,2
1742126,Super,2025-05-21,1900-01-01 16:55:00,Medellin,Santiago,0,0,0,3.1,2.25,3.1,2.25,2.25,3.5,3.1,0-0,7.0,2025-05-21 16:51:00,0,16,55,0.5578793774319065,1
1742132,Super,2025-05-21,1900-01-01 16:58:00,Montevideo,Buenos Aires,1,1,2,2.25,3.0,2.25,3.0,3.0,3.6,2.25,1-1,6.5,2025-05-21 16:51:00,1,16,58,0.4473684210526316,1
1741860,Super,2025-05-21,1900-01-01 15:01:00,Itaquera,Agua Branca,2,0,2,2.62,2.6,2.62,2.6,2.6,3.5,2.62,2-0,7.5,2025-05-21 16:51:00,0,15,1,0.5013954230125189,2
1741866,Super,2025-05-21,1900-01-01 15:04:00,Asuncion,La Plata,1,3,4,2.9,2.5,2.9,2.5,2.9,3.25,2.5,1-3,9.0,2025-05-21 16:51:00,1,15,4,0.47379032258064524,0
1741871,Super,2025-05-21,1900-01-01 15:07:00,Sao Paulo,Penarol,0,0,0,3.2,2.25,3.2,2.25,2.25,3.4,3.2,0-0,7.5,2025-05-21 16:51:00,0,15,7,0.5627671978235522,1
1741883,Super,2025-05-21,1900-01-01 15:10:00,Lima,Montevideo,0,3,3,2.55,2.62,2.62,2.55,2.55,3.6,2.62,0-3,6.5,2025-05-21 16:51:00,0,15,10,0.50498161546673,0
1741888,Super,2025-05-21,1900-01-01 15:13:00,Asuncion,Bogota,2,3,5,2.75,2.62,2.75,2.62,2.75,3.25,2.62,2-3,9.0,2025-05-21 16:51:00,1,15,13,0.49143262698975976,0
1741894,Super,2025-05-21,1900-01-01 15:16:00,Itaquera,Porto Alegre,0,1,1,3.2,2.35,3.2,2.35,2.35,3.2,3.2,0-1,10.0,2025-05-21 16:51:00,0,15,16,0.5537974683544303,0
1741901,Super,2025-05-21,1900-01-01 15:19:00,Asuncion,Guayaquil,2,0,2,2.7,2.6,2.7,2.6,2.6,3.5,2.7,2-0,7.0,2025-05-21 16:51:00,0,15,19,0.5068439577630035,2
1741907,Super,2025-05-21,1900-01-01 15:22:00,Sao Paulo,Porto Alegre,1,2,3,2.4,3.0,3.0,2.4,2.4,3.3,3.0,1-2,8.5,2025-05-21 16:51:00,1,15,22,0.5395683453237411,0
1741918,Super,2025-05-21,1900-01-01 15:25:00,Rio de Janeiro,Santos,1,1,2,3.3,2.2,3.3,2.2,2.2,3.4,3.3,1-1,8.0,2025-05-21 16:51:00,1,15,25,0.5720338983050847,1
1741924,Super,2025-05-21,1900-01-01 15:28:00,Buenos Aires,Sao Paulo,3,2,5,2.3,3.0,2.3,3.0,2.3,3.6,3.0,3-2,6.0,2025-05-21 16:51:00,1,15,28,0.548498845265589,2
1741929,Super,2025-05-21,1900-01-01 15:31:00,Asuncion,Belo Horizonte,0,0,0,2.05,3.5,2.05,3.5,3.5,3.6,2.05,0-0,7.0,2025-05-21 16:51:00,0,15,31,0.40388510403240657,1
1741936,Super,2025-05-21,1900-01-01 15:34:00,La Plata,La Boca,2,0,2,2.75,2.7,2.75,2.7,2.7,3.2,2.75,2-0,10.0,2025-05-21 16:51:00,0,15,34,0.5032173738186205,2
1741941,Super,2025-05-21,1900-01-01 15:37:00,Belo Horizonte,Santos,0,1,1,3.5,2.07,3.5,2.07,2.07,3.5,3.5,0-1,7.5,2025-05-21 16:51:00,0,15,37,0.5935863874345549,0
1741953,Super,2025-05-21,1900-01-01 15:40:00,Agua Branca,Penarol,2,1,3,2.07,3.6,3.6,2.07,2.07,3.5,3.6,2-1,8.0,2025-05-21 16:51:00,1,15,40,0.5980877019452687,2
1741961,Super,2025-05-21,1900-01-01 15:43:00,Medellin,Belo Horizonte,0,3,3,3.4,2.1,2.1,3.4,3.4,3.5,2.1,0-3,7.0,2025-05-21 16:51:00,0,15,43,0.41379310344827597,0
1741966,Super,2025-05-21,1900-01-01 15:46:00,La Plata,Asuncion,5,0,5,2.1,3.6,2.1,3.6,2.1,3.3,3.6,5-0,9.0,2025-05-21 16:51:00,0,15,46,0.5938566552901022,2
1741970,Super,2025-05-21,1900-01-01 15:49:00,Avellaneda,Buenos Aires,0,0,0,2.55,2.7,2.55,2.7,2.7,3.5,2.55,0-0,7.0,2025-05-21 16:51:00,0,15,49,0.4896080760095012,1
1741976,Super,2025-05-21,1900-01-01 15:52:00,Sao Paulo,Agua Branca,2,3,5,2.7,2.55,2.7,2.55,2.7,3.6,2.55,2-3,6.5,2025-05-21 16:51:00,1,15,52,0.4895287958115183,0
1741987,Super,2025-05-21,1900-01-01 15:55:00,Belo Horizonte,Montevideo,0,1,1,4.2,1.83,4.2,1.83,1.83,3.8,4.2,0-1,6.5,2025-05-21 16:51:00,0,15,55,0.647156862745098,0
1741993,Super,2025-05-21,1900-01-01 15:58:00,Itaquera,La Plata,0,0,0,3.1,2.4,3.1,2.4,2.4,3.25,3.1,0-0,9.0,2025-05-21 16:51:00,0,15,58,0.5449338336954375,1
1741721,Super,2025-05-21,1900-01-01 14:01:00,Porto Alegre,Rio de Janeiro,0,0,0,2.5,2.9,2.5,2.9,2.9,3.25,2.5,0-0,9.0,2025-05-21 16:51:00,0,14,1,0.47379032258064524,1
1741732,Super,2025-05-21,1900-01-01 14:04:00,Santiago,La Boca,0,1,1,2.2,3.2,2.2,3.2,3.2,3.5,2.2,0-1,7.0,2025-05-21 16:51:00,0,14,4,0.43253662297609874,0
1741733,Super,2025-05-21,1900-01-01 14:07:00,Asuncion,Quito,0,1,1,2.7,2.6,2.7,2.6,2.6,3.4,2.7,0-1,8.0,2025-05-21 16:51:00,0,14,7,0.5067891373801916,0
1741739,Super,2025-05-21,1900-01-01 14:10:00,Buenos Aires,La Plata,2,3,5,2.35,3.1,2.35,3.1,2.35,3.4,3.1,2-3,8.0,2025-05-21 16:51:00,1,14,10,0.5493898895990703,0
1741750,Super,2025-05-21,1900-01-01 14:13:00,Montevideo,Agua Branca,1,1,2,2.2,3.2,2.2,3.2,3.2,3.6,2.2,1-1,6.5,2025-05-21 16:51:00,1,14,13,0.43202416918429004,1
1741755,Super,2025-05-21,1900-01-01 14:16:00,La Boca,Penarol,3,0,3,2.15,3.6,3.6,2.15,2.15,3.3,3.6,3-0,9.0,2025-05-21 16:51:00,0,14,16,0.5895564289724874,2
1741762,Super,2025-05-21,1900-01-01 14:19:00,Medellin,Montevideo,0,1,1,3.0,2.35,3.0,2.35,2.35,3.4,3.0,0-1,7.5,2025-05-21 16:51:00,0,14,19,0.5437797147385103,0
1741768,Super,2025-05-21,1900-01-01 14:22:00,Buenos Aires,Porto Alegre,4,3,7,2.25,3.25,2.25,3.25,2.25,3.4,3.25,4-3,8.5,2025-05-21 16:51:00,1,14,22,0.5653531955790485,2
1741774,Super,2025-05-21,1900-01-01 14:25:00,Guayaquil,Sao Paulo,3,0,3,2.62,2.55,2.55,2.62,2.62,3.6,2.55,3-0,6.5,2025-05-21 16:51:00,0,14,25,0.49501838453326996,2
1741785,Super,2025-05-21,1900-01-01 14:28:00,Avellaneda,Rio de Janeiro,2,1,3,2.9,2.45,2.45,2.9,2.9,3.4,2.45,2-1,7.5,2025-05-21 16:51:00,1,14,28,0.4697568689464321,2
1741791,Super,2025-05-21,1900-01-01 14:31:00,Belo Horizonte,Lima,2,1,3,1.72,4.75,4.75,1.72,1.72,3.8,4.75,2-1,6.5,2025-05-21 16:51:00,1,14,31,0.675754060324826,2
1741797,Super,2025-05-21,1900-01-01 14:34:00,Guayaquil,Asuncion,1,0,1,3.1,2.3,3.1,2.3,2.3,3.5,3.1,1-0,7.0,2025-05-21 16:51:00,0,14,34,0.5537840952746832,2
1741803,Super,2025-05-21,1900-01-01 14:37:00,Buenos Aires,Avellaneda,0,1,1,3.1,2.25,3.1,2.25,2.25,3.5,3.1,0-1,7.0,2025-05-21 16:51:00,0,14,37,0.5578793774319065,0
1741813,Super,2025-05-21,1900-01-01 14:40:00,Itaquera,Rio de Janeiro,2,0,2,2.6,2.7,2.6,2.7,2.7,3.4,2.6,2-0,7.5,2025-05-21 16:51:00,0,14,40,0.49321086261980834,2
1741818,Super,2025-05-21,1900-01-01 14:43:00,Porto Alegre,Penarol,1,1,2,3.3,2.35,3.3,2.35,2.35,3.1,3.3,1-1,11.0,2025-05-21 16:51:00,1,14,43,0.5582706766917294,1
1741825,Super,2025-05-21,1900-01-01 14:46:00,Medellin,Quito,0,0,0,2.8,2.5,2.8,2.5,2.5,3.3,2.8,0-0,8.5,2025-05-21 16:51:00,0,14,46,0.5202123315639036,1
1741830,Super,2025-05-21,1900-01-01 14:49:00,Lima,La Plata,0,0,0,2.3,3.1,2.3,3.1,3.1,3.4,2.3,0-0,8.5,2025-05-21 16:51:00,0,14,49,0.4466457434287955,1
1741845,Super,2025-05-21,1900-01-01 14:52:00,Bogota,Guayaquil,0,1,1,3.0,2.37,3.0,2.37,2.37,3.4,3.0,0-1,8.5,2025-05-21 16:51:00,0,14,52,0.5422185430463576,0
1741848,Super,2025-05-21,1900-01-01 14:55:00,La Plata,Itaquera,0,0,0,2.87,2.55,2.87,2.55,2.55,3.25,2.87,0-0,9.0,2025-05-21 16:51:00,0,14,55,0.520855475565003,1
1741854,Super,2025-05-21,1900-01-01 14:58:00,Rio de Janeiro,Guayaquil,2,2,4,2.0,3.6,2.0,3.6,2.0,3.6,3.6,2-2,7.0,2025-05-21 16:51:00,1,14,58,0.6052631578947368,1
