Id da partida,Campeonato,Data,Tempo,Time da casa,Time contra,Gols time casa,Gols time contra,Gols totais,Odd Over 2.5,Odd Under 2.5,Odd Over 3.5,Odd Under 3.5,Odd Casa Vence,Odd Empate,Odd Visitante Vence,Placar Exato,Odd Placar Exato,Data das odds
1767316,Euro,2025-05-29,5:02,Dinamarca,República Tcheca,1,0,1,3.20,2.35,3.20,2.35,2.35,3.20,3.20,1-0,10.00,29-05-2025 01:49
1767323,Euro,2025-05-29,5:05,Ucrânia,Portugal,1,2,3,2.90,2.45,2.45,2.90,2.90,3.40,2.45,1-2,7.50,29-05-2025 01:49
1767330,Euro,2025-05-29,5:08,Dinamarca,Eslovênia,2,1,3,2.30,3.40,3.40,2.30,2.30,3.20,3.40,2-1,10.00,29-05-2025 01:49
1767337,Euro,2025-05-29,5:11,Alemanha,Escócia,0,0,0,3.40,2.10,3.40,2.10,2.10,3.60,3.40,0-0,7.00,29-05-2025 01:49
1767344,Euro,2025-05-29,5:14,Bélgica,Dinamarca,0,0,0,3.00,2.40,3.00,2.40,2.40,3.40,3.00,0-0,7.50,29-05-2025 01:49
1767351,Euro,2025-05-29,5:17,Escócia,Países Baixos,1,2,3,2.60,2.62,2.62,2.60,2.60,3.50,2.62,1-2,6.50,29-05-2025 01:49
1767358,Euro,2025-05-29,5:20,França,Eslováquia,3,0,3,1.90,4.00,4.00,1.90,1.90,3.60,4.00,3-0,7.00,29-05-2025 01:49
1767365,Euro,2025-05-29,5:23,Turquia,Países Baixos,0,0,0,2.75,2.50,2.75,2.50,2.50,3.40,2.75,0-0,7.50,29-05-2025 01:49
1767372,Euro,2025-05-29,5:26,França,Suíça,2,0,2,3.30,2.10,3.30,2.10,2.10,3.60,3.30,2-0,6.50,29-05-2025 01:49
1767379,Euro,2025-05-29,5:29,Bélgica,Romênia,3,2,5,2.15,3.25,2.15,3.25,2.15,3.60,3.25,3-2,6.50,29-05-2025 01:49
1767386,Euro,2025-05-29,5:32,Inglaterra,Escócia,0,0,0,3.50,2.07,3.50,2.07,2.07,3.60,3.50,0-0,7.00,29-05-2025 01:49
1767393,Euro,2025-05-29,5:35,Dinamarca,Ucrânia,0,1,1,3.25,2.25,3.25,2.25,2.25,3.40,3.25,0-1,8.50,29-05-2025 01:49
1767400,Euro,2025-05-29,5:38,Polônia,França,1,1,2,2.30,3.10,2.30,3.10,3.10,3.40,2.30,1-1,7.50,29-05-2025 01:49
1767407,Euro,2025-05-29,5:41,Inglaterra,Espanha,0,1,1,2.90,2.30,2.90,2.30,2.30,3.60,2.90,0-1,6.00,29-05-2025 01:49
1767414,Euro,2025-05-29,5:44,República Tcheca,Croácia,0,1,1,2.75,2.62,2.75,2.62,2.62,3.30,2.75,0-1,8.50,29-05-2025 01:49
1767421,Euro,2025-05-29,5:47,Hungria,Romênia,2,4,6,2.37,3.00,2.37,3.00,2.37,3.40,3.00,2-4,7.50,29-05-2025 01:49
1767176,Euro,2025-05-29,4:02,Albânia,Itália,0,2,2,2.60,2.87,2.60,2.87,2.87,3.20,2.60,0-2,10.00,29-05-2025 01:49
1767183,Euro,2025-05-29,4:05,Dinamarca,Países Baixos,2,2,4,2.45,2.87,2.45,2.87,2.45,3.50,2.87,2-2,7.50,29-05-2025 01:49
1767190,Euro,2025-05-29,4:08,França,Ucrânia,2,1,3,2.02,3.60,3.60,2.02,2.02,3.60,3.60,2-1,7.00,29-05-2025 01:49
1767196,Euro,2025-05-29,4:11,Sérvia,Alemanha,1,0,1,2.50,2.80,2.50,2.80,2.80,3.40,2.50,1-0,8.00,29-05-2025 01:49
1767204,Euro,2025-05-29,4:14,Croácia,República Tcheca,1,1,2,3.10,2.35,3.10,2.35,2.35,3.30,3.10,1-1,9.00,29-05-2025 01:49
1767211,Euro,2025-05-29,4:17,Espanha,Países Baixos,2,2,4,2.30,3.00,2.30,3.00,2.30,3.60,3.00,2-2,6.00,29-05-2025 01:49
1767217,Euro,2025-05-29,4:20,Itália,Inglaterra,2,1,3,2.70,2.55,2.55,2.70,2.70,3.50,2.55,2-1,7.00,29-05-2025 01:49
1767225,Euro,2025-05-29,4:23,Polônia,Sérvia,1,2,3,2.70,2.75,2.75,2.70,2.70,3.20,2.75,1-2,10.00,29-05-2025 01:49
1767232,Euro,2025-05-29,4:26,França,Albânia,0,3,3,2.02,3.80,3.80,2.02,2.02,3.40,3.80,0-3,8.50,29-05-2025 01:49
1767238,Euro,2025-05-29,4:29,Romênia,Itália,1,0,1,2.50,2.80,2.50,2.80,2.80,3.50,2.50,1-0,7.50,29-05-2025 01:49
1767246,Euro,2025-05-29,4:32,Alemanha,Espanha,0,0,0,2.87,2.37,2.87,2.37,2.37,3.60,2.87,0-0,6.50,29-05-2025 01:49
1767253,Euro,2025-05-29,4:35,Turquia,Eslovênia,3,1,4,2.35,3.25,2.35,3.25,2.35,3.10,3.25,3-1,11.00,29-05-2025 01:49
1767260,Euro,2025-05-29,4:38,Países Baixos,Albânia,0,1,1,3.25,2.25,3.25,2.25,2.25,3.40,3.25,0-1,8.50,29-05-2025 01:49
1767267,Euro,2025-05-29,4:41,Espanha,Croácia,1,2,3,2.30,3.00,3.00,2.30,2.30,3.50,3.00,1-2,7.00,29-05-2025 01:49
1767274,Euro,2025-05-29,4:44,Portugal,Albânia,2,0,2,3.60,2.15,3.60,2.15,2.15,3.30,3.60,2-0,9.00,29-05-2025 01:49
1767281,Euro,2025-05-29,4:47,Bélgica,Eslováquia,3,1,4,2.05,3.60,2.05,3.60,2.05,3.50,3.60,3-1,7.50,29-05-2025 01:49
1767288,Euro,2025-05-29,4:50,Itália,Romênia,2,2,4,2.15,3.30,2.15,3.30,2.15,3.50,3.30,2-2,7.50,29-05-2025 01:49
1767295,Euro,2025-05-29,4:53,Ucrânia,Países Baixos,2,2,4,2.70,2.55,2.70,2.55,2.70,3.50,2.55,2-2,7.00,29-05-2025 01:49
1767302,Euro,2025-05-29,4:56,Geórgia,Espanha,2,1,3,3.20,2.20,2.20,3.20,3.20,3.50,2.20,2-1,7.00,29-05-2025 01:49
1767309,Euro,2025-05-29,4:59,Países Baixos,Suíça,1,0,1,2.87,2.35,2.87,2.35,2.35,3.60,2.87,1-0,6.50,29-05-2025 01:49
1767036,Euro,2025-05-29,3:02,França,Bélgica,4,0,4,2.25,3.10,2.25,3.10,2.25,3.60,3.10,4-0,6.50,29-05-2025 01:49
1767043,Euro,2025-05-29,3:05,República Tcheca,Inglaterra,0,0,0,2.37,3.00,2.37,3.00,3.00,3.40,2.37,0-0,8.00,29-05-2025 01:49
1767050,Euro,2025-05-29,3:08,Turquia,Croácia,4,1,5,2.55,2.80,2.55,2.80,2.55,3.30,2.80,4-1,8.50,29-05-2025 01:49
1767057,Euro,2025-05-29,3:11,Geórgia,Ucrânia,1,1,2,2.62,2.70,2.62,2.70,2.70,3.30,2.62,1-1,8.50,29-05-2025 01:49
1767063,Euro,2025-05-29,3:14,França,Turquia,1,0,1,3.40,2.15,3.40,2.15,2.15,3.50,3.40,1-0,8.00,29-05-2025 01:49
1767071,Euro,2025-05-29,3:17,Inglaterra,República Tcheca,0,0,0,3.60,2.07,3.60,2.07,2.07,3.40,3.60,0-0,8.00,29-05-2025 01:49
1767078,Euro,2025-05-29,3:20,Romênia,Albânia,1,0,1,2.90,2.50,2.90,2.50,2.50,3.30,2.90,1-0,9.00,29-05-2025 01:49
1767085,Euro,2025-05-29,3:23,Inglaterra,Eslováquia,1,2,3,1.90,4.00,4.00,1.90,1.90,3.60,4.00,1-2,7.00,29-05-2025 01:49
1767095,Euro,2025-05-29,3:26,Suíça,Turquia,1,0,1,2.87,2.45,2.87,2.45,2.45,3.40,2.87,1-0,8.00,29-05-2025 01:49
1767099,Euro,2025-05-29,3:29,Hungria,Eslováquia,0,0,0,3.25,2.25,3.25,2.25,2.25,3.40,3.25,0-0,8.50,29-05-2025 01:49
1767106,Euro,2025-05-29,3:32,Alemanha,República Tcheca,1,2,3,2.15,3.50,3.50,2.15,2.15,3.40,3.50,1-2,8.50,29-05-2025 01:49
1767113,Euro,2025-05-29,3:35,Hungria,Países Baixos,3,0,3,2.60,2.70,2.70,2.60,2.60,3.50,2.70,3-0,7.00,29-05-2025 01:49
1767120,Euro,2025-05-29,3:38,Turquia,Escócia,1,2,3,2.37,3.00,3.00,2.37,2.37,3.30,3.00,1-2,8.50,29-05-2025 01:49
1767127,Euro,2025-05-29,3:41,Albânia,Sérvia,1,0,1,2.80,2.70,2.80,2.70,2.70,3.10,2.80,1-0,11.00,29-05-2025 01:49
1767133,Euro,2025-05-29,3:44,Itália,Países Baixos,3,2,5,2.37,2.90,2.37,2.90,2.37,3.50,2.90,3-2,7.00,29-05-2025 01:49
1767141,Euro,2025-05-29,3:47,Polônia,Geórgia,2,0,2,3.30,2.25,3.30,2.25,2.25,3.30,3.30,2-0,9.00,29-05-2025 01:49
1767148,Euro,2025-05-29,3:50,Dinamarca,Inglaterra,2,1,3,2.80,2.50,2.50,2.80,2.80,3.50,2.50,2-1,7.50,29-05-2025 01:49
1767155,Euro,2025-05-29,3:53,Suíça,Sérvia,3,1,4,2.45,2.87,2.45,2.87,2.45,3.40,2.87,3-1,8.00,29-05-2025 01:49
1767162,Euro,2025-05-29,3:56,Ucrânia,República Tcheca,1,1,2,2.87,2.55,2.87,2.55,2.55,3.25,2.87,1-1,9.00,29-05-2025 01:49
1767169,Euro,2025-05-29,3:59,Romênia,Bélgica,2,0,2,2.45,2.75,2.45,2.75,2.75,3.50,2.45,2-0,6.50,29-05-2025 01:49
1766896,Euro,2025-05-29,2:02,Polônia,Turquia,1,0,1,2.75,2.70,2.75,2.70,2.70,3.20,2.75,1-0,10.00,29-05-2025 01:49
1766903,Euro,2025-05-29,2:05,Alemanha,Romênia,2,1,3,2.05,3.50,3.50,2.05,2.05,3.60,3.50,2-1,6.50,29-05-2025 01:49
1766910,Euro,2025-05-29,2:08,Croácia,Polônia,2,1,3,2.25,3.25,3.25,2.25,2.25,3.40,3.25,2-1,8.50,29-05-2025 01:49
1766916,Euro,2025-05-29,2:11,Eslováquia,Hungria,0,0,0,2.62,2.70,2.62,2.70,2.70,3.30,2.62,0-0,8.50,29-05-2025 01:49
1766923,Euro,2025-05-29,2:14,Eslovênia,Ucrânia,1,1,2,3.00,2.45,3.00,2.45,2.45,3.20,3.00,1-1,10.00,29-05-2025 01:49
1766931,Euro,2025-05-29,2:17,Itália,Turquia,1,0,1,3.10,2.35,3.10,2.35,2.35,3.30,3.10,1-0,9.00,29-05-2025 01:49
1766938,Euro,2025-05-29,2:20,Inglaterra,Croácia,0,1,1,3.20,2.20,3.20,2.20,2.20,3.60,3.20,0-1,7.00,29-05-2025 01:49
1766945,Euro,2025-05-29,2:23,Sérvia,Turquia,2,3,5,2.50,3.00,2.50,3.00,2.50,3.20,3.00,2-3,10.00,29-05-2025 01:49
1766952,Euro,2025-05-29,2:26,Croácia,Áustria,1,2,3,2.37,3.00,3.00,2.37,2.37,3.40,3.00,1-2,7.50,29-05-2025 01:49
1766959,Euro,2025-05-29,2:29,Hungria,Escócia,1,1,2,2.90,2.45,2.90,2.45,2.45,3.40,2.90,1-1,8.00,29-05-2025 01:49
1766966,Euro,2025-05-29,2:32,Eslovênia,Países Baixos,2,1,3,2.70,2.62,2.62,2.70,2.70,3.30,2.62,2-1,8.50,29-05-2025 01:49
1766973,Euro,2025-05-29,2:35,Ucrânia,Albânia,1,0,1,3.00,2.50,3.00,2.50,2.50,3.20,3.00,1-0,10.00,29-05-2025 01:49
1766980,Euro,2025-05-29,2:38,Espanha,Bélgica,3,3,6,2.37,2.87,2.37,2.87,2.37,3.60,2.87,3-3,6.50,29-05-2025 01:49
1766987,Euro,2025-05-29,2:41,Geórgia,Polônia,0,0,0,2.62,2.75,2.62,2.75,2.75,3.25,2.62,0-0,9.00,29-05-2025 01:49
1766994,Euro,2025-05-29,2:44,República Tcheca,Eslovênia,0,1,1,3.20,2.45,3.20,2.45,2.45,3.10,3.20,0-1,11.00,29-05-2025 01:49
1767001,Euro,2025-05-29,2:47,Hungria,Croácia,1,2,3,2.62,2.70,2.70,2.62,2.62,3.40,2.70,1-2,8.00,29-05-2025 01:49
1767007,Euro,2025-05-29,2:50,Albânia,Portugal,2,2,4,2.90,2.50,2.90,2.50,2.90,3.25,2.50,2-2,9.00,29-05-2025 01:49
1767015,Euro,2025-05-29,2:53,Hungria,Suíça,0,1,1,2.75,2.50,2.75,2.50,2.50,3.40,2.75,0-1,7.50,29-05-2025 01:49
1767022,Euro,2025-05-29,2:56,Sérvia,Escócia,3,2,5,2.37,3.00,2.37,3.00,2.37,3.30,3.00,3-2,8.50,29-05-2025 01:49
1767029,Euro,2025-05-29,2:59,Portugal,Eslovênia,1,1,2,3.60,2.15,3.60,2.15,2.15,3.30,3.60,1-1,9.00,29-05-2025 01:49
1766756,Euro,2025-05-29,1:02,Dinamarca,Geórgia,4,0,4,2.05,3.75,2.05,3.75,2.05,3.40,3.75,4-0,9.00,29-05-2025 01:49
1766763,Euro,2025-05-29,1:05,Países Baixos,Inglaterra,1,2,3,2.75,2.45,2.45,2.75,2.75,3.60,2.45,1-2,6.00,29-05-2025 01:49
1766770,Euro,2025-05-29,1:08,Polônia,Albânia,2,0,2,3.00,2.50,3.00,2.50,2.50,3.10,3.00,2-0,11.00,29-05-2025 01:49
1766777,Euro,2025-05-29,1:11,Croácia,Portugal,2,0,2,2.62,2.62,2.62,2.62,2.62,3.50,2.62,2-0,7.50,29-05-2025 01:49
1766784,Euro,2025-05-29,1:14,Geórgia,Albânia,0,2,2,2.70,2.75,2.70,2.75,2.75,3.20,2.70,0-2,10.00,29-05-2025 01:49
1766791,Euro,2025-05-29,1:17,Alemanha,França,3,0,3,2.50,2.70,2.70,2.50,2.50,3.60,2.70,3-0,6.50,29-05-2025 01:49
1766798,Euro,2025-05-29,1:20,Eslováquia,Turquia,0,3,3,2.80,2.55,2.55,2.80,2.80,3.30,2.55,0-3,8.50,29-05-2025 01:49
1766805,Euro,2025-05-29,1:23,Áustria,Alemanha,0,1,1,2.50,2.80,2.50,2.80,2.80,3.50,2.50,0-1,7.50,29-05-2025 01:49
1766812,Euro,2025-05-29,1:26,Geórgia,Eslovênia,0,0,0,2.70,2.75,2.70,2.75,2.75,3.20,2.70,0-0,10.00,29-05-2025 01:49
1766819,Euro,2025-05-29,1:29,Turquia,Alemanha,0,1,1,2.50,2.80,2.50,2.80,2.80,3.40,2.50,0-1,8.00,29-05-2025 01:49
1766826,Euro,2025-05-29,1:32,Albânia,Dinamarca,3,1,4,2.75,2.70,2.75,2.70,2.75,3.20,2.70,3-1,10.00,29-05-2025 01:49
1766833,Euro,2025-05-29,1:35,Países Baixos,Eslovênia,2,1,3,2.25,3.25,3.25,2.25,2.25,3.40,3.25,2-1,8.50,29-05-2025 01:49
1766841,Euro,2025-05-29,1:38,França,Geórgia,2,1,3,1.86,4.20,4.20,1.86,1.86,3.60,4.20,2-1,7.50,29-05-2025 01:49
1766847,Euro,2025-05-29,1:41,Itália,Eslováquia,2,0,2,3.60,2.05,3.60,2.05,2.05,3.50,3.60,2-0,8.00,29-05-2025 01:49
1766853,Euro,2025-05-29,1:44,Geórgia,Hungria,0,1,1,2.55,2.80,2.55,2.80,2.80,3.30,2.55,0-1,8.50,29-05-2025 01:49
1766861,Euro,2025-05-29,1:47,Albânia,Escócia,1,1,2,2.87,2.55,2.87,2.55,2.55,3.25,2.87,1-1,9.00,29-05-2025 01:49
1766868,Euro,2025-05-29,1:50,Áustria,República Tcheca,1,1,2,3.10,2.40,3.10,2.40,2.40,3.25,3.10,1-1,9.00,29-05-2025 01:49
1766876,Euro,2025-05-29,1:53,Suíça,Eslovênia,0,2,2,3.10,2.35,3.10,2.35,2.35,3.30,3.10,0-2,9.00,29-05-2025 01:49
1766882,Euro,2025-05-29,1:56,Países Baixos,Áustria,4,0,4,2.37,2.90,2.37,2.90,2.37,3.50,2.90,4-0,7.00,29-05-2025 01:49
1766889,Euro,2025-05-29,1:59,República Tcheca,França,0,0,0,2.37,3.00,2.37,3.00,3.00,3.40,2.37,0-0,8.00,29-05-2025 01:49
1766617,Euro,2025-05-29,0:02,Sérvia,Eslováquia,1,0,1,3.40,2.20,3.40,2.20,2.20,3.30,3.40,1-0,9.00,29-05-2025 01:49
1766623,Euro,2025-05-29,0:05,Romênia,França,1,2,3,3.00,2.25,2.25,3.00,3.00,3.60,2.25,1-2,6.50,29-05-2025 01:49
1766630,Euro,2025-05-29,0:08,Turquia,Sérvia,1,0,1,3.00,2.50,3.00,2.50,2.50,3.20,3.00,1-0,10.00,29-05-2025 01:49
1766638,Euro,2025-05-29,0:11,Itália,Áustria,4,2,6,2.30,3.10,2.30,3.10,2.30,3.40,3.10,4-2,8.00,29-05-2025 01:49
1766644,Euro,2025-05-29,0:14,Geórgia,Romênia,1,1,2,2.60,2.70,2.60,2.70,2.70,3.40,2.60,1-1,7.50,29-05-2025 01:49
1766651,Euro,2025-05-29,0:17,Portugal,Eslováquia,2,0,2,3.75,2.00,3.75,2.00,2.00,3.50,3.75,2-0,7.50,29-05-2025 01:49
1766657,Euro,2025-05-29,0:20,Alemanha,Sérvia,3,3,6,2.20,3.30,2.20,3.30,2.20,3.40,3.30,3-3,8.00,29-05-2025 01:49
1766664,Euro,2025-05-29,0:23,Escócia,Itália,2,1,3,2.70,2.60,2.60,2.70,2.70,3.40,2.60,2-1,7.50,29-05-2025 01:49
1766672,Euro,2025-05-29,0:26,Espanha,Alemanha,1,3,4,2.50,2.70,2.50,2.70,2.50,3.60,2.70,1-3,6.50,29-05-2025 01:49
1766679,Euro,2025-05-29,0:29,Inglaterra,Hungria,1,1,2,3.50,2.07,3.50,2.07,2.07,3.50,3.50,1-1,7.50,29-05-2025 01:49
1766686,Euro,2025-05-29,0:32,Espanha,Suíça,3,1,4,2.25,3.10,2.25,3.10,2.25,3.60,3.10,3-1,6.50,29-05-2025 01:49
1766693,Euro,2025-05-29,0:35,Geórgia,Croácia,0,0,0,2.37,3.00,2.37,3.00,3.00,3.40,2.37,0-0,8.00,29-05-2025 01:49
1766700,Euro,2025-05-29,0:38,Eslováquia,Alemanha,0,1,1,2.20,3.20,2.20,3.20,3.20,3.50,2.20,0-1,7.00,29-05-2025 01:49
1766707,Euro,2025-05-29,0:41,Hungria,Sérvia,0,0,0,2.87,2.55,2.87,2.55,2.55,3.25,2.87,0-0,9.00,29-05-2025 01:49
1766714,Euro,2025-05-29,0:44,Inglaterra,Portugal,0,0,0,3.00,2.30,3.00,2.30,2.30,3.50,3.00,0-0,7.00,29-05-2025 01:49
1766721,Euro,2025-05-29,0:47,Croácia,Itália,0,0,0,2.75,2.55,2.75,2.55,2.55,3.40,2.75,0-0,7.50,29-05-2025 01:49
1766728,Euro,2025-05-29,0:50,Suíça,França,0,4,4,2.87,2.37,2.87,2.37,2.87,3.60,2.37,0-4,6.50,29-05-2025 01:49
1766735,Euro,2025-05-29,0:53,Turquia,Áustria,3,1,4,2.45,2.90,2.45,2.90,2.45,3.30,2.90,3-1,9.00,29-05-2025 01:49
1766742,Euro,2025-05-29,0:56,Dinamarca,Sérvia,1,0,1,3.10,2.40,3.10,2.40,2.40,3.25,3.10,1-0,9.00,29-05-2025 01:49
1766749,Euro,2025-05-29,0:59,Ucrânia,Escócia,1,0,1,2.75,2.50,2.75,2.50,2.50,3.40,2.75,1-0,7.50,29-05-2025 01:49
1766479,Euro,2025-05-29,23:02,Suíça,Portugal,2,1,3,2.70,2.55,2.55,2.70,2.70,3.50,2.55,2-1,7.00,29-05-2025 01:49
1766485,Euro,2025-05-29,23:05,Bélgica,República Tcheca,1,2,3,2.25,3.25,3.25,2.25,2.25,3.40,3.25,1-2,8.50,29-05-2025 01:49
1766493,Euro,2025-05-29,23:08,Suíça,Alemanha,3,2,5,2.75,2.45,2.75,2.45,2.75,3.50,2.45,3-2,6.50,29-05-2025 01:49
1766500,Euro,2025-05-29,23:11,Itália,Portugal,3,2,5,2.55,2.75,2.55,2.75,2.55,3.40,2.75,3-2,7.50,29-05-2025 01:49
1766508,Euro,2025-05-29,23:14,Albânia,Romênia,0,1,1,2.90,2.45,2.90,2.45,2.45,3.30,2.90,0-1,8.50,29-05-2025 01:49
1766514,Euro,2025-05-29,23:17,Áustria,Ucrânia,0,2,2,3.10,2.30,3.10,2.30,2.30,3.40,3.10,0-2,8.00,29-05-2025 01:49
1766521,Euro,2025-05-29,23:20,Romênia,Países Baixos,1,1,2,2.55,2.62,2.55,2.62,2.62,3.60,2.55,1-1,6.50,29-05-2025 01:49
1766528,Euro,2025-05-29,23:23,Polônia,Espanha,2,0,2,2.45,2.87,2.45,2.87,2.87,3.40,2.45,2-0,7.50,29-05-2025 01:49
1766535,Euro,2025-05-29,23:26,Suíça,Geórgia,1,4,5,2.10,3.50,2.10,3.50,2.10,3.50,3.50,1-4,7.50,29-05-2025 01:49
1766542,Euro,2025-05-29,23:29,Polônia,Croácia,1,0,1,2.62,2.70,2.62,2.70,2.70,3.30,2.62,1-0,8.50,29-05-2025 01:49
1766549,Euro,2025-05-29,23:32,Geórgia,Turquia,1,1,2,2.50,2.90,2.50,2.90,2.90,3.25,2.50,1-1,9.00,29-05-2025 01:49
1766556,Euro,2025-05-29,23:35,República Tcheca,Áustria,0,0,0,2.87,2.55,2.87,2.55,2.55,3.25,2.87,0-0,9.00,29-05-2025 01:49
1766563,Euro,2025-05-29,23:38,Croácia,Ucrânia,0,3,3,2.25,3.20,3.20,2.25,2.25,3.40,3.20,0-3,7.50,29-05-2025 01:49
1766570,Euro,2025-05-29,23:41,Portugal,República Tcheca,1,0,1,3.40,2.20,3.40,2.20,2.20,3.30,3.40,1-0,9.00,29-05-2025 01:49
1766577,Euro,2025-05-29,23:44,França,Países Baixos,1,0,1,3.20,2.15,3.20,2.15,2.15,3.60,3.20,1-0,6.00,29-05-2025 01:49
1766584,Euro,2025-05-29,23:47,Geórgia,Eslováquia,1,3,4,2.50,2.80,2.50,2.80,2.50,3.30,2.80,1-3,8.50,29-05-2025 01:49
1766591,Euro,2025-05-29,23:50,Escócia,Romênia,2,1,3,2.35,2.90,2.90,2.35,2.35,3.50,2.90,2-1,7.00,29-05-2025 01:49
1766598,Euro,2025-05-29,23:53,Croácia,Bélgica,3,0,3,2.50,2.75,2.75,2.50,2.50,3.50,2.75,3-0,7.00,29-05-2025 01:49
1766605,Euro,2025-05-29,23:56,Portugal,Suíça,0,2,2,3.10,2.25,3.10,2.25,2.25,3.50,3.10,0-2,7.00,29-05-2025 01:49
1767313,Copa,2025-05-29,5:01,EUA,Costa Rica,1,4,5,2.10,3.60,2.10,3.60,2.10,3.30,3.60,1-4,9.00,29-05-2025 01:48
1767320,Copa,2025-05-29,5:04,Croácia,Inglaterra,0,2,2,2.50,2.80,2.50,2.80,2.80,3.40,2.50,0-2,8.00,29-05-2025 01:48
1767326,Copa,2025-05-29,5:07,Sérvia,Japão,1,0,1,3.30,2.35,3.30,2.35,2.35,3.10,3.30,1-0,11.00,29-05-2025 01:48
1767334,Copa,2025-05-29,5:10,Canadá,Alemanha,0,2,2,2.20,3.20,2.20,3.20,3.20,3.50,2.20,0-2,7.00,29-05-2025 01:48
1767343,Copa,2025-05-29,5:13,Portugal,Senegal,0,1,1,3.10,2.35,3.10,2.35,2.35,3.40,3.10,0-1,8.00,29-05-2025 01:48
1767348,Copa,2025-05-29,5:16,Gana,Costa Rica,1,0,1,3.10,2.30,3.10,2.30,2.30,3.50,3.10,1-0,7.00,29-05-2025 01:48
1767357,Copa,2025-05-29,5:19,Bélgica,EUA,0,1,1,3.50,2.20,3.50,2.20,2.20,3.25,3.50,0-1,10.00,29-05-2025 01:48
1767361,Copa,2025-05-29,5:22,Polônia,Japão,3,1,4,2.30,3.20,2.30,3.20,2.30,3.30,3.20,3-1,9.00,29-05-2025 01:48
1767369,Copa,2025-05-29,5:25,Tunísia,Gana,1,3,4,2.50,2.80,2.50,2.80,2.50,3.40,2.80,1-3,7.50,29-05-2025 01:48
1767376,Copa,2025-05-29,5:28,Suíça,Croácia,0,0,0,2.80,2.55,2.80,2.55,2.55,3.30,2.80,0-0,8.50,29-05-2025 01:48
1767383,Copa,2025-05-29,5:31,Coreia do Sul,Japão,1,1,2,2.75,2.62,2.75,2.62,2.62,3.30,2.75,1-1,8.50,29-05-2025 01:48
1767392,Copa,2025-05-29,5:34,País de Gales,Países Baixos,1,1,2,2.37,3.00,2.37,3.00,3.00,3.40,2.37,1-1,8.00,29-05-2025 01:48
1767397,Copa,2025-05-29,5:37,Espanha,França,2,1,3,2.50,2.70,2.70,2.50,2.50,3.60,2.70,2-1,6.50,29-05-2025 01:48
1767405,Copa,2025-05-29,5:40,Croácia,Alemanha,4,1,5,2.62,2.70,2.62,2.70,2.62,3.40,2.70,4-1,8.00,29-05-2025 01:48
1767411,Copa,2025-05-29,5:43,Austrália,Japão,1,1,2,2.70,2.60,2.70,2.60,2.60,3.40,2.70,1-1,8.00,29-05-2025 01:48
1767418,Copa,2025-05-29,5:46,Alemanha,Camarões,1,0,1,3.80,1.95,3.80,1.95,1.95,3.60,3.80,1-0,6.50,29-05-2025 01:48
1767175,Copa,2025-05-29,4:01,Inglaterra,Argentina,1,2,3,2.37,2.90,2.90,2.37,2.37,3.50,2.90,1-2,7.00,29-05-2025 01:48
1767180,Copa,2025-05-29,4:04,Senegal,Marrocos,2,1,3,2.25,3.30,3.30,2.25,2.25,3.30,3.30,2-1,9.00,29-05-2025 01:48
1767187,Copa,2025-05-29,4:07,EUA,País de Gales,1,1,2,3.40,2.25,3.40,2.25,2.25,3.20,3.40,1-1,10.00,29-05-2025 01:48
1767194,Copa,2025-05-29,4:10,Espanha,Alemanha,1,0,1,2.87,2.37,2.87,2.37,2.37,3.60,2.87,1-0,6.50,29-05-2025 01:48
1767203,Copa,2025-05-29,4:13,Qatar,Portugal,4,3,7,3.00,2.30,3.00,2.30,3.00,3.50,2.30,4-3,7.00,29-05-2025 01:48
1767208,Copa,2025-05-29,4:16,Arábia Saudita,Suíça,0,0,0,2.30,3.00,2.30,3.00,3.00,3.50,2.30,0-0,7.00,29-05-2025 01:48
1767216,Copa,2025-05-29,4:19,EUA,Uruguai,0,3,3,2.55,2.87,2.87,2.55,2.55,3.25,2.87,0-3,9.00,29-05-2025 01:48
1767222,Copa,2025-05-29,4:22,País de Gales,Gana,2,1,3,2.45,2.90,2.90,2.45,2.45,3.40,2.90,2-1,8.00,29-05-2025 01:48
1767229,Copa,2025-05-29,4:25,Tunísia,Irã,1,2,3,2.25,3.10,3.10,2.25,2.25,3.50,3.10,1-2,7.00,29-05-2025 01:48
1767236,Copa,2025-05-29,4:28,Equador,Costa Rica,0,1,1,3.30,2.15,3.30,2.15,2.15,3.50,3.30,0-1,7.00,29-05-2025 01:48
1767242,Copa,2025-05-29,4:31,Uruguai,Qatar,0,2,2,3.50,2.10,3.50,2.10,2.10,3.50,3.50,0-2,7.50,29-05-2025 01:48
1767250,Copa,2025-05-29,4:34,Austrália,Portugal,2,3,5,3.00,2.25,3.00,2.25,3.00,3.60,2.25,2-3,6.50,29-05-2025 01:48
1767257,Copa,2025-05-29,4:37,Qatar,Países Baixos,2,3,5,3.10,2.30,3.10,2.30,3.10,3.50,2.30,2-3,7.50,29-05-2025 01:48
1767263,Copa,2025-05-29,4:40,País de Gales,Austrália,2,0,2,3.00,2.35,3.00,2.35,2.35,3.40,3.00,2-0,7.50,29-05-2025 01:48
1767271,Copa,2025-05-29,4:43,Alemanha,Canadá,1,0,1,3.80,1.95,3.80,1.95,1.95,3.60,3.80,1-0,7.50,29-05-2025 01:48
1767279,Copa,2025-05-29,4:46,Gana,Austrália,1,2,3,2.35,2.90,2.90,2.35,2.35,3.50,2.90,1-2,7.00,29-05-2025 01:48
1767287,Copa,2025-05-29,4:49,Equador,França,1,0,1,2.25,3.10,2.25,3.10,3.10,3.50,2.25,1-0,7.00,29-05-2025 01:48
1767292,Copa,2025-05-29,4:52,Tunísia,México,0,1,1,2.55,2.80,2.55,2.80,2.80,3.40,2.55,0-1,8.00,29-05-2025 01:48
1767301,Copa,2025-05-29,4:55,Suíça,Inglaterra,2,0,2,2.40,2.87,2.40,2.87,2.87,3.50,2.40,2-0,7.00,29-05-2025 01:48
1767306,Copa,2025-05-29,4:58,Irã,Senegal,1,1,2,2.30,3.10,2.30,3.10,3.10,3.40,2.30,1-1,8.50,29-05-2025 01:48
1767035,Copa,2025-05-29,3:01,Canadá,Gana,0,1,1,2.80,2.50,2.80,2.50,2.50,3.40,2.80,0-1,7.50,29-05-2025 01:48
1767040,Copa,2025-05-29,3:04,México,Austrália,3,4,7,2.15,3.30,2.15,3.30,2.15,3.50,3.30,3-4,7.00,29-05-2025 01:48
1767047,Copa,2025-05-29,3:07,Costa Rica,Bélgica,0,1,1,2.15,3.30,2.15,3.30,3.30,3.50,2.15,0-1,7.50,29-05-2025 01:48
1767055,Copa,2025-05-29,3:10,Portugal,Irã,2,0,2,4.00,1.90,4.00,1.90,1.90,3.75,4.00,2-0,6.50,29-05-2025 01:48
1767061,Copa,2025-05-29,3:13,Arábia Saudita,Austrália,4,2,6,2.55,2.62,2.55,2.62,2.55,3.60,2.62,4-2,6.50,29-05-2025 01:48
1767068,Copa,2025-05-29,3:16,Inglaterra,Suíça,3,1,4,2.10,3.40,2.10,3.40,2.10,3.60,3.40,3-1,7.00,29-05-2025 01:48
1767076,Copa,2025-05-29,3:19,Sérvia,Equador,1,1,2,3.10,2.37,3.10,2.37,2.37,3.25,3.10,1-1,9.00,29-05-2025 01:48
1767082,Copa,2025-05-29,3:22,Costa Rica,Países Baixos,0,2,2,2.20,3.20,2.20,3.20,3.20,3.50,2.20,0-2,7.00,29-05-2025 01:48
1767092,Copa,2025-05-29,3:25,Sérvia,Argentina,0,0,0,2.50,2.90,2.50,2.90,2.90,3.25,2.50,0-0,9.00,29-05-2025 01:48
1767098,Copa,2025-05-29,3:28,Marrocos,Equador,3,2,5,2.50,2.80,2.50,2.80,2.50,3.40,2.80,3-2,7.50,29-05-2025 01:48
1767103,Copa,2025-05-29,3:31,Dinamarca,Costa Rica,1,0,1,3.75,2.00,3.75,2.00,2.00,3.60,3.75,1-0,7.00,29-05-2025 01:48
1767112,Copa,2025-05-29,3:34,Portugal,Bélgica,1,1,2,2.70,2.55,2.70,2.55,2.55,3.50,2.70,1-1,7.00,29-05-2025 01:48
1767117,Copa,2025-05-29,3:37,Gana,Uruguai,2,0,2,2.50,2.75,2.50,2.75,2.75,3.50,2.50,2-0,7.00,29-05-2025 01:48
1767126,Copa,2025-05-29,3:40,Marrocos,Espanha,1,1,2,2.25,3.10,2.25,3.10,3.10,3.50,2.25,1-1,7.00,29-05-2025 01:48
1767131,Copa,2025-05-29,3:43,Inglaterra,Tunísia,3,2,5,1.85,4.20,1.85,4.20,1.85,3.60,4.20,3-2,7.50,29-05-2025 01:48
1767138,Copa,2025-05-29,3:46,México,Polônia,3,0,3,2.45,2.90,2.90,2.45,2.45,3.40,2.90,3-0,8.00,29-05-2025 01:48
1767145,Copa,2025-05-29,3:49,Canadá,França,2,3,5,3.40,2.10,3.40,2.10,3.40,3.50,2.10,2-3,7.00,29-05-2025 01:48
1767154,Copa,2025-05-29,3:52,Brasil,Polônia,2,1,3,2.02,3.60,3.60,2.02,2.02,3.60,3.60,2-1,7.00,29-05-2025 01:48
1767159,Copa,2025-05-29,3:55,Arábia Saudita,Coreia do Sul,0,1,1,2.70,2.60,2.70,2.60,2.60,3.50,2.70,0-1,7.00,29-05-2025 01:48
1767166,Copa,2025-05-29,3:58,Croácia,Dinamarca,1,1,2,2.90,2.45,2.90,2.45,2.45,3.40,2.90,1-1,8.00,29-05-2025 01:48
1766893,Copa,2025-05-29,2:01,Argentina,Portugal,0,1,1,3.00,2.30,3.00,2.30,2.30,3.60,3.00,0-1,6.50,29-05-2025 01:48
1766901,Copa,2025-05-29,2:04,EUA,França,1,2,3,3.00,2.40,2.40,3.00,3.00,3.30,2.40,1-2,8.50,29-05-2025 01:48
1766907,Copa,2025-05-29,2:07,Suíça,Países Baixos,1,2,3,2.60,2.62,2.62,2.60,2.60,3.50,2.62,1-2,7.50,29-05-2025 01:48
1766914,Copa,2025-05-29,2:10,Costa Rica,Austrália,2,2,4,2.50,2.75,2.50,2.75,2.50,3.50,2.75,2-2,7.00,29-05-2025 01:48
1766925,Copa,2025-05-29,2:13,Dinamarca,Alemanha,2,0,2,2.62,2.60,2.62,2.60,2.60,3.50,2.62,2-0,6.50,29-05-2025 01:48
1766930,Copa,2025-05-29,2:16,México,Marrocos,1,1,2,3.10,2.30,3.10,2.30,2.30,3.40,3.10,1-1,8.00,29-05-2025 01:48
1766935,Copa,2025-05-29,2:19,Qatar,Sérvia,0,1,1,2.60,2.87,2.60,2.87,2.87,3.20,2.60,0-1,10.00,29-05-2025 01:48
1766942,Copa,2025-05-29,2:22,França,México,3,1,4,2.07,3.50,2.07,3.50,2.07,3.50,3.50,3-1,7.50,29-05-2025 01:48
1766951,Copa,2025-05-29,2:25,Argentina,Uruguai,0,0,0,3.30,2.20,3.30,2.20,2.20,3.50,3.30,0-0,7.50,29-05-2025 01:48
1766956,Copa,2025-05-29,2:28,Senegal,Irã,0,0,0,3.80,1.98,3.80,1.98,1.98,3.50,3.80,0-0,8.50,29-05-2025 01:48
1766964,Copa,2025-05-29,2:31,Inglaterra,Arábia Saudita,1,0,1,4.50,1.76,4.50,1.76,1.76,3.80,4.50,1-0,6.50,29-05-2025 01:48
1766972,Copa,2025-05-29,2:34,Coreia do Sul,Qatar,3,0,3,2.45,2.90,2.90,2.45,2.45,3.40,2.90,3-0,8.00,29-05-2025 01:48
1766977,Copa,2025-05-29,2:37,Equador,Marrocos,4,1,5,2.37,3.00,2.37,3.00,2.37,3.40,3.00,4-1,7.50,29-05-2025 01:48
1766984,Copa,2025-05-29,2:40,Camarões,Coreia do Sul,1,1,2,2.87,2.40,2.87,2.40,2.40,3.50,2.87,1-1,7.00,29-05-2025 01:48
1766990,Copa,2025-05-29,2:43,Brasil,Irã,4,2,6,1.72,4.75,1.72,4.75,1.72,3.80,4.75,4-2,6.50,29-05-2025 01:48
1766999,Copa,2025-05-29,2:46,Croácia,Polônia,1,2,3,2.30,3.20,3.20,2.30,2.30,3.30,3.20,1-2,9.00,29-05-2025 01:48
1767009,Copa,2025-05-29,2:49,França,Senegal,0,0,0,3.50,2.15,3.50,2.15,2.15,3.40,3.50,0-0,8.50,29-05-2025 01:48
1767013,Copa,2025-05-29,2:52,México,Portugal,1,0,1,2.55,2.70,2.55,2.70,2.70,3.50,2.55,1-0,7.00,29-05-2025 01:48
1767019,Copa,2025-05-29,2:55,Camarões,Japão,0,2,2,2.70,2.60,2.70,2.60,2.60,3.40,2.70,0-2,8.00,29-05-2025 01:48
1767025,Copa,2025-05-29,2:58,Equador,Coreia do Sul,0,1,1,3.20,2.25,3.20,2.25,2.25,3.50,3.20,0-1,7.50,29-05-2025 01:48
1766755,Copa,2025-05-29,1:01,Portugal,Espanha,0,0,0,2.60,2.60,2.60,2.60,2.60,3.60,2.60,0-0,6.00,29-05-2025 01:48
1766760,Copa,2025-05-29,1:04,Tunísia,Senegal,1,0,1,2.50,2.90,2.50,2.90,2.90,3.25,2.50,1-0,9.00,29-05-2025 01:48
1766769,Copa,2025-05-29,1:07,Polônia,Gana,2,1,3,2.25,3.20,3.20,2.25,2.25,3.50,3.20,2-1,7.50,29-05-2025 01:48
1766773,Copa,2025-05-29,1:10,Austrália,Marrocos,0,0,0,2.70,2.60,2.70,2.60,2.60,3.50,2.70,0-0,7.00,29-05-2025 01:48
1766782,Copa,2025-05-29,1:13,Canadá,Arábia Saudita,1,2,3,2.25,3.10,3.10,2.25,2.25,3.50,3.10,1-2,7.00,29-05-2025 01:48
1766788,Copa,2025-05-29,1:16,Irã,Equador,0,1,1,2.40,2.80,2.40,2.80,2.80,3.50,2.40,0-1,7.00,29-05-2025 01:48
1766795,Copa,2025-05-29,1:19,País de Gales,Arábia Saudita,1,0,1,3.25,2.20,3.25,2.20,2.20,3.50,3.25,1-0,7.50,29-05-2025 01:48
1766804,Copa,2025-05-29,1:22,Portugal,Argentina,0,1,1,2.62,2.60,2.62,2.60,2.60,3.50,2.62,0-1,6.50,29-05-2025 01:48
1766809,Copa,2025-05-29,1:25,Japão,Alemanha,2,1,3,3.00,2.37,2.37,3.00,3.00,3.40,2.37,2-1,8.00,29-05-2025 01:48
1766816,Copa,2025-05-29,1:28,Uruguai,Irã,1,1,2,3.75,2.00,3.75,2.00,2.00,3.60,3.75,1-1,7.00,29-05-2025 01:48
1766823,Copa,2025-05-29,1:31,Costa Rica,Polônia,0,0,0,2.45,2.87,2.45,2.87,2.87,3.40,2.45,0-0,7.50,29-05-2025 01:48
1766830,Copa,2025-05-29,1:34,Dinamarca,Camarões,1,2,3,2.05,3.50,3.50,2.05,2.05,3.60,3.50,1-2,6.50,29-05-2025 01:48
1766838,Copa,2025-05-29,1:37,Brasil,Canadá,3,0,3,1.83,4.33,4.33,1.83,1.83,3.75,4.33,3-0,7.00,29-05-2025 01:48
1766846,Copa,2025-05-29,1:40,Alemanha,Inglaterra,1,2,3,2.60,2.62,2.62,2.60,2.60,3.50,2.62,1-2,6.50,29-05-2025 01:48
1766850,Copa,2025-05-29,1:43,Portugal,Costa Rica,1,0,1,3.80,1.95,3.80,1.95,1.95,3.60,3.80,1-0,6.50,29-05-2025 01:48
1766858,Copa,2025-05-29,1:46,Irã,Austrália,1,0,1,2.62,2.55,2.62,2.55,2.55,3.60,2.62,1-0,6.50,29-05-2025 01:48
1766865,Copa,2025-05-29,1:49,Uruguai,Argentina,0,0,0,2.50,2.80,2.50,2.80,2.80,3.50,2.50,0-0,7.50,29-05-2025 01:48
1766875,Copa,2025-05-29,1:52,México,Tunísia,3,0,3,2.15,3.40,3.40,2.15,2.15,3.40,3.40,3-0,8.00,29-05-2025 01:48
1766879,Copa,2025-05-29,1:55,Alemanha,Senegal,2,2,4,2.25,3.25,2.25,3.25,2.25,3.40,3.25,2-2,8.50,29-05-2025 01:48
1766886,Copa,2025-05-29,1:58,Inglaterra,Polônia,3,1,4,2.07,3.50,2.07,3.50,2.07,3.50,3.50,3-1,7.50,29-05-2025 01:48
1766614,Copa,2025-05-29,0:01,Croácia,Uruguai,2,3,5,2.37,3.00,2.37,3.00,2.37,3.30,3.00,2-3,8.50,29-05-2025 01:48
1766620,Copa,2025-05-29,0:04,Inglaterra,Dinamarca,2,0,2,3.20,2.20,3.20,2.20,2.20,3.60,3.20,2-0,7.00,29-05-2025 01:48
1766632,Copa,2025-05-29,0:07,Uruguai,EUA,1,1,2,3.10,2.40,3.10,2.40,2.40,3.25,3.10,1-1,9.00,29-05-2025 01:48
1766636,Copa,2025-05-29,0:10,Sérvia,Coreia do Sul,1,2,3,2.20,3.50,3.50,2.20,2.20,3.25,3.50,1-2,10.00,29-05-2025 01:48
1766641,Copa,2025-05-29,0:13,Austrália,Dinamarca,0,1,1,2.35,2.90,2.35,2.90,2.90,3.60,2.35,0-1,6.50,29-05-2025 01:48
1766648,Copa,2025-05-29,0:16,Brasil,Marrocos,3,1,4,1.90,4.00,1.90,4.00,1.90,3.60,4.00,3-1,7.00,29-05-2025 01:48
1766655,Copa,2025-05-29,0:19,Países Baixos,Coreia do Sul,0,0,0,3.75,2.00,3.75,2.00,2.00,3.50,3.75,0-0,7.50,29-05-2025 01:48
1766662,Copa,2025-05-29,0:22,Senegal,Costa Rica,3,1,4,2.05,3.75,2.05,3.75,2.05,3.40,3.75,3-1,8.50,29-05-2025 01:48
1766669,Copa,2025-05-29,0:25,Marrocos,Uruguai,1,0,1,2.60,2.70,2.60,2.70,2.70,3.40,2.60,1-0,7.50,29-05-2025 01:48
1766676,Copa,2025-05-29,0:28,Costa Rica,Camarões,1,0,1,2.75,2.50,2.75,2.50,2.50,3.50,2.75,1-0,7.00,29-05-2025 01:48
1766683,Copa,2025-05-29,0:31,Inglaterra,Canadá,4,1,5,1.85,4.20,1.85,4.20,1.85,3.60,4.20,4-1,7.50,29-05-2025 01:48
1766692,Copa,2025-05-29,0:34,Polônia,Uruguai,1,1,2,2.75,2.50,2.75,2.50,2.50,3.40,2.75,1-1,7.50,29-05-2025 01:48
1766699,Copa,2025-05-29,0:37,Tunísia,Marrocos,0,1,1,2.70,2.60,2.70,2.60,2.60,3.40,2.70,0-1,8.00,29-05-2025 01:48
1766703,Copa,2025-05-29,0:40,Alemanha,Brasil,0,1,1,2.55,2.70,2.55,2.70,2.70,3.60,2.55,0-1,6.50,29-05-2025 01:48
1766711,Copa,2025-05-29,0:43,Camarões,Gana,3,0,3,2.50,2.75,2.75,2.50,2.50,3.50,2.75,3-0,7.00,29-05-2025 01:48
1766719,Copa,2025-05-29,0:46,Brasil,Argentina,1,3,4,2.30,3.00,2.30,3.00,2.30,3.50,3.00,1-3,7.00,29-05-2025 01:48
1766724,Copa,2025-05-29,0:49,País de Gales,Bélgica,1,0,1,2.30,3.10,2.30,3.10,3.10,3.40,2.30,1-0,8.50,29-05-2025 01:48
1766734,Copa,2025-05-29,0:52,Equador,Brasil,1,1,2,2.20,3.20,2.20,3.20,3.20,3.60,2.20,1-1,6.50,29-05-2025 01:48
1766739,Copa,2025-05-29,0:55,Coreia do Sul,Marrocos,1,0,1,2.70,2.60,2.70,2.60,2.60,3.40,2.70,1-0,8.00,29-05-2025 01:48
1766746,Copa,2025-05-29,0:58,Equador,Japão,1,4,5,2.37,3.00,2.37,3.00,2.37,3.30,3.00,1-4,8.50,29-05-2025 01:48
1766476,Copa,2025-05-29,23:01,Austrália,Senegal,0,2,2,2.45,2.90,2.45,2.90,2.90,3.30,2.45,0-2,8.50,29-05-2025 01:48
1766483,Copa,2025-05-29,23:04,Croácia,Gana,2,0,2,3.50,2.10,3.50,2.10,2.10,3.40,3.50,2-0,8.50,29-05-2025 01:48
1766492,Copa,2025-05-29,23:07,EUA,Países Baixos,0,3,3,2.75,2.62,2.62,2.75,2.75,3.25,2.62,0-3,9.00,29-05-2025 01:48
1766497,Copa,2025-05-29,23:10,Argentina,Gana,0,1,1,3.80,1.95,3.80,1.95,1.95,3.60,3.80,0-1,7.50,29-05-2025 01:48
1766504,Copa,2025-05-29,23:13,Tunísia,Países Baixos,4,1,5,3.10,2.30,3.10,2.30,3.10,3.50,2.30,4-1,7.50,29-05-2025 01:48
1766513,Copa,2025-05-29,23:16,Camarões,Qatar,4,1,5,2.40,2.87,2.40,2.87,2.40,3.50,2.87,4-1,7.00,29-05-2025 01:48
1766518,Copa,2025-05-29,23:19,Alemanha,México,0,2,2,3.30,2.20,3.30,2.20,2.20,3.50,3.30,0-2,7.50,29-05-2025 01:48
1766524,Copa,2025-05-29,23:22,Bélgica,Equador,4,1,5,2.10,3.50,2.10,3.50,2.10,3.50,3.50,4-1,7.50,29-05-2025 01:48
1766532,Copa,2025-05-29,23:25,Uruguai,Croácia,2,2,4,2.55,2.80,2.55,2.80,2.55,3.30,2.80,2-2,8.50,29-05-2025 01:48
1766539,Copa,2025-05-29,23:28,Brasil,País de Gales,3,1,4,1.86,4.20,1.86,4.20,1.86,3.60,4.20,3-1,7.50,29-05-2025 01:48
1766547,Copa,2025-05-29,23:31,Polônia,Camarões,0,3,3,2.15,3.30,3.30,2.15,2.15,3.50,3.30,0-3,7.00,29-05-2025 01:48
1766552,Copa,2025-05-29,23:34,Austrália,Arábia Saudita,0,1,1,3.00,2.25,3.00,2.25,2.25,3.60,3.00,0-1,6.50,29-05-2025 01:48
1766559,Copa,2025-05-29,23:37,Coreia do Sul,Inglaterra,2,1,3,3.40,2.10,2.10,3.40,3.40,3.50,2.10,2-1,7.00,29-05-2025 01:48
1766567,Copa,2025-05-29,23:40,Irã,Polônia,0,1,1,2.35,3.00,2.35,3.00,3.00,3.50,2.35,0-1,7.00,29-05-2025 01:48
1766574,Copa,2025-05-29,23:43,Uruguai,Países Baixos,1,2,3,2.60,2.62,2.62,2.60,2.60,3.50,2.62,1-2,7.50,29-05-2025 01:48
1766581,Copa,2025-05-29,23:46,Tunísia,Equador,2,2,4,2.70,2.60,2.70,2.60,2.70,3.40,2.60,2-2,7.50,29-05-2025 01:48
1766589,Copa,2025-05-29,23:49,Suíça,México,0,3,3,2.37,3.00,3.00,2.37,2.37,3.40,3.00,0-3,7.50,29-05-2025 01:48
1766597,Copa,2025-05-29,23:52,Equador,Sérvia,3,0,3,2.55,2.87,2.87,2.55,2.55,3.25,2.87,3-0,9.00,29-05-2025 01:48
1766602,Copa,2025-05-29,23:55,Bélgica,Qatar,2,2,4,1.95,4.00,1.95,4.00,1.95,3.50,4.00,2-2,8.00,29-05-2025 01:48
1766609,Copa,2025-05-29,23:58,Países Baixos,Gana,5,0,5,2.05,3.60,2.05,3.60,2.05,3.50,3.60,5-0,7.50,29-05-2025 01:48
1767311,Premier,2025-05-29,5:00,Islington,West Ham,2,0,2,3.40,2.20,3.40,2.20,2.20,3.30,3.40,2-0,9.00,29-05-2025 01:50
1767318,Premier,2025-05-29,5:03,Newcastle,Norwich,2,0,2,3.00,2.30,3.00,2.30,2.30,3.60,3.00,2-0,6.50,29-05-2025 01:50
1767328,Premier,2025-05-29,5:06,Aston,Chelsea,1,1,2,2.37,3.00,2.37,3.00,3.00,3.40,2.37,1-1,8.00,29-05-2025 01:50
1767332,Premier,2025-05-29,5:09,Wolverhampton,Burnley,3,1,4,2.10,3.30,2.10,3.30,2.10,3.60,3.30,3-1,6.50,29-05-2025 01:50
1767338,Premier,2025-05-29,5:12,Aston,Leicester,1,2,3,2.70,2.62,2.62,2.70,2.70,3.30,2.62,1-2,8.50,29-05-2025 01:50
1767345,Premier,2025-05-29,5:15,Wolverhampton,Palace,0,0,0,3.25,2.15,3.25,2.15,2.15,3.60,3.25,0-0,6.50,29-05-2025 01:50
1767353,Premier,2025-05-29,5:18,Chelsea,Islington,0,2,2,2.80,2.45,2.80,2.45,2.45,3.50,2.80,0-2,7.50,29-05-2025 01:50
1767363,Premier,2025-05-29,5:21,Wolverhampton,Tottenham,0,0,0,2.75,2.55,2.75,2.55,2.55,3.40,2.75,0-0,7.50,29-05-2025 01:50
1767367,Premier,2025-05-29,5:24,Southampton,Everton,1,1,2,2.80,2.50,2.80,2.50,2.50,3.40,2.80,1-1,7.50,29-05-2025 01:50
1767377,Premier,2025-05-29,5:27,Islington,Palace,1,1,2,3.60,2.05,3.60,2.05,2.05,3.50,3.60,1-1,7.50,29-05-2025 01:50
1767381,Premier,2025-05-29,5:30,Leeds,West Ham,2,1,3,2.50,3.00,3.00,2.50,2.50,3.10,3.00,2-1,11.00,29-05-2025 01:50
1767388,Premier,2025-05-29,5:33,Newcastle,Chelsea,2,2,4,2.90,2.35,2.90,2.35,2.90,3.60,2.35,2-2,6.50,29-05-2025 01:50
1767395,Premier,2025-05-29,5:36,City,Aston,2,2,4,1.86,4.20,1.86,4.20,1.86,3.60,4.20,2-2,7.50,29-05-2025 01:50
1767402,Premier,2025-05-29,5:39,Wolverhampton,Liverpool,1,0,1,2.62,2.60,2.62,2.60,2.60,3.50,2.62,1-0,6.50,29-05-2025 01:50
1767409,Premier,2025-05-29,5:42,Brighton,Newcastle,1,4,5,2.55,2.62,2.55,2.62,2.55,3.60,2.62,1-4,6.00,29-05-2025 01:50
1767416,Premier,2025-05-29,5:45,Liverpool,Islington,3,3,6,2.45,2.80,2.45,2.80,2.45,3.50,2.80,3-3,7.50,29-05-2025 01:50
1767423,Premier,2025-05-29,5:48,Brentford,City,1,1,2,2.05,3.50,2.05,3.50,3.50,3.60,2.05,1-1,7.00,29-05-2025 01:50
1767171,Premier,2025-05-29,4:00,Liverpool,Leicester,3,1,4,2.25,3.20,2.25,3.20,2.25,3.40,3.20,3-1,7.50,29-05-2025 01:50
1767178,Premier,2025-05-29,4:03,Tottenham,Brighton,2,3,5,1.98,3.80,1.98,3.80,1.98,3.50,3.80,2-3,7.50,29-05-2025 01:50
1767185,Premier,2025-05-29,4:06,Leicester,Palace,1,1,2,3.20,2.25,3.20,2.25,2.25,3.50,3.20,1-1,7.50,29-05-2025 01:50
1767192,Premier,2025-05-29,4:09,City,Everton,0,2,2,3.60,2.00,3.60,2.00,2.00,3.60,3.60,0-2,6.50,29-05-2025 01:50
1767199,Premier,2025-05-29,4:12,West Ham,Watford,1,2,3,2.25,3.30,3.30,2.25,2.25,3.30,3.30,1-2,9.00,29-05-2025 01:50
1767206,Premier,2025-05-29,4:15,Palace,Burnley,0,4,4,2.35,2.90,2.35,2.90,2.35,3.50,2.90,0-4,7.00,29-05-2025 01:50
1767213,Premier,2025-05-29,4:18,Islington,Watford,1,0,1,3.75,2.00,3.75,2.00,2.00,3.50,3.75,1-0,7.50,29-05-2025 01:50
1767220,Premier,2025-05-29,4:21,Norwich,Brighton,1,2,3,2.40,2.87,2.87,2.40,2.40,3.60,2.87,1-2,6.50,29-05-2025 01:50
1767227,Premier,2025-05-29,4:24,United,Brentford,1,2,3,1.90,4.00,4.00,1.90,1.90,3.60,4.00,1-2,7.50,29-05-2025 01:50
1767234,Premier,2025-05-29,4:27,Watford,Everton,2,3,5,2.75,2.50,2.75,2.50,2.75,3.50,2.50,2-3,7.00,29-05-2025 01:50
1767244,Premier,2025-05-29,4:30,Leeds,Brighton,1,0,1,3.40,2.15,3.40,2.15,2.15,3.40,3.40,1-0,8.00,29-05-2025 01:50
1767248,Premier,2025-05-29,4:33,Newcastle,Liverpool,2,0,2,2.35,2.90,2.35,2.90,2.90,3.60,2.35,2-0,6.50,29-05-2025 01:50
1767255,Premier,2025-05-29,4:36,Leicester,Wolverhampton,1,0,1,2.75,2.50,2.75,2.50,2.50,3.50,2.75,1-0,7.00,29-05-2025 01:50
1767262,Premier,2025-05-29,4:39,Liverpool,Newcastle,3,1,4,2.05,3.50,2.05,3.50,2.05,3.60,3.50,3-1,6.50,29-05-2025 01:50
1767269,Premier,2025-05-29,4:42,Chelsea,Leeds,1,1,2,3.40,2.20,3.40,2.20,2.20,3.30,3.40,1-1,9.00,29-05-2025 01:50
1767276,Premier,2025-05-29,4:45,Leicester,Brighton,1,2,3,2.10,3.40,3.40,2.10,2.10,3.60,3.40,1-2,7.00,29-05-2025 01:50
1767285,Premier,2025-05-29,4:48,Everton,Southampton,0,0,0,3.00,2.37,3.00,2.37,2.37,3.40,3.00,0-0,7.50,29-05-2025 01:50
1767289,Premier,2025-05-29,4:51,Leeds,Aston,1,1,2,3.25,2.30,3.25,2.30,2.30,3.25,3.25,1-1,10.00,29-05-2025 01:50
1767297,Premier,2025-05-29,4:54,Islington,Brentford,4,0,4,2.00,3.75,2.00,3.75,2.00,3.50,3.75,4-0,7.50,29-05-2025 01:50
1767304,Premier,2025-05-29,4:57,Watford,Leicester,3,1,4,2.80,2.55,2.80,2.55,2.80,3.40,2.55,3-1,8.00,29-05-2025 01:50
1767031,Premier,2025-05-29,3:00,Norwich,West Ham,2,0,2,2.55,2.80,2.55,2.80,2.80,3.30,2.55,2-0,8.50,29-05-2025 01:50
1767038,Premier,2025-05-29,3:03,Brighton,Everton,1,1,2,2.40,2.80,2.40,2.80,2.80,3.60,2.40,1-1,6.50,29-05-2025 01:50
1767045,Premier,2025-05-29,3:06,Tottenham,United,2,0,2,2.62,2.70,2.62,2.70,2.70,3.30,2.62,2-0,8.50,29-05-2025 01:50
1767052,Premier,2025-05-29,3:09,Leeds,Newcastle,1,0,1,3.10,2.30,3.10,2.30,2.30,3.40,3.10,1-0,8.00,29-05-2025 01:50
1767059,Premier,2025-05-29,3:12,Islington,City,1,2,3,2.75,2.45,2.45,2.75,2.75,3.50,2.45,1-2,6.50,29-05-2025 01:50
1767066,Premier,2025-05-29,3:15,Tottenham,Brentford,0,0,0,3.75,2.05,3.75,2.05,2.05,3.40,3.75,0-0,9.00,29-05-2025 01:50
1767073,Premier,2025-05-29,3:18,Watford,Wolverhampton,3,3,6,2.80,2.40,2.80,2.40,2.80,3.50,2.40,3-3,7.00,29-05-2025 01:50
1767080,Premier,2025-05-29,3:21,Chelsea,Norwich,1,2,3,1.95,3.80,3.80,1.95,1.95,3.60,3.80,1-2,7.50,29-05-2025 01:50
1767087,Premier,2025-05-29,3:24,Brentford,United,1,1,2,2.15,3.30,2.15,3.30,3.30,3.50,2.15,1-1,7.50,29-05-2025 01:50
1767093,Premier,2025-05-29,3:27,Burnley,Leeds,0,2,2,2.62,2.70,2.62,2.70,2.70,3.30,2.62,0-2,8.50,29-05-2025 01:50
1767100,Premier,2025-05-29,3:30,Aston,Liverpool,0,0,0,2.37,3.00,2.37,3.00,3.00,3.40,2.37,0-0,8.00,29-05-2025 01:50
1767108,Premier,2025-05-29,3:33,United,Palace,3,0,3,1.95,3.80,3.80,1.95,1.95,3.60,3.80,3-0,7.50,29-05-2025 01:50
1767115,Premier,2025-05-29,3:36,Watford,Brighton,2,1,3,2.35,3.00,3.00,2.35,2.35,3.50,3.00,2-1,7.00,29-05-2025 01:50
1767122,Premier,2025-05-29,3:39,Leeds,Southampton,0,2,2,3.00,2.45,3.00,2.45,2.45,3.20,3.00,0-2,10.00,29-05-2025 01:50
1767129,Premier,2025-05-29,3:42,Brentford,Norwich,0,0,0,3.00,2.35,3.00,2.35,2.35,3.40,3.00,0-0,7.50,29-05-2025 01:50
1767136,Premier,2025-05-29,3:45,City,Southampton,2,2,4,1.95,3.80,1.95,3.80,1.95,3.60,3.80,2-2,7.50,29-05-2025 01:50
1767143,Premier,2025-05-29,3:48,West Ham,Aston,2,1,3,2.30,3.25,3.25,2.30,2.30,3.25,3.25,2-1,10.00,29-05-2025 01:50
1767150,Premier,2025-05-29,3:51,Brighton,United,2,1,3,3.40,2.07,2.07,3.40,3.40,3.60,2.07,2-1,6.50,29-05-2025 01:50
1767157,Premier,2025-05-29,3:54,Everton,Leeds,1,0,1,3.00,2.40,3.00,2.40,2.40,3.30,3.00,1-0,8.50,29-05-2025 01:50
1767164,Premier,2025-05-29,3:57,Wolverhampton,Newcastle,2,2,4,2.15,3.20,2.15,3.20,2.15,3.60,3.20,2-2,6.00,29-05-2025 01:50
1766891,Premier,2025-05-29,2:00,Palace,Islington,0,0,0,2.35,3.00,2.35,3.00,3.00,3.50,2.35,0-0,7.00,29-05-2025 01:50
1766898,Premier,2025-05-29,2:03,Everton,West Ham,0,1,1,3.00,2.40,3.00,2.40,2.40,3.30,3.00,0-1,8.50,29-05-2025 01:50
1766905,Premier,2025-05-29,2:06,Chelsea,Aston,2,1,3,2.05,3.60,3.60,2.05,2.05,3.50,3.60,2-1,8.00,29-05-2025 01:50
1766912,Premier,2025-05-29,2:09,Palace,Norwich,5,1,6,2.30,3.10,2.30,3.10,2.30,3.50,3.10,5-1,7.00,29-05-2025 01:50
1766918,Premier,2025-05-29,2:12,City,Newcastle,0,0,0,4.00,1.86,4.00,1.86,1.86,3.80,4.00,0-0,6.00,29-05-2025 01:50
1766926,Premier,2025-05-29,2:15,Brighton,Aston,0,3,3,2.60,2.70,2.70,2.60,2.60,3.50,2.70,0-3,7.00,29-05-2025 01:50
1766933,Premier,2025-05-29,2:18,United,Liverpool,2,1,3,2.30,3.00,3.00,2.30,2.30,3.50,3.00,2-1,7.50,29-05-2025 01:50
1766940,Premier,2025-05-29,2:21,Brentford,Burnley,2,4,6,2.40,2.87,2.40,2.87,2.40,3.50,2.87,2-4,7.00,29-05-2025 01:50
1766947,Premier,2025-05-29,2:24,Tottenham,Islington,0,0,0,2.80,2.55,2.80,2.55,2.55,3.30,2.80,0-0,8.50,29-05-2025 01:50
1766954,Premier,2025-05-29,2:27,Brighton,Brentford,1,1,2,2.75,2.50,2.75,2.50,2.50,3.50,2.75,1-1,7.00,29-05-2025 01:50
1766961,Premier,2025-05-29,2:30,Norwich,Burnley,0,0,0,2.75,2.50,2.75,2.50,2.50,3.50,2.75,0-0,7.00,29-05-2025 01:50
1766968,Premier,2025-05-29,2:33,Southampton,Brighton,2,2,4,2.15,3.30,2.15,3.30,2.15,3.50,3.30,2-2,7.00,29-05-2025 01:50
1766975,Premier,2025-05-29,2:36,Leeds,Islington,0,0,0,2.55,2.80,2.55,2.80,2.80,3.30,2.55,0-0,8.50,29-05-2025 01:50
1766982,Premier,2025-05-29,2:39,Tottenham,Burnley,1,1,2,3.60,2.05,3.60,2.05,2.05,3.50,3.60,1-1,8.00,29-05-2025 01:50
1766992,Premier,2025-05-29,2:42,Leeds,Liverpool,0,5,5,2.80,2.55,2.80,2.55,2.80,3.30,2.55,0-5,8.50,29-05-2025 01:50
1766996,Premier,2025-05-29,2:45,Everton,Wolverhampton,3,1,4,2.50,2.70,2.50,2.70,2.50,3.60,2.70,3-1,6.50,29-05-2025 01:50
1767003,Premier,2025-05-29,2:48,Tottenham,Liverpool,1,1,2,2.80,2.55,2.80,2.55,2.55,3.30,2.80,1-1,8.50,29-05-2025 01:50
1767010,Premier,2025-05-29,2:51,Watford,Chelsea,1,2,3,3.10,2.30,2.30,3.10,3.10,3.50,2.30,1-2,7.50,29-05-2025 01:50
1767017,Premier,2025-05-29,2:54,Tottenham,Leeds,2,0,2,3.40,2.25,3.40,2.25,2.25,3.20,3.40,2-0,10.00,29-05-2025 01:50
1767027,Premier,2025-05-29,2:57,Burnley,Aston,2,1,3,2.50,2.80,2.80,2.50,2.50,3.40,2.80,2-1,7.50,29-05-2025 01:50
1766751,Premier,2025-05-29,1:00,Burnley,Southampton,0,0,0,2.60,2.70,2.60,2.70,2.70,3.40,2.60,0-0,7.50,29-05-2025 01:50
1766758,Premier,2025-05-29,1:03,Aston,Brentford,1,2,3,2.37,3.00,3.00,2.37,2.37,3.40,3.00,1-2,8.50,29-05-2025 01:50
1766765,Premier,2025-05-29,1:06,Tottenham,Palace,1,0,1,3.50,2.10,3.50,2.10,2.10,3.40,3.50,1-0,8.50,29-05-2025 01:50
1766775,Premier,2025-05-29,1:09,Aston,Burnley,1,1,2,3.00,2.35,3.00,2.35,2.35,3.40,3.00,1-1,7.50,29-05-2025 01:50
1766779,Premier,2025-05-29,1:12,Islington,Leeds,3,1,4,2.20,3.40,2.20,3.40,2.20,3.30,3.40,3-1,9.00,29-05-2025 01:50
1766786,Premier,2025-05-29,1:15,Brighton,City,1,5,6,3.60,1.98,3.60,1.98,3.60,3.75,1.98,1-5,6.00,29-05-2025 01:50
1766793,Premier,2025-05-29,1:18,Chelsea,Wolverhampton,2,0,2,3.00,2.30,3.00,2.30,2.30,3.60,3.00,2-0,6.50,29-05-2025 01:50
1766800,Premier,2025-05-29,1:21,Aston,Leeds,2,0,2,2.75,2.62,2.75,2.62,2.62,3.20,2.75,2-0,10.00,29-05-2025 01:50
1766807,Premier,2025-05-29,1:24,Tottenham,City,1,1,2,2.45,2.90,2.45,2.90,2.90,3.40,2.45,1-1,7.50,29-05-2025 01:50
1766814,Premier,2025-05-29,1:27,Norwich,Aston,0,0,0,2.70,2.60,2.70,2.60,2.60,3.40,2.70,0-0,8.00,29-05-2025 01:50
1766821,Premier,2025-05-29,1:30,Southampton,Wolverhampton,1,2,3,2.60,2.70,2.70,2.60,2.60,3.50,2.70,1-2,7.00,29-05-2025 01:50
1766828,Premier,2025-05-29,1:33,West Ham,Burnley,1,1,2,3.30,2.20,3.30,2.20,2.20,3.40,3.30,1-1,8.50,29-05-2025 01:50
1766835,Premier,2025-05-29,1:36,Liverpool,Tottenham,0,3,3,2.40,3.00,3.00,2.40,2.40,3.30,3.00,0-3,8.50,29-05-2025 01:50
1766842,Premier,2025-05-29,1:39,Leicester,Brentford,0,0,0,3.40,2.15,3.40,2.15,2.15,3.40,3.40,0-0,8.00,29-05-2025 01:50
1766852,Premier,2025-05-29,1:42,Southampton,Chelsea,0,1,1,2.50,2.80,2.50,2.80,2.80,3.40,2.50,0-1,8.00,29-05-2025 01:50
1766856,Premier,2025-05-29,1:45,Norwich,Watford,1,1,2,2.80,2.50,2.80,2.50,2.50,3.40,2.80,1-1,7.50,29-05-2025 01:50
1766864,Premier,2025-05-29,1:48,Tottenham,Newcastle,2,1,3,2.10,3.50,3.50,2.10,2.10,3.50,3.50,2-1,7.50,29-05-2025 01:50
1766870,Premier,2025-05-29,1:51,Burnley,Liverpool,2,1,3,3.10,2.25,2.25,3.10,3.10,3.50,2.25,2-1,7.00,29-05-2025 01:50
1766877,Premier,2025-05-29,1:54,Norwich,Southampton,2,2,4,2.80,2.55,2.80,2.55,2.80,3.40,2.55,2-2,8.00,29-05-2025 01:50
1766884,Premier,2025-05-29,1:57,Tottenham,Everton,3,2,5,2.30,3.10,2.30,3.10,2.30,3.40,3.10,3-2,8.00,29-05-2025 01:50
1766612,Premier,2025-05-29,0:00,Brentford,Watford,0,1,1,2.90,2.45,2.90,2.45,2.45,3.40,2.90,0-1,8.00,29-05-2025 01:50
1766621,Premier,2025-05-29,0:03,Chelsea,City,1,0,1,2.45,2.75,2.45,2.75,2.75,3.50,2.45,1-0,6.50,29-05-2025 01:50
1766626,Premier,2025-05-29,0:06,Burnley,Wolverhampton,3,4,7,2.80,2.40,2.80,2.40,2.80,3.60,2.40,3-4,6.50,29-05-2025 01:50
1766633,Premier,2025-05-29,0:09,Palace,United,3,1,4,3.20,2.20,3.20,2.20,3.20,3.50,2.20,3-1,7.00,29-05-2025 01:50
1766640,Premier,2025-05-29,0:12,Liverpool,Brentford,0,2,2,3.75,2.00,3.75,2.00,2.00,3.50,3.75,0-2,7.50,29-05-2025 01:50
1766646,Premier,2025-05-29,0:15,Aston,Wolverhampton,0,0,0,2.50,2.75,2.50,2.75,2.75,3.50,2.50,0-0,7.00,29-05-2025 01:50
1766653,Premier,2025-05-29,0:18,Liverpool,Brighton,0,1,1,3.80,1.95,3.80,1.95,1.95,3.75,3.80,0-1,6.50,29-05-2025 01:50
1766660,Premier,2025-05-29,0:21,Burnley,Newcastle,4,1,5,2.45,2.70,2.45,2.70,2.45,3.60,2.70,4-1,6.50,29-05-2025 01:50
1766667,Premier,2025-05-29,0:24,Islington,Norwich,1,0,1,3.80,1.95,3.80,1.95,1.95,3.60,3.80,1-0,7.50,29-05-2025 01:50
1766674,Premier,2025-05-29,0:27,Brentford,Brighton,1,2,3,2.35,3.00,3.00,2.35,2.35,3.50,3.00,1-2,7.00,29-05-2025 01:50
1766681,Premier,2025-05-29,0:30,Palace,Aston,3,1,4,2.45,2.90,2.45,2.90,2.45,3.40,2.90,3-1,8.00,29-05-2025 01:50
1766688,Premier,2025-05-29,0:33,Southampton,Watford,2,1,3,2.25,3.25,3.25,2.25,2.25,3.40,3.25,2-1,8.50,29-05-2025 01:50
1766695,Premier,2025-05-29,0:36,Liverpool,Everton,0,1,1,3.10,2.25,3.10,2.25,2.25,3.50,3.10,0-1,7.00,29-05-2025 01:50
1766705,Premier,2025-05-29,0:39,Brentford,Aston,2,1,3,2.50,2.80,2.80,2.50,2.50,3.30,2.80,2-1,8.50,29-05-2025 01:50
1766709,Premier,2025-05-29,0:42,City,Brighton,2,1,3,1.76,4.33,4.33,1.76,1.76,3.80,4.33,2-1,6.00,29-05-2025 01:50
1766716,Premier,2025-05-29,0:45,Leeds,Leicester,2,0,2,2.87,2.55,2.87,2.55,2.55,3.25,2.87,2-0,9.00,29-05-2025 01:50
1766726,Premier,2025-05-29,0:48,Norwich,Palace,1,0,1,2.70,2.60,2.70,2.60,2.60,3.50,2.70,1-0,7.00,29-05-2025 01:50
1766730,Premier,2025-05-29,0:51,Tottenham,Aston,2,0,2,3.60,2.10,3.60,2.10,2.10,3.30,3.60,2-0,9.00,29-05-2025 01:50
1766737,Premier,2025-05-29,0:54,Burnley,Brentford,3,0,3,2.40,2.87,2.87,2.40,2.40,3.50,2.87,3-0,7.00,29-05-2025 01:50
1766744,Premier,2025-05-29,0:57,Leeds,Tottenham,1,1,2,2.70,2.75,2.70,2.75,2.75,3.20,2.70,1-1,10.00,29-05-2025 01:50
1766474,Premier,2025-05-29,23:00,Wolverhampton,Leeds,1,1,2,3.10,2.30,3.10,2.30,2.30,3.40,3.10,1-1,8.00,29-05-2025 01:50
1766481,Premier,2025-05-29,23:03,Liverpool,Aston,1,0,1,3.60,2.05,3.60,2.05,2.05,3.50,3.60,1-0,8.00,29-05-2025 01:50
1766490,Premier,2025-05-29,23:06,Tottenham,Norwich,0,1,1,3.80,2.00,3.80,2.00,2.00,3.50,3.80,0-1,8.50,29-05-2025 01:50
1766495,Premier,2025-05-29,23:09,Aston,West Ham,2,1,3,2.62,2.75,2.75,2.62,2.62,3.20,2.75,2-1,10.00,29-05-2025 01:50
1766502,Premier,2025-05-29,23:12,Tottenham,Watford,1,1,2,3.75,2.05,3.75,2.05,2.05,3.40,3.75,1-1,9.00,29-05-2025 01:50
1766509,Premier,2025-05-29,23:15,Leeds,United,0,1,1,2.40,3.00,2.40,3.00,3.00,3.30,2.40,0-1,8.50,29-05-2025 01:50
1766516,Premier,2025-05-29,23:18,Palace,Watford,2,1,3,2.35,3.00,3.00,2.35,2.35,3.40,3.00,2-1,7.50,29-05-2025 01:50
1766526,Premier,2025-05-29,23:21,Wolverhampton,Norwich,1,0,1,3.50,2.05,3.50,2.05,2.05,3.60,3.50,1-0,6.50,29-05-2025 01:50
1766530,Premier,2025-05-29,23:24,Brentford,Liverpool,1,0,1,2.30,3.10,2.30,3.10,3.10,3.50,2.30,1-0,7.50,29-05-2025 01:50
1766537,Premier,2025-05-29,23:27,West Ham,Wolverhampton,1,4,5,2.60,2.70,2.60,2.70,2.60,3.40,2.70,1-4,8.00,29-05-2025 01:50
1766544,Premier,2025-05-29,23:30,Everton,Newcastle,1,0,1,3.10,2.20,3.10,2.20,2.20,3.60,3.10,1-0,6.50,29-05-2025 01:50
1766554,Premier,2025-05-29,23:33,Watford,Islington,2,0,2,2.30,3.10,2.30,3.10,3.10,3.50,2.30,2-0,7.50,29-05-2025 01:50
1766561,Premier,2025-05-29,23:36,Wolverhampton,Liverpool,2,1,3,2.60,2.62,2.62,2.60,2.60,3.50,2.62,2-1,6.50,29-05-2025 01:50
1766565,Premier,2025-05-29,23:39,Watford,City,1,1,2,2.05,3.50,2.05,3.50,3.50,3.60,2.05,1-1,7.00,29-05-2025 01:50
1766572,Premier,2025-05-29,23:42,Chelsea,Everton,0,2,2,3.10,2.25,3.10,2.25,2.25,3.50,3.10,0-2,7.00,29-05-2025 01:50
1766579,Premier,2025-05-29,23:45,West Ham,Southampton,1,1,2,3.00,2.45,3.00,2.45,2.45,3.20,3.00,1-1,10.00,29-05-2025 01:50
1766586,Premier,2025-05-29,23:48,Chelsea,Burnley,4,1,5,2.00,3.75,2.00,3.75,2.00,3.60,3.75,4-1,7.00,29-05-2025 01:50
1766593,Premier,2025-05-29,23:51,Brentford,Southampton,0,0,0,2.62,2.70,2.62,2.70,2.70,3.30,2.62,0-0,8.50,29-05-2025 01:50
1766600,Premier,2025-05-29,23:54,Leeds,Burnley,0,0,0,3.30,2.20,3.30,2.20,2.20,3.40,3.30,0-0,8.50,29-05-2025 01:50
1766607,Premier,2025-05-29,23:57,Southampton,Norwich,1,3,4,2.15,3.40,2.15,3.40,2.15,3.40,3.40,1-3,8.00,29-05-2025 01:50
1767314,Super,2025-05-29,5:01,Agua Branca,Montevideo,2,0,2,3.80,1.95,3.80,1.95,1.95,3.60,3.80,2-0,6.50,29-05-2025 01:48
1767321,Super,2025-05-29,5:04,Penarol,Asuncion,3,2,5,2.30,3.20,2.30,3.20,2.30,3.30,3.20,3-2,8.50,29-05-2025 01:48
1767327,Super,2025-05-29,5:07,Guayaquil,Medellin,4,1,5,2.37,3.00,2.37,3.00,2.37,3.40,3.00,4-1,7.50,29-05-2025 01:48
1767335,Super,2025-05-29,5:10,Montevideo,Buenos Aires,1,0,1,2.25,3.00,2.25,3.00,3.00,3.60,2.25,1-0,6.50,29-05-2025 01:48
1767341,Super,2025-05-29,5:13,Asuncion,Guayaquil,1,0,1,2.70,2.60,2.70,2.60,2.60,3.50,2.70,1-0,7.00,29-05-2025 01:48
1767349,Super,2025-05-29,5:16,Penarol,Medellin,0,3,3,2.37,3.10,3.10,2.37,2.37,3.25,3.10,0-3,9.00,29-05-2025 01:48
1767355,Super,2025-05-29,5:19,Bogota,La Boca,2,1,3,2.87,2.60,2.60,2.87,2.87,3.20,2.60,2-1,10.00,29-05-2025 01:48
1767362,Super,2025-05-29,5:22,Santos,Agua Branca,1,2,3,2.70,2.60,2.60,2.70,2.70,3.40,2.60,1-2,7.50,29-05-2025 01:48
1767370,Super,2025-05-29,5:25,Belo Horizonte,Penarol,0,1,1,4.00,1.90,4.00,1.90,1.90,3.60,4.00,0-1,8.00,29-05-2025 01:48
1767375,Super,2025-05-29,5:28,Lima,Porto Alegre,0,2,2,2.40,3.00,2.40,3.00,3.00,3.30,2.40,0-2,8.50,29-05-2025 01:48
1767384,Super,2025-05-29,5:31,Belo Horizonte,Asuncion,1,1,2,4.33,1.83,4.33,1.83,1.83,3.75,4.33,1-1,7.00,29-05-2025 01:48
1767390,Super,2025-05-29,5:34,Quito,Penarol,2,0,2,2.90,2.45,2.90,2.45,2.45,3.30,2.90,2-0,8.50,29-05-2025 01:48
1767398,Super,2025-05-29,5:37,Buenos Aires,Avellaneda,1,4,5,2.25,3.10,2.25,3.10,2.25,3.50,3.10,1-4,7.00,29-05-2025 01:48
1767404,Super,2025-05-29,5:40,Penarol,La Plata,2,0,2,2.70,2.75,2.70,2.75,2.75,3.20,2.70,2-0,10.00,29-05-2025 01:48
1767412,Super,2025-05-29,5:43,Santos,Lima,0,0,0,3.80,1.98,3.80,1.98,1.98,3.50,3.80,0-0,7.50,29-05-2025 01:48
1767419,Super,2025-05-29,5:46,Sao Paulo,La Boca,1,0,1,2.62,2.62,2.62,2.62,2.62,3.50,2.62,1-0,7.50,29-05-2025 01:48
1767173,Super,2025-05-29,4:01,La Boca,Itaquera,1,2,3,2.40,3.00,3.00,2.40,2.40,3.30,3.00,1-2,8.50,29-05-2025 01:48
1767181,Super,2025-05-29,4:04,Buenos Aires,Penarol,3,2,5,2.10,3.40,2.10,3.40,2.10,3.50,3.40,3-2,7.50,29-05-2025 01:48
1767188,Super,2025-05-29,4:07,Guayaquil,Lima,0,1,1,3.25,2.15,3.25,2.15,2.15,3.60,3.25,0-1,6.50,29-05-2025 01:48
1767198,Super,2025-05-29,4:10,Rio de Janeiro,Belo Horizonte,3,1,4,2.60,2.62,2.60,2.62,2.60,3.50,2.62,3-1,6.50,29-05-2025 01:48
1767201,Super,2025-05-29,4:13,Buenos Aires,Guayaquil,0,1,1,3.30,2.10,3.30,2.10,2.10,3.60,3.30,0-1,6.50,29-05-2025 01:48
1767209,Super,2025-05-29,4:16,La Plata,Agua Branca,0,1,1,2.62,2.70,2.62,2.70,2.70,3.30,2.62,0-1,8.50,29-05-2025 01:48
1767218,Super,2025-05-29,4:19,Belo Horizonte,Guayaquil,0,0,0,3.80,1.90,3.80,1.90,1.90,3.75,3.80,0-0,6.50,29-05-2025 01:48
1767223,Super,2025-05-29,4:22,Santiago,Bogota,2,0,2,2.50,2.80,2.50,2.80,2.80,3.40,2.50,2-0,8.00,29-05-2025 01:48
1767230,Super,2025-05-29,4:25,Sao Paulo,Rio de Janeiro,0,1,1,2.45,2.75,2.45,2.75,2.75,3.50,2.45,0-1,6.50,29-05-2025 01:48
1767239,Super,2025-05-29,4:28,Santos,Santiago,0,0,0,3.60,2.05,3.60,2.05,2.05,3.60,3.60,0-0,7.00,29-05-2025 01:48
1767243,Super,2025-05-29,4:31,Avellaneda,Asuncion,1,0,1,3.40,2.15,3.40,2.15,2.15,3.40,3.40,1-0,8.00,29-05-2025 01:48
1767251,Super,2025-05-29,4:34,Itaquera,Sao Paulo,0,0,0,2.90,2.35,2.90,2.35,2.35,3.50,2.90,0-0,7.00,29-05-2025 01:48
1767258,Super,2025-05-29,4:37,Santiago,Penarol,1,2,3,2.70,2.60,2.60,2.70,2.70,3.40,2.60,1-2,7.50,29-05-2025 01:48
1767264,Super,2025-05-29,4:40,Rio de Janeiro,Bogota,2,1,3,2.07,3.75,3.75,2.07,2.07,3.40,3.75,2-1,9.00,29-05-2025 01:48
1767272,Super,2025-05-29,4:43,Montevideo,Santiago,1,1,2,2.90,2.35,2.90,2.35,2.35,3.60,2.90,1-1,6.50,29-05-2025 01:48
1767278,Super,2025-05-29,4:46,Buenos Aires,Rio de Janeiro,1,3,4,2.60,2.62,2.60,2.62,2.60,3.50,2.62,1-3,6.50,29-05-2025 01:48
1767284,Super,2025-05-29,4:49,Belo Horizonte,Lima,2,1,3,1.72,4.75,4.75,1.72,1.72,3.80,4.75,2-1,6.50,29-05-2025 01:48
1767293,Super,2025-05-29,4:52,Buenos Aires,Itaquera,1,1,2,2.90,2.37,2.90,2.37,2.37,3.50,2.90,1-1,7.00,29-05-2025 01:48
1767299,Super,2025-05-29,4:55,Guayaquil,Santos,3,0,3,2.70,2.60,2.60,2.70,2.70,3.40,2.60,3-0,7.50,29-05-2025 01:48
1767307,Super,2025-05-29,4:58,Belo Horizonte,Rio de Janeiro,4,2,6,2.30,3.00,2.30,3.00,2.30,3.50,3.00,4-2,7.00,29-05-2025 01:48
1767033,Super,2025-05-29,3:01,Montevideo,Asuncion,1,0,1,2.87,2.40,2.87,2.40,2.40,3.50,2.87,1-0,7.00,29-05-2025 01:48
1767041,Super,2025-05-29,3:04,Penarol,Itaquera,1,1,2,2.55,2.80,2.55,2.80,2.80,3.30,2.55,1-1,8.50,29-05-2025 01:48
1767048,Super,2025-05-29,3:07,Santiago,Medellin,2,0,2,2.70,2.60,2.70,2.60,2.60,3.50,2.70,2-0,7.00,29-05-2025 01:48
1767054,Super,2025-05-29,3:10,Porto Alegre,Belo Horizonte,0,2,2,2.30,3.10,2.30,3.10,3.10,3.40,2.30,0-2,8.50,29-05-2025 01:48
1767064,Super,2025-05-29,3:13,Rio de Janeiro,Medellin,0,0,0,4.00,1.95,4.00,1.95,1.95,3.50,4.00,0-0,8.00,29-05-2025 01:48
1767069,Super,2025-05-29,3:16,Buenos Aires,Sao Paulo,2,1,3,2.30,3.00,3.00,2.30,2.30,3.60,3.00,2-1,6.00,29-05-2025 01:48
1767075,Super,2025-05-29,3:19,Belo Horizonte,Medellin,1,1,2,4.20,1.86,4.20,1.86,1.86,3.60,4.20,1-1,7.50,29-05-2025 01:48
1767083,Super,2025-05-29,3:22,Penarol,Lima,0,0,0,3.40,2.15,3.40,2.15,2.15,3.40,3.40,0-0,8.00,29-05-2025 01:48
1767089,Super,2025-05-29,3:25,Quito,La Plata,2,1,3,2.75,2.62,2.62,2.75,2.75,3.25,2.62,2-1,9.00,29-05-2025 01:48
1767096,Super,2025-05-29,3:28,Santos,Guayaquil,2,0,2,3.20,2.25,3.20,2.25,2.25,3.50,3.20,2-0,7.50,29-05-2025 01:48
1767104,Super,2025-05-29,3:31,Montevideo,Agua Branca,3,0,3,3.20,2.20,2.20,3.20,3.20,3.60,2.20,3-0,6.50,29-05-2025 01:48
1767110,Super,2025-05-29,3:34,Avellaneda,Santiago,0,0,0,3.40,2.10,3.40,2.10,2.10,3.60,3.40,0-0,7.00,29-05-2025 01:48
1767118,Super,2025-05-29,3:37,Agua Branca,Medellin,1,2,3,2.00,3.75,3.75,2.00,2.00,3.50,3.75,1-2,7.50,29-05-2025 01:48
1767124,Super,2025-05-29,3:40,Lima,Itaquera,0,2,2,2.20,3.20,2.20,3.20,3.20,3.50,2.20,0-2,7.00,29-05-2025 01:48
1767134,Super,2025-05-29,3:43,Santiago,Belo Horizonte,1,2,3,3.60,1.98,1.98,3.60,3.60,3.75,1.98,1-2,6.00,29-05-2025 01:48
1767139,Super,2025-05-29,3:46,La Plata,Penarol,1,0,1,3.40,2.25,3.40,2.25,2.25,3.20,3.40,1-0,10.00,29-05-2025 01:48
1767146,Super,2025-05-29,3:49,Sao Paulo,Asuncion,0,0,0,3.40,2.10,3.40,2.10,2.10,3.60,3.40,0-0,7.00,29-05-2025 01:48
1767152,Super,2025-05-29,3:52,Santos,Buenos Aires,3,0,3,2.60,2.70,2.70,2.60,2.60,3.50,2.70,3-0,7.00,29-05-2025 01:48
1767160,Super,2025-05-29,3:55,Avellaneda,Belo Horizonte,1,1,2,2.25,3.10,2.25,3.10,3.10,3.50,2.25,1-1,7.00,29-05-2025 01:48
1767167,Super,2025-05-29,3:58,Lima,Santiago,2,1,3,2.45,2.75,2.75,2.45,2.45,3.60,2.75,2-1,6.50,29-05-2025 01:48
1766894,Super,2025-05-29,2:01,Avellaneda,Guayaquil,1,3,4,2.30,3.10,2.30,3.10,2.30,3.50,3.10,1-3,7.00,29-05-2025 01:48
1766900,Super,2025-05-29,2:04,Itaquera,Buenos Aires,1,1,2,2.75,2.50,2.75,2.50,2.50,3.50,2.75,1-1,7.00,29-05-2025 01:48
1766908,Super,2025-05-29,2:07,Bogota,Rio de Janeiro,1,2,3,3.00,2.40,2.40,3.00,3.00,3.30,2.40,1-2,8.50,29-05-2025 01:48
1766917,Super,2025-05-29,2:10,Santiago,Sao Paulo,3,1,4,2.90,2.30,2.90,2.30,2.90,3.60,2.30,3-1,6.00,29-05-2025 01:48
1766921,Super,2025-05-29,2:13,Asuncion,Avellaneda,3,2,5,2.80,2.55,2.80,2.55,2.80,3.40,2.55,3-2,8.00,29-05-2025 01:48
1766928,Super,2025-05-29,2:16,Montevideo,Sao Paulo,2,2,4,2.80,2.40,2.80,2.40,2.80,3.60,2.40,2-2,6.50,29-05-2025 01:48
1766936,Super,2025-05-29,2:19,Asuncion,Agua Branca,1,1,2,2.20,3.20,2.20,3.20,3.20,3.50,2.20,1-1,7.00,29-05-2025 01:48
1766943,Super,2025-05-29,2:22,Santiago,Lima,5,0,5,2.35,2.90,2.35,2.90,2.35,3.60,2.90,5-0,6.50,29-05-2025 01:48
1766949,Super,2025-05-29,2:25,Rio de Janeiro,Quito,3,1,4,2.00,3.75,2.00,3.75,2.00,3.50,3.75,3-1,7.50,29-05-2025 01:48
1766957,Super,2025-05-29,2:28,Asuncion,Santiago,0,0,0,3.00,2.35,3.00,2.35,2.35,3.50,3.00,0-0,7.00,29-05-2025 01:48
1766963,Super,2025-05-29,2:31,Rio de Janeiro,Guayaquil,0,1,1,3.60,2.00,3.60,2.00,2.00,3.60,3.60,0-1,7.00,29-05-2025 01:48
1766970,Super,2025-05-29,2:34,Agua Branca,Lima,2,1,3,1.85,4.20,4.20,1.85,1.85,3.75,4.20,2-1,6.50,29-05-2025 01:48
1766978,Super,2025-05-29,2:37,Belo Horizonte,Sao Paulo,2,3,5,2.05,3.40,2.05,3.40,2.05,3.75,3.40,2-3,6.00,29-05-2025 01:48
1766985,Super,2025-05-29,2:40,Medellin,Quito,0,1,1,2.80,2.50,2.80,2.50,2.50,3.30,2.80,0-1,8.50,29-05-2025 01:48
1766991,Super,2025-05-29,2:43,Guayaquil,Belo Horizonte,2,1,3,3.25,2.15,2.15,3.25,3.25,3.60,2.15,2-1,6.50,29-05-2025 01:48
1766998,Super,2025-05-29,2:46,Lima,La Plata,1,1,2,2.30,3.10,2.30,3.10,3.10,3.40,2.30,1-1,8.50,29-05-2025 01:48
1767005,Super,2025-05-29,2:49,Santos,Medellin,0,0,0,3.40,2.20,3.40,2.20,2.20,3.30,3.40,0-0,9.00,29-05-2025 01:48
1767012,Super,2025-05-29,2:52,Sao Paulo,Guayaquil,1,2,3,2.20,3.10,3.10,2.20,2.20,3.60,3.10,1-2,6.50,29-05-2025 01:48
1767020,Super,2025-05-29,2:55,Quito,Avellaneda,2,1,3,2.60,2.70,2.70,2.60,2.60,3.40,2.70,2-1,8.00,29-05-2025 01:48
1767026,Super,2025-05-29,2:58,Buenos Aires,Bogota,3,4,7,2.20,3.30,2.20,3.30,2.20,3.40,3.30,3-4,8.00,29-05-2025 01:48
1766753,Super,2025-05-29,1:01,Medellin,Sao Paulo,2,0,2,2.50,2.75,2.50,2.75,2.75,3.50,2.50,2-0,7.00,29-05-2025 01:48
1766761,Super,2025-05-29,1:04,Guayaquil,Agua Branca,2,0,2,2.35,2.90,2.35,2.90,2.90,3.60,2.35,2-0,6.50,29-05-2025 01:48
1766767,Super,2025-05-29,1:07,La Boca,Buenos Aires,1,1,2,2.87,2.45,2.87,2.45,2.45,3.50,2.87,1-1,7.50,29-05-2025 01:48
1766774,Super,2025-05-29,1:10,Sao Paulo,Avellaneda,0,2,2,2.90,2.37,2.90,2.37,2.37,3.50,2.90,0-2,7.00,29-05-2025 01:48
1766781,Super,2025-05-29,1:13,Santos,Quito,0,0,0,3.25,2.25,3.25,2.25,2.25,3.40,3.25,0-0,8.50,29-05-2025 01:48
1766789,Super,2025-05-29,1:16,La Plata,Medellin,0,1,1,3.50,2.20,3.50,2.20,2.20,3.25,3.50,0-1,10.00,29-05-2025 01:48
1766796,Super,2025-05-29,1:19,Penarol,Avellaneda,1,0,1,2.75,2.62,2.75,2.62,2.62,3.30,2.75,1-0,8.50,29-05-2025 01:48
1766802,Super,2025-05-29,1:22,Bogota,Medellin,2,0,2,3.25,2.30,3.25,2.30,2.30,3.25,3.25,2-0,10.00,29-05-2025 01:48
1766810,Super,2025-05-29,1:25,Montevideo,Itaquera,1,1,2,2.35,3.00,2.35,3.00,3.00,3.50,2.35,1-1,7.00,29-05-2025 01:48
1766817,Super,2025-05-29,1:28,Penarol,La Boca,0,2,2,2.50,2.90,2.50,2.90,2.90,3.25,2.50,0-2,9.00,29-05-2025 01:48
1766824,Super,2025-05-29,1:31,Santiago,Porto Alegre,0,4,4,2.90,2.45,2.90,2.45,2.90,3.30,2.45,0-4,8.50,29-05-2025 01:48
1766831,Super,2025-05-29,1:34,Itaquera,Bogota,0,1,1,3.30,2.25,3.30,2.25,2.25,3.30,3.30,0-1,9.00,29-05-2025 01:48
1766837,Super,2025-05-29,1:37,Rio de Janeiro,Avellaneda,0,0,0,3.40,2.10,3.40,2.10,2.10,3.50,3.40,0-0,7.50,29-05-2025 01:48
1766844,Super,2025-05-29,1:40,Medellin,Lima,2,1,3,2.20,3.25,3.25,2.20,2.20,3.50,3.25,2-1,7.50,29-05-2025 01:48
1766851,Super,2025-05-29,1:43,Asuncion,Itaquera,0,3,3,3.00,2.37,2.37,3.00,3.00,3.40,2.37,0-3,8.00,29-05-2025 01:48
1766859,Super,2025-05-29,1:46,Montevideo,La Boca,1,1,2,2.30,3.10,2.30,3.10,3.10,3.40,2.30,1-1,7.50,29-05-2025 01:48
1766866,Super,2025-05-29,1:49,Porto Alegre,Asuncion,2,0,2,3.50,2.20,3.50,2.20,2.20,3.25,3.50,2-0,10.00,29-05-2025 01:48
1766872,Super,2025-05-29,1:52,Avellaneda,Rio de Janeiro,0,1,1,2.45,2.90,2.45,2.90,2.90,3.40,2.45,0-1,7.50,29-05-2025 01:48
1766880,Super,2025-05-29,1:55,Agua Branca,Belo Horizonte,1,0,1,2.55,2.70,2.55,2.70,2.70,3.60,2.55,1-0,6.50,29-05-2025 01:48
1766887,Super,2025-05-29,1:58,Porto Alegre,Bogota,2,0,2,3.20,2.40,3.20,2.40,2.40,3.10,3.20,2-0,11.00,29-05-2025 01:48
1766615,Super,2025-05-29,0:01,Agua Branca,Buenos Aires,1,1,2,2.87,2.35,2.87,2.35,2.35,3.60,2.87,1-1,6.50,29-05-2025 01:48
1766624,Super,2025-05-29,0:04,Guayaquil,Quito,1,2,3,2.45,2.87,2.87,2.45,2.45,3.50,2.87,1-2,7.00,29-05-2025 01:48
1766628,Super,2025-05-29,0:07,Belo Horizonte,La Plata,0,0,0,3.60,2.07,3.60,2.07,2.07,3.40,3.60,0-0,8.00,29-05-2025 01:48
1766635,Super,2025-05-29,0:10,Bogota,Asuncion,0,0,0,3.30,2.25,3.30,2.25,2.25,3.30,3.30,0-0,9.00,29-05-2025 01:48
1766642,Super,2025-05-29,0:13,Medellin,Guayaquil,1,1,2,2.80,2.50,2.80,2.50,2.50,3.40,2.80,1-1,7.50,29-05-2025 01:48
1766649,Super,2025-05-29,0:16,Buenos Aires,Montevideo,0,1,1,3.60,2.00,3.60,2.00,2.00,3.75,3.60,0-1,6.50,29-05-2025 01:48
1766656,Super,2025-05-29,0:19,Agua Branca,Guayaquil,2,0,2,3.50,2.05,3.50,2.05,2.05,3.60,3.50,2-0,6.50,29-05-2025 01:48
1766665,Super,2025-05-29,0:22,Itaquera,Porto Alegre,3,0,3,2.35,3.20,3.20,2.35,2.35,3.20,3.20,3-0,10.00,29-05-2025 01:48
1766670,Super,2025-05-29,0:25,Lima,Avellaneda,0,0,0,2.35,3.00,2.35,3.00,3.00,3.50,2.35,0-0,7.00,29-05-2025 01:48
1766677,Super,2025-05-29,0:28,Montevideo,Bogota,0,1,1,2.62,2.70,2.62,2.70,2.70,3.30,2.62,0-1,8.50,29-05-2025 01:48
1766684,Super,2025-05-29,0:31,Avellaneda,Buenos Aires,5,2,7,2.70,2.55,2.70,2.55,2.70,3.50,2.55,5-2,7.00,29-05-2025 01:48
1766690,Super,2025-05-29,0:34,La Boca,Asuncion,0,0,0,3.80,2.00,3.80,2.00,2.00,3.40,3.80,0-0,8.50,29-05-2025 01:48
1766697,Super,2025-05-29,0:37,Belo Horizonte,Santos,1,1,2,3.50,2.07,3.50,2.07,2.07,3.50,3.50,1-1,7.50,29-05-2025 01:48
1766704,Super,2025-05-29,0:40,Asuncion,La Boca,0,3,3,3.10,2.30,2.30,3.10,3.10,3.40,2.30,0-3,8.50,29-05-2025 01:48
1766712,Super,2025-05-29,0:43,Lima,Penarol,0,1,1,2.55,2.80,2.55,2.80,2.80,3.40,2.55,0-1,8.00,29-05-2025 01:48
1766718,Super,2025-05-29,0:46,Guayaquil,Sao Paulo,4,0,4,2.62,2.55,2.62,2.55,2.62,3.60,2.55,4-0,6.50,29-05-2025 01:48
1766725,Super,2025-05-29,0:49,Medellin,Santos,0,1,1,2.55,2.80,2.55,2.80,2.80,3.30,2.55,0-1,8.50,29-05-2025 01:48
1766732,Super,2025-05-29,0:52,La Plata,Belo Horizonte,0,1,1,2.37,3.00,2.37,3.00,3.00,3.40,2.37,0-1,8.00,29-05-2025 01:48
1766740,Super,2025-05-29,0:55,Avellaneda,Agua Branca,0,1,1,2.50,2.80,2.50,2.80,2.80,3.50,2.50,0-1,7.00,29-05-2025 01:48
1766747,Super,2025-05-29,0:58,La Boca,Belo Horizonte,2,1,3,2.80,2.50,2.50,2.80,2.80,3.50,2.50,2-1,7.50,29-05-2025 01:48
1766477,Super,2025-05-29,23:01,Buenos Aires,Porto Alegre,3,1,4,2.25,3.25,2.25,3.25,2.25,3.40,3.25,3-1,8.50,29-05-2025 01:48
1766484,Super,2025-05-29,23:04,La Boca,Bogota,2,3,5,2.20,3.50,2.20,3.50,2.20,3.25,3.50,2-3,10.00,29-05-2025 01:48
1766489,Super,2025-05-29,23:07,Belo Horizonte,Montevideo,3,3,6,1.83,4.20,1.83,4.20,1.83,3.80,4.20,3-3,6.50,29-05-2025 01:48
1766498,Super,2025-05-29,23:10,Penarol,Santos,5,1,6,2.75,2.62,2.75,2.62,2.75,3.25,2.62,5-1,9.00,29-05-2025 01:48
1766505,Super,2025-05-29,23:13,Avellaneda,Sao Paulo,1,0,1,2.75,2.50,2.75,2.50,2.50,3.50,2.75,1-0,7.00,29-05-2025 01:48
1766511,Super,2025-05-29,23:16,Buenos Aires,Santiago,2,1,3,1.95,3.75,3.75,1.95,1.95,3.75,3.75,2-1,6.00,29-05-2025 01:48
1766519,Super,2025-05-29,23:19,La Boca,Guayaquil,1,0,1,3.50,2.10,3.50,2.10,2.10,3.50,3.50,1-0,7.50,29-05-2025 01:48
1766525,Super,2025-05-29,23:22,Belo Horizonte,Penarol,1,0,1,4.00,1.90,4.00,1.90,1.90,3.60,4.00,1-0,8.00,29-05-2025 01:48
1766533,Super,2025-05-29,23:25,Santiago,Itaquera,2,3,5,3.10,2.25,3.10,2.25,3.10,3.50,2.25,2-3,7.00,29-05-2025 01:48
1766540,Super,2025-05-29,23:28,La Boca,Lima,1,1,2,4.20,1.90,4.20,1.90,1.90,3.60,4.20,1-1,7.50,29-05-2025 01:48
1766546,Super,2025-05-29,23:31,Porto Alegre,Quito,1,1,2,3.25,2.30,3.25,2.30,2.30,3.25,3.25,1-1,10.00,29-05-2025 01:48
1766553,Super,2025-05-29,23:34,Penarol,La Plata,3,2,5,2.75,2.70,2.75,2.70,2.75,3.20,2.70,3-2,10.00,29-05-2025 01:48
1766560,Super,2025-05-29,23:37,Rio de Janeiro,La Boca,1,0,1,3.10,2.35,3.10,2.35,2.35,3.40,3.10,1-0,8.00,29-05-2025 01:48
1766568,Super,2025-05-29,23:40,La Plata,Itaquera,0,1,1,2.87,2.55,2.87,2.55,2.55,3.25,2.87,0-1,9.00,29-05-2025 01:48
1766575,Super,2025-05-29,23:43,Medellin,Montevideo,2,0,2,3.00,2.35,3.00,2.35,2.35,3.40,3.00,2-0,7.50,29-05-2025 01:48
1766582,Super,2025-05-29,23:46,Penarol,Santiago,2,1,3,2.20,3.25,3.25,2.20,2.20,3.50,3.25,2-1,7.50,29-05-2025 01:48
1766588,Super,2025-05-29,23:49,La Plata,Quito,1,0,1,3.30,2.25,3.30,2.25,2.25,3.30,3.30,1-0,9.00,29-05-2025 01:48
1766595,Super,2025-05-29,23:52,Santos,Itaquera,0,1,1,2.80,2.55,2.80,2.55,2.55,3.30,2.80,0-1,8.50,29-05-2025 01:48
1766603,Super,2025-05-29,23:55,Montevideo,Lima,0,0,0,3.00,2.25,3.00,2.25,2.25,3.60,3.00,0-0,6.50,29-05-2025 01:48
