Id da partida,Campeonato,Data,Tempo,Time da casa,Time contra,Gols time casa,Gols time contra,Gols totais,Odd Over 2.5,Odd Under 2.5,Odd Over 3.5,Odd Under 3.5,Odd Casa Vence,Odd Empate,Odd Visitante Vence,Placar Exato,Odd Placar Exato,Data das odds,HORA,COLUNA,PROBABILIDADE,OUTCOME
1729278,Euro,2025-05-17,1900-01-01 21:02:00,Hungria,Portugal,1,0,1,2.5,2.8,2.5,2.8,2.8,3.4,2.5,1-0,8.0,2025-05-17 17:19:00,21,2,0.4796163069544364,2
1729285,Euro,2025-05-17,1900-01-01 21:05:00,Ucrânia,Eslováquia,3,0,3,2.3,3.1,3.1,2.3,2.3,3.4,3.1,3-0,8.0,2025-05-17 17:19:00,21,5,0.5533542565712045,2
1729291,Euro,2025-05-17,1900-01-01 21:08:00,Bélgica,França,0,3,3,2.7,2.55,2.55,2.7,2.7,3.6,2.55,0-3,6.5,2025-05-17 17:19:00,21,8,0.4895287958115183,0
1729299,Euro,2025-05-17,1900-01-01 21:11:00,Romênia,Ucrânia,1,1,2,2.87,2.45,2.87,2.45,2.45,3.5,2.87,1-1,7.5,2025-05-17 17:19:00,21,11,0.5286532951289398,1
1729305,Euro,2025-05-17,1900-01-01 21:14:00,Turquia,Dinamarca,2,1,3,2.55,2.87,2.87,2.55,2.55,3.25,2.87,2-1,9.0,2025-05-17 17:19:00,21,14,0.520855475565003,2
1729312,Euro,2025-05-17,1900-01-01 21:17:00,Países Baixos,Inglaterra,1,0,1,2.45,2.75,2.45,2.75,2.75,3.6,2.45,1-0,6.0,2025-05-17 17:19:00,21,17,0.4787881763723854,2
1729138,Euro,2025-05-17,1900-01-01 20:02:00,Romênia,Turquia,0,2,2,2.7,2.62,2.7,2.62,2.62,3.4,2.7,0-2,8.0,2025-05-17 17:19:00,20,2,0.505404975757094,0
1729143,Euro,2025-05-17,1900-01-01 20:05:00,Países Baixos,República Tcheca,1,1,2,3.1,2.35,3.1,2.35,2.35,3.4,3.1,1-1,8.0,2025-05-17 17:19:00,20,5,0.5493898895990703,1
1729151,Euro,2025-05-17,1900-01-01 20:08:00,Bélgica,Albânia,2,0,2,3.4,2.2,3.4,2.2,2.2,3.3,3.4,2-0,9.0,2025-05-17 17:19:00,20,8,0.576271186440678,2
1729161,Euro,2025-05-17,1900-01-01 20:11:00,Áustria,Geórgia,1,1,2,3.5,2.1,3.5,2.1,2.1,3.4,3.5,1-1,8.5,2025-05-17 17:19:00,20,11,0.590185676392573,1
1729165,Euro,2025-05-17,1900-01-01 20:14:00,Turquia,Croácia,0,3,3,2.55,2.8,2.8,2.55,2.55,3.3,2.8,0-3,8.5,2025-05-17 17:19:00,20,14,0.5166364186327888,0
1729173,Euro,2025-05-17,1900-01-01 20:17:00,Romênia,Portugal,2,1,3,2.87,2.4,2.4,2.87,2.87,3.5,2.4,2-1,7.0,2025-05-17 17:19:00,20,17,0.4675324675324675,2
1729180,Euro,2025-05-17,1900-01-01 20:20:00,Áustria,Inglaterra,1,2,3,2.87,2.4,2.4,2.87,2.87,3.5,2.4,1-2,7.0,2025-05-17 17:19:00,20,20,0.4675324675324675,0
1729187,Euro,2025-05-17,1900-01-01 20:23:00,Alemanha,Turquia,1,1,2,3.3,2.2,3.3,2.2,2.2,3.4,3.3,1-1,8.0,2025-05-17 17:19:00,20,23,0.5720338983050847,1
1729194,Euro,2025-05-17,1900-01-01 20:26:00,Áustria,Países Baixos,2,2,4,2.5,2.75,2.5,2.75,2.5,3.5,2.75,2-2,7.0,2025-05-17 17:19:00,20,26,0.5173267326732675,1
1729201,Euro,2025-05-17,1900-01-01 20:29:00,Eslovênia,Hungria,0,1,1,2.9,2.55,2.9,2.55,2.55,3.2,2.9,0-1,10.0,2025-05-17 17:19:00,20,29,0.5225488222266962,0
1729207,Euro,2025-05-17,1900-01-01 20:32:00,Eslováquia,Países Baixos,1,1,2,2.4,2.87,2.4,2.87,2.87,3.5,2.4,1-1,7.0,2025-05-17 17:19:00,20,32,0.4675324675324675,1
1729215,Euro,2025-05-17,1900-01-01 20:35:00,Espanha,Bélgica,2,0,2,2.87,2.37,2.87,2.37,2.37,3.6,2.87,2-0,6.5,2025-05-17 17:19:00,20,35,0.5350659824903861,2
1729224,Euro,2025-05-17,1900-01-01 20:38:00,Polônia,Alemanha,3,2,5,3.0,2.37,3.0,2.37,3.0,3.4,2.37,3-2,8.0,2025-05-17 17:19:00,20,38,0.45778145695364236,2
1729229,Euro,2025-05-17,1900-01-01 20:41:00,Croácia,Albânia,1,1,2,3.3,2.25,3.3,2.25,2.25,3.25,3.3,1-1,9.0,2025-05-17 17:19:00,20,41,0.5670103092783505,1
1729236,Euro,2025-05-17,1900-01-01 20:44:00,Eslovênia,Turquia,0,0,0,2.8,2.7,2.8,2.7,2.7,3.1,2.8,0-0,11.0,2025-05-17 17:19:00,20,44,0.5062982527427874,1
1729243,Euro,2025-05-17,1900-01-01 20:47:00,Hungria,Geórgia,0,0,0,3.4,2.2,3.4,2.2,2.2,3.3,3.4,0-0,9.0,2025-05-17 17:19:00,20,47,0.576271186440678,1
1729250,Euro,2025-05-17,1900-01-01 20:50:00,França,Eslováquia,4,1,5,1.9,4.0,1.9,4.0,1.9,3.6,4.0,4-1,7.0,2025-05-17 17:19:00,20,50,0.6310679611650486,2
1729257,Euro,2025-05-17,1900-01-01 20:53:00,Espanha,Portugal,1,0,1,2.8,2.45,2.8,2.45,2.45,3.5,2.8,1-0,7.0,2025-05-17 17:19:00,20,53,0.5242718446601942,2
1729263,Euro,2025-05-17,1900-01-01 20:56:00,Países Baixos,Albânia,2,0,2,3.25,2.25,3.25,2.25,2.25,3.4,3.25,2-0,8.5,2025-05-17 17:19:00,20,56,0.5653531955790485,2
1729270,Euro,2025-05-17,1900-01-01 20:59:00,Itália,Espanha,2,1,3,2.5,2.75,2.75,2.5,2.5,3.5,2.75,2-1,7.0,2025-05-17 17:19:00,20,59,0.5173267326732675,2
1728998,Euro,2025-05-17,1900-01-01 19:02:00,Albânia,Ucrânia,1,1,2,3.0,2.45,3.0,2.45,2.45,3.2,3.0,1-1,10.0,2025-05-17 17:19:00,19,2,0.5354981847519161,1
1729005,Euro,2025-05-17,1900-01-01 19:05:00,Polônia,Suíça,2,1,3,2.6,2.7,2.7,2.6,2.6,3.4,2.7,2-1,8.0,2025-05-17 17:19:00,19,5,0.5067891373801916,2
1729012,Euro,2025-05-17,1900-01-01 19:08:00,Espanha,Hungria,1,0,1,3.25,2.2,3.25,2.2,2.2,3.5,3.25,1-0,7.5,2025-05-17 17:19:00,19,8,0.5700667302192565,2
1729019,Euro,2025-05-17,1900-01-01 19:11:00,Romênia,Eslovênia,2,2,4,2.5,2.9,2.5,2.9,2.5,3.3,2.9,2-2,9.0,2025-05-17 17:19:00,19,11,0.5263262863980853,1
1729026,Euro,2025-05-17,1900-01-01 19:14:00,Portugal,Turquia,2,0,2,3.25,2.25,3.25,2.25,2.25,3.4,3.25,2-0,8.5,2025-05-17 17:19:00,19,14,0.5653531955790485,2
1729032,Euro,2025-05-17,1900-01-01 19:17:00,Ucrânia,Croácia,1,1,2,2.6,2.7,2.6,2.7,2.7,3.4,2.6,1-1,7.5,2025-05-17 17:19:00,19,17,0.49321086261980834,1
1729039,Euro,2025-05-17,1900-01-01 19:20:00,República Tcheca,Dinamarca,3,0,3,2.7,2.75,2.75,2.7,2.7,3.2,2.75,3-0,10.0,2025-05-17 17:19:00,19,20,0.5032173738186205,2
1729046,Euro,2025-05-17,1900-01-01 19:23:00,Espanha,Itália,2,1,3,2.37,2.9,2.9,2.37,2.37,3.5,2.9,2-1,7.0,2025-05-17 17:19:00,19,23,0.5366340153250652,2
1729054,Euro,2025-05-17,1900-01-01 19:26:00,Dinamarca,Croácia,0,0,0,2.87,2.45,2.87,2.45,2.45,3.4,2.87,0-0,8.0,2025-05-17 17:19:00,19,26,0.5284241326459523,1
1729061,Euro,2025-05-17,1900-01-01 19:29:00,França,Bélgica,0,3,3,2.25,3.1,3.1,2.25,2.25,3.6,3.1,0-3,6.5,2025-05-17 17:19:00,19,29,0.5583190394511148,0
1729068,Euro,2025-05-17,1900-01-01 19:32:00,Polônia,Romênia,1,1,2,2.9,2.45,2.9,2.45,2.45,3.4,2.9,1-1,8.0,2025-05-17 17:19:00,19,32,0.5302431310535678,1
1729074,Euro,2025-05-17,1900-01-01 19:35:00,Turquia,República Tcheca,0,1,1,3.1,2.4,3.1,2.4,2.4,3.2,3.1,0-1,10.0,2025-05-17 17:19:00,19,35,0.5447284345047924,0
1729082,Euro,2025-05-17,1900-01-01 19:38:00,Sérvia,Alemanha,0,3,3,2.8,2.5,2.5,2.8,2.8,3.4,2.5,0-3,8.0,2025-05-17 17:19:00,19,38,0.4796163069544364,0
1729088,Euro,2025-05-17,1900-01-01 19:41:00,Dinamarca,Polônia,3,1,4,2.25,3.3,2.25,3.3,2.25,3.3,3.3,3-1,9.0,2025-05-17 17:19:00,19,41,0.5673076923076923,2
1729096,Euro,2025-05-17,1900-01-01 19:44:00,Eslovênia,Portugal,0,1,1,2.5,2.9,2.5,2.9,2.9,3.25,2.5,0-1,9.0,2025-05-17 17:19:00,19,44,0.47379032258064524,0
1729103,Euro,2025-05-17,1900-01-01 19:47:00,Geórgia,Hungria,1,0,1,2.55,2.8,2.55,2.8,2.8,3.3,2.55,1-0,8.5,2025-05-17 17:19:00,19,47,0.4833635813672111,2
1729110,Euro,2025-05-17,1900-01-01 19:50:00,Áustria,Alemanha,1,3,4,2.8,2.5,2.8,2.5,2.8,3.5,2.5,1-3,7.5,2025-05-17 17:19:00,19,50,0.47945205479452063,0
1729115,Euro,2025-05-17,1900-01-01 19:53:00,Sérvia,Suíça,1,0,1,2.9,2.45,2.9,2.45,2.45,3.4,2.9,1-0,8.0,2025-05-17 17:19:00,19,53,0.5302431310535678,2
1729124,Euro,2025-05-17,1900-01-01 19:56:00,Espanha,França,0,0,0,2.6,2.6,2.6,2.6,2.6,3.6,2.6,0-0,6.0,2025-05-17 17:19:00,19,56,0.5,1
1729131,Euro,2025-05-17,1900-01-01 19:59:00,Países Baixos,Suíça,0,0,0,2.87,2.35,2.87,2.35,2.35,3.6,2.87,0-0,6.5,2025-05-17 17:19:00,19,59,0.5366534176570791,1
1728858,Euro,2025-05-17,1900-01-01 18:02:00,Turquia,França,0,2,2,2.45,2.9,2.45,2.9,2.9,3.4,2.45,0-2,7.5,2025-05-17 17:19:00,18,2,0.4697568689464321,0
1728865,Euro,2025-05-17,1900-01-01 18:05:00,Croácia,Espanha,1,0,1,2.62,2.6,2.62,2.6,2.6,3.5,2.62,1-0,6.5,2025-05-17 17:19:00,18,5,0.5013954230125189,2
1728872,Euro,2025-05-17,1900-01-01 18:08:00,República Tcheca,Itália,2,2,4,2.75,2.62,2.75,2.62,2.75,3.25,2.62,2-2,9.0,2025-05-17 17:19:00,18,8,0.49143262698975976,1
1728877,Euro,2025-05-17,1900-01-01 18:11:00,Escócia,Romênia,1,0,1,2.9,2.35,2.9,2.35,2.35,3.5,2.9,1-0,7.0,2025-05-17 17:19:00,18,11,0.5382096069868996,2
1728884,Euro,2025-05-17,1900-01-01 18:14:00,Hungria,Suíça,1,0,1,2.75,2.5,2.75,2.5,2.5,3.4,2.75,1-0,7.5,2025-05-17 17:19:00,18,14,0.5171890798786655,2
1728893,Euro,2025-05-17,1900-01-01 18:17:00,Inglaterra,Polônia,3,2,5,2.02,3.75,2.02,3.75,2.02,3.5,3.75,3-2,8.0,2025-05-17 17:19:00,18,17,0.6090205257472091,2
1728900,Euro,2025-05-17,1900-01-01 18:20:00,Croácia,Eslováquia,1,0,1,3.5,2.1,3.5,2.1,2.1,3.5,3.5,1-0,7.5,2025-05-17 17:19:00,18,20,0.590909090909091,2
1728907,Euro,2025-05-17,1900-01-01 18:23:00,Países Baixos,Romênia,1,1,2,3.1,2.25,3.1,2.25,2.25,3.6,3.1,1-1,6.5,2025-05-17 17:19:00,18,23,0.5583190394511148,1
1728914,Euro,2025-05-17,1900-01-01 18:26:00,Inglaterra,Itália,2,2,4,2.25,3.1,2.25,3.1,2.25,3.5,3.1,2-2,7.0,2025-05-17 17:19:00,18,26,0.5578793774319065,1
1728921,Euro,2025-05-17,1900-01-01 18:29:00,Alemanha,Romênia,0,0,0,3.5,2.05,3.5,2.05,2.05,3.6,3.5,0-0,6.5,2025-05-17 17:19:00,18,29,0.5961148959675934,1
1728928,Euro,2025-05-17,1900-01-01 18:32:00,Geórgia,Países Baixos,1,2,3,3.0,2.35,2.35,3.0,3.0,3.5,2.35,1-2,7.0,2025-05-17 17:19:00,18,32,0.4558680892337536,0
1728934,Euro,2025-05-17,1900-01-01 18:35:00,Croácia,Áustria,3,2,5,2.37,3.0,2.37,3.0,2.37,3.4,3.0,3-2,7.5,2025-05-17 17:19:00,18,35,0.5422185430463576,2
1728942,Euro,2025-05-17,1900-01-01 18:38:00,República Tcheca,Sérvia,1,2,3,2.6,2.87,2.87,2.6,2.6,3.2,2.87,1-2,10.0,2025-05-17 17:19:00,18,38,0.5173035328046143,0
1728948,Euro,2025-05-17,1900-01-01 18:41:00,Áustria,Turquia,0,0,0,2.9,2.5,2.9,2.5,2.5,3.3,2.9,0-0,9.0,2025-05-17 17:19:00,18,41,0.5263262863980853,1
1728956,Euro,2025-05-17,1900-01-01 18:44:00,Geórgia,Inglaterra,0,1,1,2.1,3.4,2.1,3.4,3.4,3.5,2.1,0-1,7.0,2025-05-17 17:19:00,18,44,0.41379310344827597,0
1728963,Euro,2025-05-17,1900-01-01 18:47:00,Bélgica,Croácia,3,0,3,2.37,2.9,2.9,2.37,2.37,3.5,2.9,3-0,7.0,2025-05-17 17:19:00,18,47,0.5366340153250652,2
1728970,Euro,2025-05-17,1900-01-01 18:50:00,Alemanha,Ucrânia,1,4,5,2.07,3.5,2.07,3.5,2.07,3.5,3.5,1-4,7.5,2025-05-17 17:19:00,18,50,0.5935863874345549,0
1728977,Euro,2025-05-17,1900-01-01 18:53:00,Croácia,Geórgia,0,0,0,3.6,2.05,3.6,2.05,2.05,3.5,3.6,0-0,8.0,2025-05-17 17:19:00,18,53,0.5998895231080832,1
1728984,Euro,2025-05-17,1900-01-01 18:56:00,Eslovênia,Escócia,1,0,1,2.87,2.55,2.87,2.55,2.55,3.25,2.87,1-0,9.0,2025-05-17 17:19:00,18,56,0.520855475565003,2
1728991,Euro,2025-05-17,1900-01-01 18:59:00,República Tcheca,Portugal,2,1,3,2.8,2.55,2.55,2.8,2.8,3.3,2.55,2-1,8.5,2025-05-17 17:19:00,18,59,0.4833635813672111,2
1728718,Euro,2025-05-17,1900-01-01 17:02:00,Alemanha,Espanha,2,3,5,2.37,2.87,2.37,2.87,2.37,3.6,2.87,2-3,6.5,2025-05-17 17:19:00,17,2,0.5350659824903861,0
1728725,Euro,2025-05-17,1900-01-01 17:05:00,República Tcheca,Escócia,1,0,1,2.9,2.45,2.9,2.45,2.45,3.3,2.9,1-0,8.5,2025-05-17 17:19:00,17,5,0.5299878836833603,2
1728733,Euro,2025-05-17,1900-01-01 17:08:00,Suíça,Portugal,2,0,2,2.55,2.7,2.55,2.7,2.7,3.5,2.55,2-0,7.0,2025-05-17 17:19:00,17,8,0.4896080760095012,2
1728739,Euro,2025-05-17,1900-01-01 17:11:00,Bélgica,Eslovênia,1,1,2,3.4,2.2,3.4,2.2,2.2,3.3,3.4,1-1,9.0,2025-05-17 17:19:00,17,11,0.576271186440678,1
1728746,Euro,2025-05-17,1900-01-01 17:14:00,Geórgia,Itália,2,1,3,3.1,2.3,2.3,3.1,3.1,3.4,2.3,2-1,8.5,2025-05-17 17:19:00,17,14,0.4466457434287955,2
1728752,Euro,2025-05-17,1900-01-01 17:17:00,França,Países Baixos,0,1,1,3.2,2.15,3.2,2.15,2.15,3.6,3.2,0-1,6.0,2025-05-17 17:19:00,17,17,0.5723029839326702,0
1728760,Euro,2025-05-17,1900-01-01 17:20:00,Bélgica,Turquia,3,2,5,2.35,3.1,2.35,3.1,2.35,3.4,3.1,3-2,8.0,2025-05-17 17:19:00,17,20,0.5493898895990703,2
1728766,Euro,2025-05-17,1900-01-01 17:23:00,Áustria,Croácia,1,0,1,2.75,2.55,2.75,2.55,2.55,3.4,2.75,1-0,7.5,2025-05-17 17:19:00,17,23,0.5135823429541597,2
1728774,Euro,2025-05-17,1900-01-01 17:26:00,República Tcheca,Albânia,4,0,4,2.45,3.2,2.45,3.2,2.45,3.1,3.2,4-0,11.0,2025-05-17 17:19:00,17,26,0.545848944981266,2
1728780,Euro,2025-05-17,1900-01-01 17:29:00,Eslováquia,Turquia,0,2,2,2.55,2.8,2.55,2.8,2.8,3.3,2.55,0-2,8.5,2025-05-17 17:19:00,17,29,0.4833635813672111,0
1728789,Euro,2025-05-17,1900-01-01 17:32:00,Suíça,Espanha,0,2,2,2.55,2.7,2.55,2.7,2.7,3.6,2.55,0-2,6.5,2025-05-17 17:19:00,17,32,0.4895287958115183,0
1728795,Euro,2025-05-17,1900-01-01 17:35:00,Eslováquia,Croácia,0,0,0,2.45,2.87,2.45,2.87,2.87,3.4,2.45,0-0,7.5,2025-05-17 17:19:00,17,35,0.47157586735404766,1
1728802,Euro,2025-05-17,1900-01-01 17:38:00,Áustria,Romênia,3,0,3,2.3,3.1,3.1,2.3,2.3,3.5,3.1,3-0,7.5,2025-05-17 17:19:00,17,38,0.5537840952746832,2
1728809,Euro,2025-05-17,1900-01-01 17:41:00,França,Geórgia,1,1,2,4.2,1.86,4.2,1.86,1.86,3.6,4.2,1-1,7.5,2025-05-17 17:19:00,17,41,0.6421628189550425,1
1728816,Euro,2025-05-17,1900-01-01 17:44:00,República Tcheca,Suíça,2,1,3,2.55,2.8,2.8,2.55,2.55,3.3,2.8,2-1,8.5,2025-05-17 17:19:00,17,44,0.5166364186327888,2
1728823,Euro,2025-05-17,1900-01-01 17:47:00,Polônia,Turquia,2,3,5,2.7,2.75,2.7,2.75,2.7,3.2,2.75,2-3,10.0,2025-05-17 17:19:00,17,47,0.5032173738186205,0
1728829,Euro,2025-05-17,1900-01-01 17:50:00,Alemanha,Eslováquia,2,0,2,3.8,1.95,3.8,1.95,1.95,3.6,3.8,2-0,7.5,2025-05-17 17:19:00,17,50,0.6184631803628603,2
1728836,Euro,2025-05-17,1900-01-01 17:53:00,Itália,Bélgica,2,2,4,2.45,2.8,2.45,2.8,2.45,3.5,2.8,2-2,7.5,2025-05-17 17:19:00,17,53,0.5242718446601942,1
1728844,Euro,2025-05-17,1900-01-01 17:56:00,Países Baixos,Croácia,0,3,3,2.45,2.8,2.8,2.45,2.45,3.5,2.8,0-3,6.5,2025-05-17 17:19:00,17,56,0.5242718446601942,0
1728851,Euro,2025-05-17,1900-01-01 17:59:00,Polônia,Portugal,0,1,1,2.45,2.9,2.45,2.9,2.9,3.3,2.45,0-1,8.5,2025-05-17 17:19:00,17,59,0.47001211631663975,0
1728577,Euro,2025-05-17,1900-01-01 16:02:00,Romênia,Alemanha,2,1,3,3.0,2.3,2.3,3.0,3.0,3.6,2.3,2-1,6.5,2025-05-17 17:19:00,16,2,0.451501154734411,2
1728584,Euro,2025-05-17,1900-01-01 16:05:00,Escócia,Países Baixos,0,1,1,2.62,2.6,2.62,2.6,2.6,3.5,2.62,0-1,6.5,2025-05-17 17:19:00,16,5,0.5013954230125189,0
1728591,Euro,2025-05-17,1900-01-01 16:08:00,França,Albânia,2,1,3,2.02,3.8,3.8,2.02,2.02,3.4,3.8,2-1,8.5,2025-05-17 17:19:00,16,8,0.6101806000582581,2
1728598,Euro,2025-05-17,1900-01-01 16:11:00,Eslováquia,Áustria,0,0,0,2.5,2.8,2.5,2.8,2.8,3.4,2.5,0-0,8.0,2025-05-17 17:19:00,16,11,0.4796163069544364,1
1728605,Euro,2025-05-17,1900-01-01 16:14:00,França,Croácia,0,2,2,3.2,2.2,3.2,2.2,2.2,3.6,3.2,0-2,7.0,2025-05-17 17:19:00,16,14,0.56797583081571,0
1728613,Euro,2025-05-17,1900-01-01 16:17:00,Espanha,Turquia,2,2,4,2.25,3.2,2.25,3.2,2.25,3.4,3.2,2-2,7.5,2025-05-17 17:19:00,16,17,0.5627671978235522,1
1728620,Euro,2025-05-17,1900-01-01 16:20:00,Áustria,Itália,1,1,2,2.7,2.62,2.7,2.62,2.62,3.4,2.7,1-1,8.0,2025-05-17 17:19:00,16,20,0.505404975757094,1
1728626,Euro,2025-05-17,1900-01-01 16:23:00,Suíça,Alemanha,0,0,0,2.45,2.75,2.45,2.75,2.75,3.5,2.45,0-0,6.5,2025-05-17 17:19:00,16,23,0.4789473684210527,1
1728634,Euro,2025-05-17,1900-01-01 16:26:00,Áustria,Escócia,1,0,1,3.0,2.37,3.0,2.37,2.37,3.4,3.0,1-0,7.5,2025-05-17 17:19:00,16,26,0.5422185430463576,2
1728641,Euro,2025-05-17,1900-01-01 16:29:00,Inglaterra,Eslováquia,2,1,3,1.9,4.0,4.0,1.9,1.9,3.6,4.0,2-1,7.0,2025-05-17 17:19:00,16,29,0.6310679611650486,2
1728648,Euro,2025-05-17,1900-01-01 16:32:00,Alemanha,Polônia,3,0,3,2.07,3.6,3.6,2.07,2.07,3.4,3.6,3-0,8.0,2025-05-17 17:19:00,16,32,0.5973063973063973,2
1728655,Euro,2025-05-17,1900-01-01 16:35:00,Países Baixos,Áustria,1,1,2,2.9,2.37,2.9,2.37,2.37,3.5,2.9,1-1,7.0,2025-05-17 17:19:00,16,35,0.5366340153250652,1
1728662,Euro,2025-05-17,1900-01-01 16:38:00,França,Portugal,1,1,2,3.0,2.3,3.0,2.3,2.3,3.5,3.0,1-1,7.0,2025-05-17 17:19:00,16,38,0.5481335952848724,1
1728669,Euro,2025-05-17,1900-01-01 16:41:00,Itália,Sérvia,0,1,1,3.1,2.35,3.1,2.35,2.35,3.3,3.1,0-1,9.0,2025-05-17 17:19:00,16,41,0.5489711119905025,0
1728676,Euro,2025-05-17,1900-01-01 16:44:00,Portugal,Alemanha,2,2,4,2.55,2.7,2.55,2.7,2.55,3.5,2.7,2-2,7.0,2025-05-17 17:19:00,16,44,0.5103919239904988,1
1728683,Euro,2025-05-17,1900-01-01 16:47:00,Romênia,Áustria,0,1,1,2.62,2.6,2.62,2.6,2.6,3.5,2.62,0-1,7.5,2025-05-17 17:19:00,16,47,0.5013954230125189,0
1728690,Euro,2025-05-17,1900-01-01 16:50:00,Geórgia,Bélgica,2,0,2,2.3,3.1,2.3,3.1,3.1,3.5,2.3,2-0,7.5,2025-05-17 17:19:00,16,50,0.44621590472531686,2
1728697,Euro,2025-05-17,1900-01-01 16:53:00,França,Romênia,2,4,6,2.0,3.6,2.0,3.6,2.0,3.6,3.6,2-4,6.5,2025-05-17 17:19:00,16,53,0.6052631578947368,0
1728703,Euro,2025-05-17,1900-01-01 16:56:00,Hungria,Turquia,3,0,3,2.55,2.87,2.87,2.55,2.55,3.25,2.87,3-0,9.0,2025-05-17 17:19:00,16,56,0.520855475565003,2
1728711,Euro,2025-05-17,1900-01-01 16:59:00,França,Suíça,1,0,1,3.3,2.1,3.3,2.1,2.1,3.6,3.3,1-0,6.5,2025-05-17 17:19:00,16,59,0.5819112627986349,2
1728437,Euro,2025-05-17,1900-01-01 15:02:00,Ucrânia,Romênia,1,2,3,2.45,2.87,2.87,2.45,2.45,3.5,2.87,1-2,7.0,2025-05-17 17:19:00,15,2,0.5286532951289398,0
1728444,Euro,2025-05-17,1900-01-01 15:05:00,Sérvia,Bélgica,3,3,6,2.62,2.7,2.62,2.7,2.62,3.4,2.7,3-3,8.0,2025-05-17 17:19:00,15,5,0.505404975757094,1
1728452,Euro,2025-05-17,1900-01-01 15:08:00,Eslovênia,Inglaterra,0,3,3,3.1,2.3,2.3,3.1,3.1,3.4,2.3,0-3,8.5,2025-05-17 17:19:00,15,8,0.4466457434287955,0
1728458,Euro,2025-05-17,1900-01-01 15:11:00,Turquia,Portugal,0,1,1,2.62,2.7,2.62,2.7,2.7,3.3,2.62,0-1,8.5,2025-05-17 17:19:00,15,11,0.49464068209500606,0
1728466,Euro,2025-05-17,1900-01-01 15:14:00,Áustria,Bélgica,2,1,3,2.6,2.62,2.62,2.6,2.6,3.5,2.62,2-1,7.5,2025-05-17 17:19:00,15,14,0.5013954230125189,2
1728472,Euro,2025-05-17,1900-01-01 15:17:00,Inglaterra,Dinamarca,3,0,3,2.2,3.25,3.25,2.2,2.2,3.5,3.25,3-0,7.5,2025-05-17 17:19:00,15,17,0.5700667302192565,2
1728480,Euro,2025-05-17,1900-01-01 15:20:00,República Tcheca,Espanha,1,1,2,2.5,2.8,2.5,2.8,2.8,3.4,2.5,1-1,8.0,2025-05-17 17:19:00,15,20,0.4796163069544364,1
1728488,Euro,2025-05-17,1900-01-01 15:23:00,Turquia,Hungria,1,1,2,3.1,2.4,3.1,2.4,2.4,3.25,3.1,1-1,9.0,2025-05-17 17:19:00,15,23,0.5449338336954375,1
1728492,Euro,2025-05-17,1900-01-01 15:26:00,Portugal,Suíça,2,1,3,2.25,3.1,3.1,2.25,2.25,3.5,3.1,2-1,7.0,2025-05-17 17:19:00,15,26,0.5578793774319065,2
1728500,Euro,2025-05-17,1900-01-01 15:29:00,Sérvia,Turquia,0,2,2,3.0,2.5,3.0,2.5,2.5,3.2,3.0,0-2,10.0,2025-05-17 17:19:00,15,29,0.5318725099601593,0
1728509,Euro,2025-05-17,1900-01-01 15:32:00,Bélgica,Romênia,2,0,2,3.25,2.15,3.25,2.15,2.15,3.6,3.25,2-0,6.5,2025-05-17 17:19:00,15,32,0.5749219562955254,2
1728514,Euro,2025-05-17,1900-01-01 15:35:00,Suíça,França,3,0,3,2.87,2.37,2.37,2.87,2.87,3.6,2.37,3-0,6.5,2025-05-17 17:19:00,15,35,0.46493401750961394,2
1728522,Euro,2025-05-17,1900-01-01 15:38:00,Croácia,Ucrânia,1,0,1,3.2,2.25,3.2,2.25,2.25,3.4,3.2,1-0,7.5,2025-05-17 17:19:00,15,38,0.5627671978235522,2
1728529,Euro,2025-05-17,1900-01-01 15:41:00,Sérvia,Países Baixos,1,3,4,2.5,2.75,2.5,2.75,2.5,3.4,2.75,1-3,7.5,2025-05-17 17:19:00,15,41,0.5171890798786655,0
1728535,Euro,2025-05-17,1900-01-01 15:44:00,Geórgia,Romênia,1,1,2,2.6,2.7,2.6,2.7,2.7,3.4,2.6,1-1,7.5,2025-05-17 17:19:00,15,44,0.49321086261980834,1
1728543,Euro,2025-05-17,1900-01-01 15:47:00,Eslovênia,Países Baixos,0,0,0,2.62,2.7,2.62,2.7,2.7,3.3,2.62,0-0,8.5,2025-05-17 17:19:00,15,47,0.49464068209500606,1
1728549,Euro,2025-05-17,1900-01-01 15:50:00,Alemanha,Croácia,0,1,1,3.1,2.25,3.1,2.25,2.25,3.5,3.1,0-1,7.0,2025-05-17 17:19:00,15,50,0.5578793774319065,0
1728556,Euro,2025-05-17,1900-01-01 15:53:00,Eslovênia,Polônia,1,1,2,3.0,2.5,3.0,2.5,2.5,3.1,3.0,1-1,11.0,2025-05-17 17:19:00,15,53,0.5315682281059063,1
1728564,Euro,2025-05-17,1900-01-01 15:56:00,Turquia,Alemanha,1,1,2,2.5,2.8,2.5,2.8,2.8,3.4,2.5,1-1,8.0,2025-05-17 17:19:00,15,56,0.4796163069544364,1
1728571,Euro,2025-05-17,1900-01-01 15:59:00,Escócia,Itália,1,1,2,2.6,2.7,2.6,2.7,2.7,3.4,2.6,1-1,7.5,2025-05-17 17:19:00,15,59,0.49321086261980834,1
1729277,Copa,2025-05-17,1900-01-01 21:01:00,Senegal,Argentina,1,3,4,2.8,2.55,2.8,2.55,2.8,3.3,2.55,1-3,8.5,2025-05-17 17:17:00,21,1,0.4833635813672111,0
1729281,Copa,2025-05-17,1900-01-01 21:04:00,Dinamarca,Polônia,3,1,4,2.3,3.0,2.3,3.0,2.3,3.5,3.0,3-1,7.5,2025-05-17 17:17:00,21,4,0.5481335952848724,2
1729290,Copa,2025-05-17,1900-01-01 21:07:00,França,Senegal,0,1,1,3.5,2.15,3.5,2.15,2.15,3.4,3.5,0-1,8.5,2025-05-17 17:17:00,21,7,0.5858425285206658,0
1729298,Copa,2025-05-17,1900-01-01 21:10:00,Portugal,Inglaterra,1,2,3,2.7,2.55,2.55,2.7,2.7,3.6,2.55,1-2,6.5,2025-05-17 17:17:00,21,10,0.4895287958115183,0
1729303,Copa,2025-05-17,1900-01-01 21:13:00,Coreia do Sul,Gana,1,0,1,2.8,2.5,2.8,2.5,2.5,3.4,2.8,1-0,7.5,2025-05-17 17:17:00,21,13,0.5203836930455635,2
1729314,Copa,2025-05-17,1900-01-01 21:16:00,Sérvia,Arábia Saudita,0,2,2,3.75,2.05,3.75,2.05,2.05,3.4,3.75,0-2,8.5,2025-05-17 17:17:00,21,16,0.6054455897108456,0
1729135,Copa,2025-05-17,1900-01-01 20:01:00,Alemanha,França,0,0,0,2.62,2.6,2.62,2.6,2.6,3.5,2.62,0-0,6.5,2025-05-17 17:17:00,20,1,0.5013954230125189,1
1729145,Copa,2025-05-17,1900-01-01 20:04:00,Inglaterra,EUA,1,0,1,3.75,2.07,3.75,2.07,2.07,3.4,3.75,1-0,9.0,2025-05-17 17:17:00,20,4,0.6036641803234062,2
1729149,Copa,2025-05-17,1900-01-01 20:07:00,Croácia,País de Gales,0,2,2,3.6,2.1,3.6,2.1,2.1,3.3,3.6,0-2,9.0,2025-05-17 17:17:00,20,7,0.5938566552901022,0
1729155,Copa,2025-05-17,1900-01-01 20:10:00,EUA,Países Baixos,3,0,3,2.75,2.62,2.62,2.75,2.75,3.25,2.62,3-0,9.0,2025-05-17 17:17:00,20,10,0.49143262698975976,2
1729164,Copa,2025-05-17,1900-01-01 20:13:00,Argentina,Dinamarca,4,1,5,2.25,3.1,2.25,3.1,2.25,3.5,3.1,4-1,7.0,2025-05-17 17:17:00,20,13,0.5578793774319065,2
1729169,Copa,2025-05-17,1900-01-01 20:16:00,Austrália,Equador,3,0,3,2.62,2.55,2.55,2.62,2.62,3.5,2.55,3-0,7.0,2025-05-17 17:17:00,20,16,0.49505569906360986,2
1729179,Copa,2025-05-17,1900-01-01 20:19:00,Camarões,França,1,4,5,3.4,2.07,3.4,2.07,3.4,3.6,2.07,1-4,6.5,2025-05-17 17:17:00,20,19,0.41043771043771043,0
1729186,Copa,2025-05-17,1900-01-01 20:22:00,Polônia,Bélgica,0,0,0,2.5,2.8,2.5,2.8,2.8,3.4,2.5,0-0,8.0,2025-05-17 17:17:00,20,22,0.4796163069544364,1
1729193,Copa,2025-05-17,1900-01-01 20:25:00,Costa Rica,Arábia Saudita,0,3,3,2.35,3.0,3.0,2.35,2.35,3.5,3.0,0-3,7.0,2025-05-17 17:17:00,20,25,0.5441319107662463,0
1729198,Copa,2025-05-17,1900-01-01 20:28:00,Países Baixos,EUA,0,1,1,3.3,2.25,3.3,2.25,2.25,3.25,3.3,0-1,9.0,2025-05-17 17:17:00,20,28,0.5670103092783505,0
1729206,Copa,2025-05-17,1900-01-01 20:31:00,Alemanha,Bélgica,1,4,5,2.45,2.8,2.45,2.8,2.45,3.5,2.8,1-4,7.5,2025-05-17 17:17:00,20,31,0.5242718446601942,0
1729211,Copa,2025-05-17,1900-01-01 20:34:00,Tunísia,Suíça,1,3,4,2.87,2.45,2.87,2.45,2.87,3.4,2.45,1-3,7.5,2025-05-17 17:17:00,20,34,0.47157586735404766,0
1729219,Copa,2025-05-17,1900-01-01 20:37:00,Coreia do Sul,EUA,0,2,2,2.6,2.87,2.6,2.87,2.87,3.2,2.6,0-2,10.0,2025-05-17 17:17:00,20,37,0.4826964671953857,0
1729227,Copa,2025-05-17,1900-01-01 20:40:00,Polônia,França,2,0,2,2.35,3.0,2.35,3.0,3.0,3.5,2.35,2-0,7.0,2025-05-17 17:17:00,20,40,0.4558680892337536,2
1729233,Copa,2025-05-17,1900-01-01 20:43:00,Austrália,Croácia,3,1,4,3.0,2.37,3.0,2.37,3.0,3.4,2.37,3-1,8.0,2025-05-17 17:17:00,20,43,0.45778145695364236,2
1729240,Copa,2025-05-17,1900-01-01 20:46:00,Marrocos,Inglaterra,1,0,1,2.2,3.2,2.2,3.2,3.2,3.5,2.2,1-0,7.0,2025-05-17 17:17:00,20,46,0.43253662297609874,2
1729249,Copa,2025-05-17,1900-01-01 20:49:00,Irã,Canadá,1,1,2,2.7,2.6,2.7,2.6,2.6,3.5,2.7,1-1,7.0,2025-05-17 17:17:00,20,49,0.5068439577630035,1
1729256,Copa,2025-05-17,1900-01-01 20:52:00,Croácia,Qatar,1,2,3,2.05,3.75,3.75,2.05,2.05,3.4,3.75,1-2,9.0,2025-05-17 17:17:00,20,52,0.6054455897108456,0
1729261,Copa,2025-05-17,1900-01-01 20:55:00,Alemanha,Camarões,3,3,6,1.95,3.8,1.95,3.8,1.95,3.6,3.8,3-3,6.5,2025-05-17 17:17:00,20,55,0.6184631803628603,1
1729267,Copa,2025-05-17,1900-01-01 20:58:00,Polônia,Japão,3,1,4,2.3,3.2,2.3,3.2,2.3,3.3,3.2,3-1,9.0,2025-05-17 17:17:00,20,58,0.5582124656997256,2
1728997,Copa,2025-05-17,1900-01-01 19:01:00,Croácia,Costa Rica,1,3,4,2.0,3.8,2.0,3.8,2.0,3.5,3.8,1-3,8.5,2025-05-17 17:17:00,19,1,0.6129032258064515,0
1729003,Copa,2025-05-17,1900-01-01 19:04:00,Marrocos,Sérvia,0,0,0,2.75,2.7,2.75,2.7,2.7,3.2,2.75,0-0,10.0,2025-05-17 17:17:00,19,4,0.5032173738186205,1
1729009,Copa,2025-05-17,1900-01-01 19:07:00,Portugal,Costa Rica,1,0,1,3.8,1.95,3.8,1.95,1.95,3.6,3.8,1-0,6.5,2025-05-17 17:17:00,19,7,0.6184631803628603,2
1729016,Copa,2025-05-17,1900-01-01 19:10:00,México,Irã,1,1,2,3.6,2.05,3.6,2.05,2.05,3.6,3.6,1-1,7.0,2025-05-17 17:17:00,19,10,0.6006493506493505,1
1729024,Copa,2025-05-17,1900-01-01 19:13:00,Gana,Polônia,1,1,2,2.6,2.7,2.6,2.7,2.7,3.4,2.6,1-1,7.5,2025-05-17 17:17:00,19,13,0.49321086261980834,1
1729029,Copa,2025-05-17,1900-01-01 19:16:00,Sérvia,Suíça,2,2,4,2.55,2.87,2.55,2.87,2.55,3.25,2.87,2-2,9.0,2025-05-17 17:17:00,19,16,0.520855475565003,1
1729041,Copa,2025-05-17,1900-01-01 19:19:00,Marrocos,Irã,0,1,1,3.3,2.15,3.3,2.15,2.15,3.5,3.3,0-1,7.0,2025-05-17 17:17:00,19,19,0.576901031715705,0
1729044,Copa,2025-05-17,1900-01-01 19:22:00,Portugal,Dinamarca,0,2,2,2.87,2.35,2.87,2.35,2.35,3.6,2.87,0-2,6.5,2025-05-17 17:17:00,19,22,0.5366534176570791,0
1729053,Copa,2025-05-17,1900-01-01 19:25:00,Países Baixos,Croácia,0,0,0,3.0,2.4,3.0,2.4,2.4,3.3,3.0,0-0,8.5,2025-05-17 17:17:00,19,25,0.5395683453237411,1
1729057,Copa,2025-05-17,1900-01-01 19:28:00,Dinamarca,Marrocos,2,1,3,2.15,3.3,3.3,2.15,2.15,3.5,3.3,2-1,7.5,2025-05-17 17:17:00,19,28,0.576901031715705,2
1729067,Copa,2025-05-17,1900-01-01 19:31:00,EUA,Qatar,1,3,4,2.2,3.5,2.2,3.5,2.2,3.25,3.5,1-3,10.0,2025-05-17 17:17:00,19,31,0.5805529075309818,0
1729072,Copa,2025-05-17,1900-01-01 19:34:00,Arábia Saudita,Canadá,1,1,2,2.7,2.6,2.7,2.6,2.6,3.5,2.7,1-1,7.0,2025-05-17 17:17:00,19,34,0.5068439577630035,1
1729079,Copa,2025-05-17,1900-01-01 19:37:00,Irã,Sérvia,2,1,3,3.0,2.4,2.4,3.0,3.0,3.3,2.4,2-1,8.5,2025-05-17 17:17:00,19,37,0.460431654676259,2
1729086,Copa,2025-05-17,1900-01-01 19:40:00,Marrocos,Brasil,1,1,2,2.15,3.3,2.15,3.3,3.3,3.6,2.15,1-1,7.0,2025-05-17 17:17:00,19,40,0.42251544076361597,1
1729094,Copa,2025-05-17,1900-01-01 19:43:00,Bélgica,Qatar,3,1,4,1.95,4.0,1.95,4.0,1.95,3.5,4.0,3-1,8.0,2025-05-17 17:17:00,19,43,0.6253275109170306,2
1729100,Copa,2025-05-17,1900-01-01 19:46:00,Inglaterra,Coreia do Sul,2,2,4,1.85,4.2,1.85,4.2,1.85,3.6,4.2,2-2,7.5,2025-05-17 17:17:00,19,46,0.6431472081218275,1
1729109,Copa,2025-05-17,1900-01-01 19:49:00,Uruguai,Irã,0,1,1,3.75,2.0,3.75,2.0,2.0,3.6,3.75,0-1,7.0,2025-05-17 17:17:00,19,49,0.6117021276595744,0
1729118,Copa,2025-05-17,1900-01-01 19:52:00,Senegal,Sérvia,1,1,2,3.2,2.45,3.2,2.45,2.45,3.1,3.2,1-1,11.0,2025-05-17 17:17:00,19,52,0.545848944981266,1
1729130,Copa,2025-05-17,1900-01-01 19:58:00,Coreia do Sul,Croácia,3,1,4,3.0,2.4,3.0,2.4,3.0,3.3,2.4,3-1,8.5,2025-05-17 17:17:00,19,58,0.460431654676259,2
1728855,Copa,2025-05-17,1900-01-01 18:01:00,Uruguai,Espanha,0,1,1,2.45,2.75,2.45,2.75,2.75,3.5,2.45,0-1,6.5,2025-05-17 17:17:00,18,1,0.4789473684210527,0
1728869,Copa,2025-05-17,1900-01-01 18:07:00,Costa Rica,Tunísia,2,2,4,2.5,2.8,2.5,2.8,2.5,3.4,2.8,2-2,7.5,2025-05-17 17:17:00,18,7,0.5203836930455635,1
1728880,Copa,2025-05-17,1900-01-01 18:10:00,Japão,Irã,1,0,1,3.4,2.15,3.4,2.15,2.15,3.4,3.4,1-0,8.0,2025-05-17 17:17:00,18,10,0.5811688311688311,2
1728887,Copa,2025-05-17,1900-01-01 18:13:00,Qatar,Sérvia,0,2,2,2.6,2.87,2.6,2.87,2.87,3.2,2.6,0-2,10.0,2025-05-17 17:17:00,18,13,0.4826964671953857,0
1728892,Copa,2025-05-17,1900-01-01 18:16:00,Dinamarca,EUA,3,2,5,2.35,3.1,2.35,3.1,2.35,3.3,3.1,3-2,9.0,2025-05-17 17:17:00,18,16,0.5489711119905025,2
1728899,Copa,2025-05-17,1900-01-01 18:19:00,Polônia,Tunísia,0,1,1,3.4,2.15,3.4,2.15,2.15,3.4,3.4,0-1,8.0,2025-05-17 17:17:00,18,19,0.5811688311688311,0
1728904,Copa,2025-05-17,1900-01-01 18:22:00,Equador,Dinamarca,4,1,5,2.7,2.55,2.7,2.55,2.7,3.5,2.55,4-1,7.0,2025-05-17 17:17:00,18,22,0.4896080760095012,2
1728910,Copa,2025-05-17,1900-01-01 18:25:00,Espanha,Senegal,2,1,3,2.2,3.3,3.3,2.2,2.2,3.4,3.3,2-1,8.0,2025-05-17 17:17:00,18,25,0.5720338983050847,2
1728920,Copa,2025-05-17,1900-01-01 18:28:00,França,Portugal,2,4,6,2.25,3.1,2.25,3.1,2.25,3.6,3.1,2-4,6.5,2025-05-17 17:17:00,18,28,0.5583190394511148,0
1728924,Copa,2025-05-17,1900-01-01 18:31:00,Marrocos,Canadá,2,1,3,2.3,3.1,3.1,2.3,2.3,3.4,3.1,2-1,8.0,2025-05-17 17:17:00,18,31,0.5533542565712045,2
1728932,Copa,2025-05-17,1900-01-01 18:34:00,EUA,Senegal,0,1,1,2.9,2.6,2.9,2.6,2.6,3.1,2.9,0-1,11.0,2025-05-17 17:17:00,18,34,0.5189101260675071,0
1728939,Copa,2025-05-17,1900-01-01 18:37:00,México,Sérvia,1,0,1,3.0,2.5,3.0,2.5,2.5,3.2,3.0,1-0,10.0,2025-05-17 17:17:00,18,37,0.5318725099601593,2
1728947,Copa,2025-05-17,1900-01-01 18:40:00,Portugal,Croácia,2,2,4,2.4,3.0,2.4,3.0,2.4,3.4,3.0,2-2,7.5,2025-05-17 17:17:00,18,40,0.5399061032863849,1
1728954,Copa,2025-05-17,1900-01-01 18:43:00,Irã,Gana,0,0,0,2.6,2.62,2.6,2.62,2.62,3.5,2.6,0-0,7.0,2025-05-17 17:17:00,18,43,0.49860457698748106,1
1728960,Copa,2025-05-17,1900-01-01 18:46:00,Arábia Saudita,Alemanha,1,0,1,2.1,3.4,2.1,3.4,3.4,3.6,2.1,1-0,6.5,2025-05-17 17:17:00,18,46,0.413140311804009,2
1728967,Copa,2025-05-17,1900-01-01 18:49:00,Dinamarca,Tunísia,0,1,1,3.6,2.05,3.6,2.05,2.05,3.5,3.6,0-1,7.5,2025-05-17 17:17:00,18,49,0.5998895231080832,0
1728974,Copa,2025-05-17,1900-01-01 18:52:00,Equador,Gana,2,0,2,3.1,2.3,3.1,2.3,2.3,3.5,3.1,2-0,7.0,2025-05-17 17:17:00,18,52,0.5537840952746832,2
1728980,Copa,2025-05-17,1900-01-01 18:55:00,Países Baixos,Arábia Saudita,3,1,4,1.9,4.0,1.9,4.0,1.9,3.6,4.0,3-1,7.0,2025-05-17 17:17:00,18,55,0.6310679611650486,2
1728990,Copa,2025-05-17,1900-01-01 18:58:00,França,EUA,2,0,2,3.75,2.07,3.75,2.07,2.07,3.4,3.75,2-0,9.0,2025-05-17 17:17:00,18,58,0.6036641803234062,2
1728717,Copa,2025-05-17,1900-01-01 17:01:00,Canadá,Inglaterra,2,0,2,2.1,3.4,2.1,3.4,3.4,3.5,2.1,2-0,7.0,2025-05-17 17:17:00,17,1,0.41379310344827597,2
1728722,Copa,2025-05-17,1900-01-01 17:04:00,Austrália,Polônia,0,0,0,2.5,2.75,2.5,2.75,2.75,3.5,2.5,0-0,7.0,2025-05-17 17:17:00,17,4,0.48267326732673277,1
1728728,Copa,2025-05-17,1900-01-01 17:07:00,Equador,Tunísia,2,0,2,3.2,2.25,3.2,2.25,2.25,3.5,3.2,2-0,7.5,2025-05-17 17:17:00,17,7,0.5632730732635584,2
1728738,Copa,2025-05-17,1900-01-01 17:10:00,Gana,Qatar,3,0,3,2.35,3.0,3.0,2.35,2.35,3.4,3.0,3-0,7.5,2025-05-17 17:17:00,17,10,0.5437797147385103,2
1728745,Copa,2025-05-17,1900-01-01 17:13:00,México,Croácia,2,3,5,2.62,2.7,2.62,2.7,2.62,3.3,2.7,2-3,9.0,2025-05-17 17:17:00,17,13,0.5053593179049939,0
1728754,Copa,2025-05-17,1900-01-01 17:16:00,Suíça,Inglaterra,2,0,2,2.4,2.87,2.4,2.87,2.87,3.5,2.4,2-0,7.0,2025-05-17 17:17:00,17,16,0.4675324675324675,2
1728759,Copa,2025-05-17,1900-01-01 17:19:00,Camarões,Irã,1,1,2,3.0,2.25,3.0,2.25,2.25,3.6,3.0,1-1,6.5,2025-05-17 17:17:00,17,19,0.5526315789473684,1
1728764,Copa,2025-05-17,1900-01-01 17:22:00,Marrocos,EUA,1,2,3,2.7,2.75,2.75,2.7,2.7,3.2,2.75,1-2,10.0,2025-05-17 17:17:00,17,22,0.5032173738186205,0
1728771,Copa,2025-05-17,1900-01-01 17:25:00,Japão,Polônia,1,2,3,2.62,2.75,2.75,2.62,2.62,3.3,2.75,1-2,8.5,2025-05-17 17:17:00,17,25,0.5086054721977052,0
1728779,Copa,2025-05-17,1900-01-01 17:28:00,Marrocos,Equador,0,2,2,2.8,2.5,2.8,2.5,2.5,3.4,2.8,0-2,7.5,2025-05-17 17:17:00,17,28,0.5203836930455635,0
1728784,Copa,2025-05-17,1900-01-01 17:31:00,Bélgica,Brasil,1,1,2,2.55,2.7,2.55,2.7,2.7,3.5,2.55,1-1,7.0,2025-05-17 17:17:00,17,31,0.4896080760095012,1
1728794,Copa,2025-05-17,1900-01-01 17:34:00,Costa Rica,Gana,2,1,3,2.6,2.7,2.7,2.6,2.6,3.5,2.7,2-1,7.0,2025-05-17 17:17:00,17,34,0.5068439577630035,2
1728800,Copa,2025-05-17,1900-01-01 17:37:00,Brasil,Coreia do Sul,2,0,2,4.33,1.83,4.33,1.83,1.83,3.75,4.33,2-0,7.0,2025-05-17 17:17:00,17,37,0.6510931894442671,2
1728806,Copa,2025-05-17,1900-01-01 17:40:00,Polônia,Arábia Saudita,2,0,2,3.6,2.05,3.6,2.05,2.05,3.6,3.6,2-0,7.0,2025-05-17 17:17:00,17,40,0.6006493506493505,2
1728814,Copa,2025-05-17,1900-01-01 17:43:00,Alemanha,País de Gales,4,1,5,2.0,3.75,2.0,3.75,2.0,3.5,3.75,4-1,7.5,2025-05-17 17:17:00,17,43,0.6108597285067873,2
1728820,Copa,2025-05-17,1900-01-01 17:46:00,Camarões,Canadá,2,1,3,2.4,2.87,2.87,2.4,2.4,3.5,2.87,2-1,7.0,2025-05-17 17:17:00,17,46,0.5324675324675325,2
1728828,Copa,2025-05-17,1900-01-01 17:49:00,Japão,México,0,0,0,2.75,2.62,2.75,2.62,2.62,3.3,2.75,0-0,8.5,2025-05-17 17:17:00,17,49,0.5086054721977052,1
1728835,Copa,2025-05-17,1900-01-01 17:52:00,Croácia,Polônia,3,0,3,2.3,3.2,3.2,2.3,2.3,3.3,3.2,3-0,9.0,2025-05-17 17:17:00,17,52,0.5582124656997256,2
1728842,Copa,2025-05-17,1900-01-01 17:55:00,Alemanha,Países Baixos,0,1,1,2.9,2.37,2.9,2.37,2.37,3.5,2.9,0-1,7.0,2025-05-17 17:17:00,17,55,0.5366340153250652,0
1728847,Copa,2025-05-17,1900-01-01 17:58:00,Gana,Portugal,1,0,1,2.35,2.9,2.35,2.9,2.9,3.6,2.35,1-0,6.5,2025-05-17 17:17:00,17,58,0.46150106941473845,2
1728575,Copa,2025-05-17,1900-01-01 16:01:00,Inglaterra,Canadá,0,0,0,4.2,1.85,4.2,1.85,1.85,3.6,4.2,0-0,7.5,2025-05-17 17:17:00,16,1,0.6431472081218275,1
1728582,Copa,2025-05-17,1900-01-01 16:04:00,Tunísia,Espanha,1,0,1,2.15,3.3,2.15,3.3,3.3,3.6,2.15,1-0,7.0,2025-05-17 17:17:00,16,4,0.42251544076361597,2
1728593,Copa,2025-05-17,1900-01-01 16:07:00,Coreia do Sul,Uruguai,3,2,5,2.87,2.45,2.87,2.45,2.87,3.4,2.45,3-2,7.5,2025-05-17 17:17:00,16,7,0.47157586735404766,2
1728597,Copa,2025-05-17,1900-01-01 16:10:00,Marrocos,Bélgica,0,0,0,2.37,3.0,2.37,3.0,3.0,3.4,2.37,0-0,8.0,2025-05-17 17:17:00,16,10,0.45778145695364236,1
1728608,Copa,2025-05-17,1900-01-01 16:13:00,Irã,Portugal,0,1,1,2.15,3.25,2.15,3.25,3.25,3.6,2.15,0-1,6.5,2025-05-17 17:17:00,16,13,0.4250780437044745,0
1728610,Copa,2025-05-17,1900-01-01 16:16:00,Austrália,Senegal,2,0,2,2.45,2.9,2.45,2.9,2.9,3.3,2.45,2-0,8.5,2025-05-17 17:17:00,16,16,0.47001211631663975,2
1728617,Copa,2025-05-17,1900-01-01 16:19:00,EUA,Gana,1,0,1,3.3,2.25,3.3,2.25,2.25,3.3,3.3,1-0,9.0,2025-05-17 17:17:00,16,19,0.5673076923076923,2
1728625,Copa,2025-05-17,1900-01-01 16:22:00,Inglaterra,Polônia,3,1,4,2.07,3.5,2.07,3.5,2.07,3.5,3.5,3-1,7.5,2025-05-17 17:17:00,16,22,0.5935863874345549,2
1728631,Copa,2025-05-17,1900-01-01 16:25:00,Marrocos,Arábia Saudita,0,0,0,3.3,2.15,3.3,2.15,2.15,3.5,3.3,0-0,7.0,2025-05-17 17:17:00,16,25,0.576901031715705,1
1728640,Copa,2025-05-17,1900-01-01 16:28:00,País de Gales,Sérvia,0,0,0,2.7,2.75,2.7,2.75,2.75,3.2,2.7,0-0,10.0,2025-05-17 17:17:00,16,28,0.49678262618137947,1
1728644,Copa,2025-05-17,1900-01-01 16:31:00,Irã,Arábia Saudita,3,0,3,2.4,2.87,2.87,2.4,2.4,3.6,2.87,3-0,6.5,2025-05-17 17:17:00,16,31,0.5327146171693736,2
1728652,Copa,2025-05-17,1900-01-01 16:34:00,Qatar,Canadá,0,3,3,2.45,2.9,2.9,2.45,2.45,3.4,2.9,0-3,8.0,2025-05-17 17:17:00,16,34,0.5302431310535678,0
1728660,Copa,2025-05-17,1900-01-01 16:37:00,Marrocos,Portugal,3,1,4,2.87,2.4,2.87,2.4,2.87,3.5,2.4,3-1,7.0,2025-05-17 17:17:00,16,37,0.4675324675324675,2
1728666,Copa,2025-05-17,1900-01-01 16:40:00,França,Suíça,1,1,2,3.4,2.1,3.4,2.1,2.1,3.6,3.4,1-1,7.0,2025-05-17 17:17:00,16,40,0.5868596881959911,1
1728675,Copa,2025-05-17,1900-01-01 16:43:00,Canadá,Brasil,0,1,1,2.05,3.5,2.05,3.5,3.5,3.6,2.05,0-1,7.0,2025-05-17 17:17:00,16,43,0.40388510403240657,0
1728680,Copa,2025-05-17,1900-01-01 16:46:00,Suíça,Espanha,1,1,2,2.45,2.75,2.45,2.75,2.75,3.5,2.45,1-1,6.5,2025-05-17 17:17:00,16,46,0.4789473684210527,1
1728689,Copa,2025-05-17,1900-01-01 16:49:00,Austrália,Tunísia,2,2,4,2.4,2.87,2.4,2.87,2.4,3.5,2.87,2-2,7.0,2025-05-17 17:17:00,16,49,0.5324675324675325,1
1728695,Copa,2025-05-17,1900-01-01 16:52:00,Espanha,Arábia Saudita,2,2,4,1.8,4.2,1.8,4.2,1.8,3.8,4.2,2-2,6.5,2025-05-17 17:17:00,16,52,0.650197628458498,1
1728700,Copa,2025-05-17,1900-01-01 16:55:00,Croácia,Uruguai,0,0,0,3.0,2.37,3.0,2.37,2.37,3.3,3.0,0-0,8.5,2025-05-17 17:17:00,16,55,0.5418629938383472,1
1728707,Copa,2025-05-17,1900-01-01 16:58:00,Portugal,Gana,0,2,2,3.5,2.05,3.5,2.05,2.05,3.6,3.5,0-2,6.5,2025-05-17 17:17:00,16,58,0.5961148959675934,0
1728436,Copa,2025-05-17,1900-01-01 15:01:00,Canadá,Coreia do Sul,1,1,2,2.9,2.45,2.9,2.45,2.45,3.4,2.9,1-1,8.0,2025-05-17 17:17:00,15,1,0.5302431310535678,1
1728446,Copa,2025-05-17,1900-01-01 15:04:00,Polônia,Alemanha,1,2,3,2.8,2.5,2.5,2.8,2.8,3.5,2.5,1-2,7.0,2025-05-17 17:17:00,15,4,0.47945205479452063,0
1728448,Copa,2025-05-17,1900-01-01 15:07:00,Dinamarca,França,0,2,2,2.45,2.75,2.45,2.75,2.75,3.5,2.45,0-2,6.5,2025-05-17 17:17:00,15,7,0.4789473684210527,0
1728460,Copa,2025-05-17,1900-01-01 15:10:00,Gana,País de Gales,0,2,2,2.9,2.45,2.9,2.45,2.45,3.4,2.9,0-2,8.0,2025-05-17 17:17:00,15,10,0.5302431310535678,0
1728465,Copa,2025-05-17,1900-01-01 15:13:00,Camarões,Coreia do Sul,1,1,2,2.87,2.4,2.87,2.4,2.4,3.5,2.87,1-1,7.0,2025-05-17 17:17:00,15,13,0.5324675324675325,1
1728471,Copa,2025-05-17,1900-01-01 15:16:00,Senegal,Inglaterra,0,0,0,2.45,2.9,2.45,2.9,2.9,3.3,2.45,0-0,8.5,2025-05-17 17:17:00,15,16,0.47001211631663975,1
1728478,Copa,2025-05-17,1900-01-01 15:19:00,País de Gales,Austrália,2,0,2,3.0,2.35,3.0,2.35,2.35,3.4,3.0,2-0,7.5,2025-05-17 17:17:00,15,19,0.5437797147385103,2
1728484,Copa,2025-05-17,1900-01-01 15:22:00,Dinamarca,Bélgica,4,0,4,2.62,2.62,2.62,2.62,2.62,3.5,2.62,4-0,7.5,2025-05-17 17:17:00,15,22,0.5,2
1728495,Copa,2025-05-17,1900-01-01 15:25:00,Qatar,Camarões,1,3,4,2.4,2.87,2.4,2.87,2.4,3.5,2.87,1-3,7.0,2025-05-17 17:17:00,15,25,0.5324675324675325,0
1728502,Copa,2025-05-17,1900-01-01 15:28:00,Bélgica,Senegal,2,2,4,2.25,3.3,2.25,3.3,2.25,3.25,3.3,2-2,9.0,2025-05-17 17:17:00,15,28,0.5670103092783505,1
1728505,Copa,2025-05-17,1900-01-01 15:31:00,Coreia do Sul,Suíça,0,3,3,2.87,2.45,2.45,2.87,2.87,3.4,2.45,0-3,7.5,2025-05-17 17:17:00,15,31,0.47157586735404766,0
1728516,Copa,2025-05-17,1900-01-01 15:34:00,Qatar,França,0,2,2,2.1,3.4,2.1,3.4,3.4,3.5,2.1,0-2,7.0,2025-05-17 17:17:00,15,34,0.41379310344827597,0
1728520,Copa,2025-05-17,1900-01-01 15:37:00,Marrocos,Polônia,1,2,3,2.6,2.7,2.7,2.6,2.6,3.4,2.7,1-2,8.0,2025-05-17 17:17:00,15,37,0.5067891373801916,0
1728526,Copa,2025-05-17,1900-01-01 15:40:00,País de Gales,Espanha,1,2,3,3.2,2.2,2.2,3.2,3.2,3.5,2.2,1-2,7.0,2025-05-17 17:17:00,15,40,0.43253662297609874,0
1728533,Copa,2025-05-17,1900-01-01 15:43:00,Coreia do Sul,Dinamarca,1,2,3,3.0,2.35,2.35,3.0,3.0,3.5,2.35,1-2,7.0,2025-05-17 17:17:00,15,43,0.4558680892337536,0
1728540,Copa,2025-05-17,1900-01-01 15:46:00,Inglaterra,Qatar,3,0,3,1.85,4.2,4.2,1.85,1.85,3.6,4.2,3-0,7.5,2025-05-17 17:17:00,15,46,0.6431472081218275,2
1728546,Copa,2025-05-17,1900-01-01 15:49:00,País de Gales,Camarões,1,1,2,3.0,2.35,3.0,2.35,2.35,3.4,3.0,1-1,7.5,2025-05-17 17:17:00,15,49,0.5437797147385103,1
1728553,Copa,2025-05-17,1900-01-01 15:52:00,Argentina,Suíça,4,2,6,2.2,3.3,2.2,3.3,2.2,3.5,3.3,4-2,7.5,2025-05-17 17:17:00,15,52,0.5726141078838175,2
1728561,Copa,2025-05-17,1900-01-01 15:55:00,Croácia,Arábia Saudita,2,1,3,1.93,4.0,4.0,1.93,1.93,3.5,4.0,2-1,8.0,2025-05-17 17:17:00,15,55,0.6272168568920106,2
1728570,Copa,2025-05-17,1900-01-01 15:58:00,Qatar,Irã,2,0,2,3.1,2.25,3.1,2.25,2.25,3.5,3.1,2-0,7.0,2025-05-17 17:17:00,15,58,0.5578793774319065,2
1729273,Premier,2025-05-17,1900-01-01 21:00:00,Everton,Brentford,1,0,1,3.3,2.15,3.3,2.15,2.15,3.5,3.3,1-0,7.5,2025-05-17 17:17:00,21,0,0.576901031715705,2
1729280,Premier,2025-05-17,1900-01-01 21:03:00,Norwich,Liverpool,0,1,1,2.2,3.2,2.2,3.2,3.2,3.5,2.2,0-1,7.0,2025-05-17 17:17:00,21,3,0.43253662297609874,0
1729287,Premier,2025-05-17,1900-01-01 21:06:00,Wolverhampton,Chelsea,0,1,1,2.62,2.6,2.62,2.6,2.6,3.5,2.62,0-1,6.5,2025-05-17 17:17:00,21,6,0.5013954230125189,0
1729294,Premier,2025-05-17,1900-01-01 21:09:00,Everton,West Ham,3,1,4,2.4,3.0,2.4,3.0,2.4,3.3,3.0,3-1,8.5,2025-05-17 17:17:00,21,9,0.5395683453237411,2
1729301,Premier,2025-05-17,1900-01-01 21:12:00,Southampton,Brentford,1,1,2,3.25,2.25,3.25,2.25,2.25,3.4,3.25,1-1,8.5,2025-05-17 17:17:00,21,12,0.5653531955790485,1
1729308,Premier,2025-05-17,1900-01-01 21:15:00,City,Wolverhampton,3,3,6,2.05,3.4,2.05,3.4,2.05,3.75,3.4,3-3,6.0,2025-05-17 17:17:00,21,15,0.5923561069050443,1
1729133,Premier,2025-05-17,1900-01-01 20:00:00,Liverpool,Burnley,1,1,2,3.75,2.0,3.75,2.0,2.0,3.6,3.75,1-1,7.0,2025-05-17 17:17:00,20,0,0.6117021276595744,1
1729140,Premier,2025-05-17,1900-01-01 20:03:00,Islington,City,1,0,1,2.45,2.75,2.45,2.75,2.75,3.5,2.45,1-0,6.5,2025-05-17 17:17:00,20,3,0.4789473684210527,2
1729147,Premier,2025-05-17,1900-01-01 20:06:00,Watford,Wolverhampton,1,0,1,2.4,2.8,2.4,2.8,2.8,3.5,2.4,1-0,7.0,2025-05-17 17:17:00,20,6,0.47191011235955055,2
1729157,Premier,2025-05-17,1900-01-01 20:09:00,Norwich,Leeds,0,2,2,2.55,2.8,2.55,2.8,2.8,3.3,2.55,0-2,8.5,2025-05-17 17:17:00,20,9,0.4833635813672111,0
1729162,Premier,2025-05-17,1900-01-01 20:12:00,Tottenham,Newcastle,1,2,3,2.1,3.5,3.5,2.1,2.1,3.5,3.5,1-2,7.5,2025-05-17 17:17:00,20,12,0.590909090909091,0
1729171,Premier,2025-05-17,1900-01-01 20:15:00,United,Watford,2,1,3,1.9,4.0,4.0,1.9,1.9,3.6,4.0,2-1,7.5,2025-05-17 17:17:00,20,15,0.6310679611650486,2
1729177,Premier,2025-05-17,1900-01-01 20:18:00,Burnley,Tottenham,0,0,0,2.37,3.0,2.37,3.0,3.0,3.4,2.37,0-0,8.0,2025-05-17 17:17:00,20,18,0.45778145695364236,1
1729182,Premier,2025-05-17,1900-01-01 20:21:00,Brighton,Newcastle,1,2,3,2.55,2.62,2.62,2.55,2.55,3.6,2.62,1-2,6.0,2025-05-17 17:17:00,20,21,0.50498161546673,0
1729189,Premier,2025-05-17,1900-01-01 20:24:00,Palace,Southampton,1,0,1,2.7,2.6,2.7,2.6,2.6,3.4,2.7,1-0,8.0,2025-05-17 17:17:00,20,24,0.5067891373801916,2
1729196,Premier,2025-05-17,1900-01-01 20:27:00,Aston,Everton,3,1,4,2.7,2.6,2.7,2.6,2.7,3.4,2.6,3-1,7.5,2025-05-17 17:17:00,20,27,0.49321086261980834,2
1729203,Premier,2025-05-17,1900-01-01 20:30:00,West Ham,City,2,1,3,3.25,2.25,2.25,3.25,3.25,3.4,2.25,2-1,8.0,2025-05-17 17:17:00,20,30,0.4346468044209515,2
1729213,Premier,2025-05-17,1900-01-01 20:33:00,Tottenham,Palace,1,0,1,3.5,2.1,3.5,2.1,2.1,3.4,3.5,1-0,8.5,2025-05-17 17:17:00,20,33,0.590185676392573,2
1729217,Premier,2025-05-17,1900-01-01 20:36:00,Aston,Newcastle,0,2,2,2.87,2.4,2.87,2.4,2.4,3.5,2.87,0-2,7.0,2025-05-17 17:17:00,20,36,0.5324675324675325,0
1729225,Premier,2025-05-17,1900-01-01 20:39:00,Everton,Leeds,2,0,2,3.0,2.4,3.0,2.4,2.4,3.3,3.0,2-0,8.5,2025-05-17 17:17:00,20,39,0.5395683453237411,2
1729231,Premier,2025-05-17,1900-01-01 20:42:00,Chelsea,Aston,1,0,1,3.6,2.05,3.6,2.05,2.05,3.5,3.6,1-0,8.0,2025-05-17 17:17:00,20,42,0.5998895231080832,2
1729238,Premier,2025-05-17,1900-01-01 20:45:00,Newcastle,Brighton,0,0,0,3.0,2.25,3.0,2.25,2.25,3.6,3.0,0-0,6.0,2025-05-17 17:17:00,20,45,0.5526315789473684,1
1729245,Premier,2025-05-17,1900-01-01 20:48:00,City,Chelsea,1,1,2,3.2,2.2,3.2,2.2,2.2,3.6,3.2,1-1,7.0,2025-05-17 17:17:00,20,48,0.56797583081571,1
1729254,Premier,2025-05-17,1900-01-01 20:51:00,Brentford,Norwich,0,2,2,3.0,2.35,3.0,2.35,2.35,3.4,3.0,0-2,7.5,2025-05-17 17:17:00,20,51,0.5437797147385103,0
1729259,Premier,2025-05-17,1900-01-01 20:54:00,Liverpool,Southampton,1,2,3,2.2,3.3,3.3,2.2,2.2,3.4,3.3,1-2,8.0,2025-05-17 17:17:00,20,54,0.5720338983050847,0
1729266,Premier,2025-05-17,1900-01-01 20:57:00,Brighton,West Ham,3,0,3,2.8,2.5,2.5,2.8,2.8,3.4,2.5,3-0,8.0,2025-05-17 17:17:00,20,57,0.4796163069544364,2
1728993,Premier,2025-05-17,1900-01-01 19:00:00,United,Newcastle,2,2,4,1.95,3.8,1.95,3.8,1.95,3.6,3.8,2-2,6.5,2025-05-17 17:17:00,19,0,0.6184631803628603,1
1728999,Premier,2025-05-17,1900-01-01 19:03:00,Everton,Leicester,1,2,3,2.45,2.87,2.87,2.45,2.45,3.5,2.87,1-2,7.5,2025-05-17 17:17:00,19,3,0.5286532951289398,0
1729007,Premier,2025-05-17,1900-01-01 19:06:00,Palace,Newcastle,1,2,3,2.4,2.8,2.8,2.4,2.4,3.6,2.8,1-2,6.5,2025-05-17 17:17:00,19,6,0.5283018867924528,0
1729018,Premier,2025-05-17,1900-01-01 19:09:00,West Ham,Leeds,1,1,2,3.0,2.5,3.0,2.5,2.5,3.1,3.0,1-1,11.0,2025-05-17 17:17:00,19,9,0.5315682281059063,1
1729020,Premier,2025-05-17,1900-01-01 19:12:00,Brentford,Brighton,1,1,2,3.0,2.35,3.0,2.35,2.35,3.5,3.0,1-1,7.0,2025-05-17 17:17:00,19,12,0.5441319107662463,1
1729030,Premier,2025-05-17,1900-01-01 19:15:00,Islington,Leicester,1,1,2,3.2,2.25,3.2,2.25,2.25,3.4,3.2,1-1,7.5,2025-05-17 17:17:00,19,15,0.5627671978235522,1
1729035,Premier,2025-05-17,1900-01-01 19:18:00,Chelsea,Watford,3,1,4,2.0,3.75,2.0,3.75,2.0,3.5,3.75,3-1,7.5,2025-05-17 17:17:00,19,18,0.6108597285067873,2
1729042,Premier,2025-05-17,1900-01-01 19:21:00,Tottenham,Leeds,1,0,1,3.4,2.25,3.4,2.25,2.25,3.2,3.4,1-0,10.0,2025-05-17 17:17:00,19,21,0.5715118538670811,2
1729049,Premier,2025-05-17,1900-01-01 19:24:00,Newcastle,Leicester,0,0,0,2.55,2.7,2.55,2.7,2.7,3.5,2.55,0-0,7.0,2025-05-17 17:17:00,19,24,0.4896080760095012,1
1729056,Premier,2025-05-17,1900-01-01 19:27:00,Watford,Southampton,1,0,1,2.62,2.7,2.62,2.7,2.7,3.3,2.62,1-0,8.5,2025-05-17 17:17:00,19,27,0.49464068209500606,2
1729065,Premier,2025-05-17,1900-01-01 19:30:00,Chelsea,Brentford,3,1,4,2.0,3.75,2.0,3.75,2.0,3.5,3.75,3-1,7.5,2025-05-17 17:17:00,19,30,0.6108597285067873,2
1729070,Premier,2025-05-17,1900-01-01 19:33:00,West Ham,Brighton,1,1,2,3.4,2.15,3.4,2.15,2.15,3.4,3.4,1-1,8.0,2025-05-17 17:17:00,19,33,0.5811688311688311,1
1729077,Premier,2025-05-17,1900-01-01 19:36:00,Southampton,Liverpool,1,1,2,2.5,2.8,2.5,2.8,2.8,3.4,2.5,1-1,8.0,2025-05-17 17:17:00,19,36,0.4796163069544364,1
1729084,Premier,2025-05-17,1900-01-01 19:39:00,West Ham,Palace,2,0,2,3.2,2.3,3.2,2.3,2.3,3.3,3.2,2-0,8.5,2025-05-17 17:17:00,19,39,0.5582124656997256,2
1729091,Premier,2025-05-17,1900-01-01 19:42:00,Chelsea,Southampton,2,2,4,2.2,3.3,2.2,3.3,2.2,3.4,3.3,2-2,8.0,2025-05-17 17:17:00,19,42,0.5720338983050847,1
1729098,Premier,2025-05-17,1900-01-01 19:45:00,Islington,Palace,3,0,3,2.05,3.6,3.6,2.05,2.05,3.5,3.6,3-0,7.5,2025-05-17 17:17:00,19,45,0.5998895231080832,2
1729105,Premier,2025-05-17,1900-01-01 19:48:00,City,Southampton,0,1,1,3.8,1.95,3.8,1.95,1.95,3.6,3.8,0-1,7.5,2025-05-17 17:17:00,19,48,0.6184631803628603,0
1729113,Premier,2025-05-17,1900-01-01 19:51:00,Chelsea,Tottenham,2,1,3,2.4,3.0,3.0,2.4,2.4,3.3,3.0,2-1,8.5,2025-05-17 17:17:00,19,51,0.5395683453237411,2
1729119,Premier,2025-05-17,1900-01-01 19:54:00,Palace,Leicester,1,2,3,2.7,2.6,2.6,2.7,2.7,3.4,2.6,1-2,7.5,2025-05-17 17:17:00,19,54,0.49321086261980834,0
1729125,Premier,2025-05-17,1900-01-01 19:57:00,City,Brentford,1,0,1,4.33,1.83,4.33,1.83,1.83,3.75,4.33,1-0,7.0,2025-05-17 17:17:00,19,57,0.6510931894442671,2
1728853,Premier,2025-05-17,1900-01-01 18:00:00,Everton,Brighton,3,1,4,2.1,3.4,2.1,3.4,2.1,3.6,3.4,3-1,6.5,2025-05-17 17:17:00,18,0,0.5868596881959911,2
1728862,Premier,2025-05-17,1900-01-01 18:03:00,Liverpool,Islington,0,0,0,2.8,2.45,2.8,2.45,2.45,3.5,2.8,0-0,7.5,2025-05-17 17:17:00,18,3,0.5242718446601942,1
1728867,Premier,2025-05-17,1900-01-01 18:06:00,City,West Ham,0,1,1,4.0,1.98,4.0,1.98,1.98,3.5,4.0,0-1,8.0,2025-05-17 17:17:00,18,6,0.6225303292894282,0
1728875,Premier,2025-05-17,1900-01-01 18:09:00,Southampton,Leicester,0,2,2,2.8,2.55,2.8,2.55,2.55,3.3,2.8,0-2,8.5,2025-05-17 17:17:00,18,9,0.5166364186327888,0
1728888,Premier,2025-05-17,1900-01-01 18:15:00,Chelsea,Newcastle,1,0,1,3.5,2.05,3.5,2.05,2.05,3.6,3.5,1-0,6.5,2025-05-17 17:17:00,18,15,0.5961148959675934,2
1728895,Premier,2025-05-17,1900-01-01 18:18:00,Brentford,Liverpool,0,0,0,2.3,3.1,2.3,3.1,3.1,3.5,2.3,0-0,7.5,2025-05-17 17:17:00,18,18,0.44621590472531686,1
1728901,Premier,2025-05-17,1900-01-01 18:21:00,Everton,United,1,0,1,2.4,2.87,2.4,2.87,2.87,3.5,2.4,1-0,7.0,2025-05-17 17:17:00,18,21,0.4675324675324675,2
1728912,Premier,2025-05-17,1900-01-01 18:24:00,Liverpool,Leicester,0,1,1,3.2,2.25,3.2,2.25,2.25,3.4,3.2,0-1,7.5,2025-05-17 17:17:00,18,24,0.5627671978235522,0
1728916,Premier,2025-05-17,1900-01-01 18:27:00,Islington,Leeds,1,2,3,2.2,3.4,3.4,2.2,2.2,3.3,3.4,1-2,9.0,2025-05-17 17:17:00,18,27,0.576271186440678,0
1728926,Premier,2025-05-17,1900-01-01 18:30:00,Norwich,Tottenham,1,1,2,2.3,3.1,2.3,3.1,3.1,3.4,2.3,1-1,8.5,2025-05-17 17:17:00,18,30,0.4466457434287955,1
1728930,Premier,2025-05-17,1900-01-01 18:33:00,United,Liverpool,1,3,4,2.3,3.0,2.3,3.0,2.3,3.5,3.0,1-3,7.5,2025-05-17 17:17:00,18,33,0.5481335952848724,0
1728937,Premier,2025-05-17,1900-01-01 18:36:00,Aston,Wolverhampton,0,2,2,2.5,2.75,2.5,2.75,2.75,3.5,2.5,0-2,7.0,2025-05-17 17:17:00,18,36,0.48267326732673277,0
1728945,Premier,2025-05-17,1900-01-01 18:39:00,City,Everton,1,2,3,2.0,3.6,3.6,2.0,2.0,3.6,3.6,1-2,6.5,2025-05-17 17:17:00,18,39,0.6052631578947368,0
1728950,Premier,2025-05-17,1900-01-01 18:42:00,Burnley,West Ham,1,0,1,2.62,2.7,2.62,2.7,2.7,3.3,2.62,1-0,8.5,2025-05-17 17:17:00,18,42,0.49464068209500606,2
1728958,Premier,2025-05-17,1900-01-01 18:45:00,Southampton,Newcastle,3,0,3,2.3,3.1,3.1,2.3,2.3,3.5,3.1,3-0,7.0,2025-05-17 17:17:00,18,45,0.5537840952746832,2
1728965,Premier,2025-05-17,1900-01-01 18:48:00,Wolverhampton,Everton,0,0,0,2.9,2.35,2.9,2.35,2.35,3.6,2.9,0-0,6.5,2025-05-17 17:17:00,18,48,0.5384989305852614,1
1728973,Premier,2025-05-17,1900-01-01 18:51:00,Southampton,Leeds,2,1,3,2.5,3.0,3.0,2.5,2.5,3.2,3.0,2-1,10.0,2025-05-17 17:17:00,18,51,0.5318725099601593,2
1728982,Premier,2025-05-17,1900-01-01 18:54:00,Norwich,West Ham,0,1,1,2.55,2.8,2.55,2.8,2.8,3.3,2.55,0-1,8.5,2025-05-17 17:17:00,18,54,0.4833635813672111,0
1728986,Premier,2025-05-17,1900-01-01 18:57:00,Liverpool,Brentford,1,1,2,3.75,2.0,3.75,2.0,2.0,3.5,3.75,1-1,7.5,2025-05-17 17:17:00,18,57,0.6108597285067873,1
1728713,Premier,2025-05-17,1900-01-01 17:00:00,Islington,Newcastle,0,3,3,2.05,3.5,3.5,2.05,2.05,3.6,3.5,0-3,6.5,2025-05-17 17:17:00,17,0,0.5961148959675934,0
1728720,Premier,2025-05-17,1900-01-01 17:03:00,Leeds,Aston,0,2,2,3.25,2.3,3.25,2.3,2.3,3.25,3.25,0-2,10.0,2025-05-17 17:17:00,17,3,0.5605095541401274,0
1728730,Premier,2025-05-17,1900-01-01 17:06:00,Chelsea,Norwich,0,3,3,1.95,3.8,3.8,1.95,1.95,3.6,3.8,0-3,7.5,2025-05-17 17:17:00,17,6,0.6184631803628603,0
1728734,Premier,2025-05-17,1900-01-01 17:09:00,Newcastle,Everton,2,1,3,2.62,2.55,2.55,2.62,2.62,3.6,2.55,2-1,6.5,2025-05-17 17:17:00,17,9,0.49501838453326996,2
1728741,Premier,2025-05-17,1900-01-01 17:12:00,Brighton,Islington,3,2,5,3.2,2.2,3.2,2.2,3.2,3.6,2.2,3-2,6.5,2025-05-17 17:17:00,17,12,0.43202416918429004,2
1728748,Premier,2025-05-17,1900-01-01 17:15:00,Chelsea,Leeds,1,1,2,3.4,2.2,3.4,2.2,2.2,3.3,3.4,1-1,9.0,2025-05-17 17:17:00,17,15,0.576271186440678,1
1728757,Premier,2025-05-17,1900-01-01 17:18:00,Palace,Wolverhampton,1,1,2,2.5,2.75,2.5,2.75,2.75,3.5,2.5,1-1,6.5,2025-05-17 17:17:00,17,18,0.48267326732673277,1
1728761,Premier,2025-05-17,1900-01-01 17:21:00,City,Tottenham,1,3,4,2.15,3.4,2.15,3.4,2.15,3.5,3.4,1-3,8.0,2025-05-17 17:17:00,17,21,0.5818215821956236,0
1728769,Premier,2025-05-17,1900-01-01 17:24:00,Norwich,Palace,0,1,1,2.7,2.6,2.7,2.6,2.6,3.5,2.7,0-1,7.0,2025-05-17 17:17:00,17,24,0.5068439577630035,0
1728775,Premier,2025-05-17,1900-01-01 17:27:00,Aston,Brentford,2,0,2,3.0,2.37,3.0,2.37,2.37,3.4,3.0,2-0,8.5,2025-05-17 17:17:00,17,27,0.5422185430463576,2
1728786,Premier,2025-05-17,1900-01-01 17:30:00,Burnley,Palace,0,1,1,2.75,2.5,2.75,2.5,2.5,3.5,2.75,0-1,7.0,2025-05-17 17:17:00,17,30,0.5173267326732675,0
1728790,Premier,2025-05-17,1900-01-01 17:33:00,Leicester,Islington,0,0,0,2.6,2.7,2.6,2.7,2.7,3.4,2.6,0-0,7.5,2025-05-17 17:17:00,17,33,0.49321086261980834,1
1728801,Premier,2025-05-17,1900-01-01 17:36:00,West Ham,Newcastle,0,0,0,3.1,2.3,3.1,2.3,2.3,3.4,3.1,0-0,8.0,2025-05-17 17:17:00,17,36,0.5533542565712045,1
1728804,Premier,2025-05-17,1900-01-01 17:39:00,Brighton,Palace,3,3,6,2.55,2.62,2.55,2.62,2.55,3.5,2.62,3-3,6.5,2025-05-17 17:17:00,17,39,0.5049443009363902,1
1728811,Premier,2025-05-17,1900-01-01 17:42:00,Chelsea,Everton,2,0,2,3.1,2.25,3.1,2.25,2.25,3.5,3.1,2-0,7.0,2025-05-17 17:17:00,17,42,0.5578793774319065,2
1728818,Premier,2025-05-17,1900-01-01 17:45:00,Palace,Leeds,0,0,0,2.75,2.62,2.75,2.62,2.62,3.3,2.75,0-0,8.5,2025-05-17 17:17:00,17,45,0.5086054721977052,1
1728826,Premier,2025-05-17,1900-01-01 17:48:00,Newcastle,Chelsea,1,3,4,2.9,2.35,2.9,2.35,2.9,3.6,2.35,1-3,6.5,2025-05-17 17:17:00,17,48,0.46150106941473845,0
1728832,Premier,2025-05-17,1900-01-01 17:51:00,United,Everton,0,4,4,2.1,3.4,2.1,3.4,2.1,3.6,3.4,0-4,7.0,2025-05-17 17:17:00,17,51,0.5868596881959911,0
1728841,Premier,2025-05-17,1900-01-01 17:54:00,Tottenham,Southampton,1,0,1,3.3,2.25,3.3,2.25,2.25,3.3,3.3,1-0,9.0,2025-05-17 17:17:00,17,54,0.5673076923076923,2
1728849,Premier,2025-05-17,1900-01-01 17:57:00,Norwich,Burnley,1,0,1,2.75,2.5,2.75,2.5,2.5,3.5,2.75,1-0,7.0,2025-05-17 17:17:00,17,57,0.5173267326732675,2
1728574,Premier,2025-05-17,1900-01-01 16:00:00,Tottenham,Norwich,1,1,2,3.8,2.0,3.8,2.0,2.0,3.5,3.8,1-1,8.5,2025-05-17 17:17:00,16,0,0.6129032258064515,1
1728580,Premier,2025-05-17,1900-01-01 16:03:00,Southampton,City,0,1,1,2.2,3.2,2.2,3.2,3.2,3.5,2.2,0-1,7.0,2025-05-17 17:17:00,16,3,0.43253662297609874,0
1728587,Premier,2025-05-17,1900-01-01 16:06:00,Burnley,Watford,0,0,0,2.87,2.4,2.87,2.4,2.4,3.5,2.87,0-0,7.0,2025-05-17 17:17:00,16,6,0.5324675324675325,1
1728594,Premier,2025-05-17,1900-01-01 16:09:00,Palace,Chelsea,1,1,2,2.35,3.0,2.35,3.0,3.0,3.5,2.35,1-1,7.0,2025-05-17 17:17:00,16,9,0.4558680892337536,1
1728601,Premier,2025-05-17,1900-01-01 16:12:00,Everton,Southampton,1,0,1,3.0,2.37,3.0,2.37,2.37,3.4,3.0,1-0,7.5,2025-05-17 17:17:00,16,12,0.5422185430463576,2
1728606,Premier,2025-05-17,1900-01-01 16:15:00,City,Leeds,1,1,2,4.0,1.98,4.0,1.98,1.98,3.5,4.0,1-1,8.0,2025-05-17 17:17:00,16,15,0.6225303292894282,1
1728615,Premier,2025-05-17,1900-01-01 16:18:00,Liverpool,Chelsea,2,0,2,2.8,2.45,2.8,2.45,2.45,3.5,2.8,2-0,7.5,2025-05-17 17:17:00,16,18,0.5242718446601942,2
1728622,Premier,2025-05-17,1900-01-01 16:21:00,Wolverhampton,Burnley,0,1,1,3.3,2.1,3.3,2.1,2.1,3.6,3.3,0-1,6.5,2025-05-17 17:17:00,16,21,0.5819112627986349,0
1728629,Premier,2025-05-17,1900-01-01 16:24:00,Southampton,Everton,1,1,2,2.8,2.5,2.8,2.5,2.5,3.4,2.8,1-1,7.5,2025-05-17 17:17:00,16,24,0.5203836930455635,1
1728636,Premier,2025-05-17,1900-01-01 16:27:00,Aston,Brighton,0,2,2,3.1,2.25,3.1,2.25,2.25,3.5,3.1,0-2,7.0,2025-05-17 17:17:00,16,27,0.5578793774319065,0
1728646,Premier,2025-05-17,1900-01-01 16:30:00,Brentford,United,0,0,0,2.15,3.3,2.15,3.3,3.3,3.5,2.15,0-0,7.5,2025-05-17 17:17:00,16,30,0.423098968284295,1
1728650,Premier,2025-05-17,1900-01-01 16:33:00,Tottenham,Wolverhampton,0,0,0,3.0,2.37,3.0,2.37,2.37,3.4,3.0,0-0,7.5,2025-05-17 17:17:00,16,33,0.5422185430463576,1
1728659,Premier,2025-05-17,1900-01-01 16:36:00,Watford,Brighton,2,1,3,2.35,3.0,3.0,2.35,2.35,3.5,3.0,2-1,7.0,2025-05-17 17:17:00,16,36,0.5441319107662463,2
1728664,Premier,2025-05-17,1900-01-01 16:39:00,Leicester,Newcastle,1,0,1,3.2,2.2,3.2,2.2,2.2,3.5,3.2,1-0,7.0,2025-05-17 17:17:00,16,39,0.5674633770239014,2
1728671,Premier,2025-05-17,1900-01-01 16:42:00,Watford,Norwich,0,1,1,3.0,2.35,3.0,2.35,2.35,3.4,3.0,0-1,7.5,2025-05-17 17:17:00,16,42,0.5437797147385103,0
1728678,Premier,2025-05-17,1900-01-01 16:45:00,Newcastle,Burnley,2,0,2,2.9,2.35,2.9,2.35,2.35,3.6,2.9,2-0,6.5,2025-05-17 17:17:00,16,45,0.5384989305852614,2
1728685,Premier,2025-05-17,1900-01-01 16:48:00,Southampton,West Ham,1,1,2,3.0,2.5,3.0,2.5,2.5,3.2,3.0,1-1,10.0,2025-05-17 17:17:00,16,48,0.5318725099601593,1
1728694,Premier,2025-05-17,1900-01-01 16:51:00,Chelsea,Liverpool,3,1,4,2.45,2.8,2.45,2.8,2.45,3.5,2.8,3-1,7.5,2025-05-17 17:17:00,16,51,0.5242718446601942,2
1728701,Premier,2025-05-17,1900-01-01 16:54:00,Aston,Tottenham,0,1,1,2.5,2.9,2.5,2.9,2.9,3.25,2.5,0-1,9.0,2025-05-17 17:17:00,16,54,0.47379032258064524,0
1728709,Premier,2025-05-17,1900-01-01 16:57:00,West Ham,Wolverhampton,0,2,2,2.7,2.6,2.7,2.6,2.6,3.4,2.7,0-2,8.0,2025-05-17 17:17:00,16,57,0.5067891373801916,0
1728433,Premier,2025-05-17,1900-01-01 15:00:00,Burnley,Southampton,2,0,2,2.6,2.7,2.6,2.7,2.7,3.4,2.6,2-0,7.5,2025-05-17 17:17:00,15,0,0.49321086261980834,2
1728442,Premier,2025-05-17,1900-01-01 15:03:00,Palace,West Ham,2,0,2,2.75,2.62,2.75,2.62,2.62,3.3,2.75,2-0,8.5,2025-05-17 17:17:00,15,3,0.5086054721977052,2
1728450,Premier,2025-05-17,1900-01-01 15:06:00,Brighton,Chelsea,1,0,1,2.2,3.2,2.2,3.2,3.2,3.6,2.2,1-0,6.5,2025-05-17 17:17:00,15,6,0.43202416918429004,2
1728468,Premier,2025-05-17,1900-01-01 15:15:00,Burnley,Chelsea,0,1,1,2.25,3.1,2.25,3.1,3.1,3.5,2.25,0-1,7.0,2025-05-17 17:17:00,15,15,0.44212062256809337,0
1728475,Premier,2025-05-17,1900-01-01 15:18:00,Leicester,Norwich,0,0,0,3.5,2.1,3.5,2.1,2.1,3.5,3.5,0-0,7.5,2025-05-17 17:17:00,15,18,0.590909090909091,1
1728482,Premier,2025-05-17,1900-01-01 15:21:00,Southampton,Aston,1,2,3,2.3,3.2,3.2,2.3,2.3,3.3,3.2,1-2,8.5,2025-05-17 17:17:00,15,21,0.5582124656997256,0
1728493,Premier,2025-05-17,1900-01-01 15:24:00,Palace,Burnley,1,0,1,2.9,2.35,2.9,2.35,2.35,3.5,2.9,1-0,7.0,2025-05-17 17:17:00,15,24,0.5382096069868996,2
1728496,Premier,2025-05-17,1900-01-01 15:27:00,Wolverhampton,Liverpool,1,1,2,2.62,2.6,2.62,2.6,2.6,3.5,2.62,1-1,6.5,2025-05-17 17:17:00,15,27,0.5013954230125189,1
1728503,Premier,2025-05-17,1900-01-01 15:30:00,City,Palace,4,2,6,1.86,4.0,1.86,4.0,1.86,3.75,4.0,4-2,7.0,2025-05-17 17:17:00,15,30,0.6364099949005609,2
1728510,Premier,2025-05-17,1900-01-01 15:33:00,Burnley,Leicester,1,1,2,2.5,2.75,2.5,2.75,2.75,3.5,2.5,1-1,7.0,2025-05-17 17:17:00,15,33,0.48267326732673277,1
1728519,Premier,2025-05-17,1900-01-01 15:36:00,Brentford,Tottenham,0,0,0,2.4,3.0,2.4,3.0,3.0,3.3,2.4,0-0,8.5,2025-05-17 17:17:00,15,36,0.460431654676259,1
1728524,Premier,2025-05-17,1900-01-01 15:39:00,Brighton,Liverpool,2,1,3,3.2,2.2,2.2,3.2,3.2,3.6,2.2,2-1,6.5,2025-05-17 17:17:00,15,39,0.43202416918429004,2
1728531,Premier,2025-05-17,1900-01-01 15:42:00,Chelsea,United,3,2,5,2.62,2.62,2.62,2.62,2.62,3.5,2.62,3-2,7.5,2025-05-17 17:17:00,15,42,0.5,2
1728538,Premier,2025-05-17,1900-01-01 15:45:00,Brighton,Wolverhampton,0,1,1,2.3,2.9,2.3,2.9,2.9,3.6,2.3,0-1,6.0,2025-05-17 17:17:00,15,45,0.45746356833398977,0
1728547,Premier,2025-05-17,1900-01-01 15:48:00,Newcastle,Islington,1,1,2,2.35,2.9,2.35,2.9,2.9,3.6,2.35,1-1,6.5,2025-05-17 17:17:00,15,48,0.46150106941473845,1
1728554,Premier,2025-05-17,1900-01-01 15:51:00,Burnley,Everton,3,1,4,2.75,2.5,2.75,2.5,2.75,3.5,2.5,3-1,6.5,2025-05-17 17:17:00,15,51,0.48267326732673277,2
1728559,Premier,2025-05-17,1900-01-01 15:54:00,Newcastle,Leeds,0,3,3,2.62,2.7,2.7,2.62,2.62,3.4,2.7,0-3,8.0,2025-05-17 17:17:00,15,54,0.505404975757094,0
1728566,Premier,2025-05-17,1900-01-01 15:57:00,Leicester,Burnley,1,2,3,2.15,3.3,3.3,2.15,2.15,3.5,3.3,1-2,7.0,2025-05-17 17:17:00,15,57,0.576901031715705,0
1729275,Super,2025-05-17,1900-01-01 21:01:00,Agua Branca,Medellin,3,0,3,2.0,3.75,3.75,2.0,2.0,3.5,3.75,3-0,7.5,2025-05-17 17:18:00,21,1,0.6108597285067873,2
1729282,Super,2025-05-17,1900-01-01 21:04:00,La Boca,Belo Horizonte,0,1,1,2.5,2.8,2.5,2.8,2.8,3.5,2.5,0-1,7.5,2025-05-17 17:18:00,21,4,0.47945205479452063,0
1729292,Super,2025-05-17,1900-01-01 21:07:00,Asuncion,Penarol,0,1,1,2.75,2.62,2.75,2.62,2.62,3.3,2.75,0-1,8.5,2025-05-17 17:18:00,21,7,0.5086054721977052,0
1729296,Super,2025-05-17,1900-01-01 21:10:00,Itaquera,Porto Alegre,0,1,1,3.2,2.35,3.2,2.35,2.35,3.2,3.2,0-1,10.0,2025-05-17 17:18:00,21,10,0.5537974683544303,0
1729306,Super,2025-05-17,1900-01-01 21:13:00,Belo Horizonte,Agua Branca,0,1,1,3.1,2.25,3.1,2.25,2.25,3.6,3.1,0-1,6.5,2025-05-17 17:18:00,21,13,0.5583190394511148,0
1729310,Super,2025-05-17,1900-01-01 21:16:00,Penarol,Medellin,0,1,1,3.1,2.37,3.1,2.37,2.37,3.25,3.1,0-1,9.0,2025-05-17 17:18:00,21,16,0.5472148699476607,0
1729136,Super,2025-05-17,1900-01-01 20:01:00,Medellin,Guayaquil,2,0,2,2.8,2.5,2.8,2.5,2.5,3.4,2.8,2-0,7.5,2025-05-17 17:18:00,20,1,0.5203836930455635,2
1729146,Super,2025-05-17,1900-01-01 20:04:00,Lima,La Boca,2,1,3,3.3,2.15,2.15,3.3,3.3,3.5,2.15,2-1,7.5,2025-05-17 17:18:00,20,4,0.423098968284295,2
1729152,Super,2025-05-17,1900-01-01 20:07:00,Montevideo,Santos,1,1,2,2.45,2.87,2.45,2.87,2.87,3.4,2.45,1-1,7.5,2025-05-17 17:18:00,20,7,0.47157586735404766,1
1729156,Super,2025-05-17,1900-01-01 20:10:00,Porto Alegre,Buenos Aires,2,1,3,2.7,2.62,2.62,2.7,2.7,3.3,2.62,2-1,8.5,2025-05-17 17:18:00,20,10,0.49464068209500606,2
1729166,Super,2025-05-17,1900-01-01 20:13:00,Santos,Quito,0,0,0,3.25,2.25,3.25,2.25,2.25,3.4,3.25,0-0,8.5,2025-05-17 17:18:00,20,13,0.5653531955790485,1
1729170,Super,2025-05-17,1900-01-01 20:16:00,La Plata,Asuncion,1,0,1,3.6,2.1,3.6,2.1,2.1,3.3,3.6,1-0,9.0,2025-05-17 17:18:00,20,16,0.5938566552901022,2
1729176,Super,2025-05-17,1900-01-01 20:19:00,Sao Paulo,La Boca,1,0,1,2.62,2.62,2.62,2.62,2.62,3.5,2.62,1-0,7.5,2025-05-17 17:18:00,20,19,0.5,2
1729184,Super,2025-05-17,1900-01-01 20:22:00,Quito,Belo Horizonte,2,1,3,3.3,2.15,2.15,3.3,3.3,3.6,2.15,2-1,7.0,2025-05-17 17:18:00,20,22,0.42251544076361597,2
1729191,Super,2025-05-17,1900-01-01 20:25:00,Montevideo,Avellaneda,2,1,3,2.75,2.5,2.5,2.75,2.75,3.5,2.5,2-1,7.0,2025-05-17 17:18:00,20,25,0.48267326732673277,2
1729199,Super,2025-05-17,1900-01-01 20:28:00,Lima,Porto Alegre,1,1,2,2.4,3.0,2.4,3.0,3.0,3.3,2.4,1-1,8.5,2025-05-17 17:18:00,20,28,0.460431654676259,1
1729208,Super,2025-05-17,1900-01-01 20:31:00,Quito,Itaquera,0,2,2,2.5,2.8,2.5,2.8,2.8,3.4,2.5,0-2,8.0,2025-05-17 17:18:00,20,31,0.4796163069544364,0
1729212,Super,2025-05-17,1900-01-01 20:34:00,Santos,Avellaneda,1,1,2,3.0,2.37,3.0,2.37,2.37,3.3,3.0,1-1,8.5,2025-05-17 17:18:00,20,34,0.5418629938383472,1
1729220,Super,2025-05-17,1900-01-01 20:37:00,Lima,Montevideo,2,1,3,2.55,2.62,2.62,2.55,2.55,3.6,2.62,2-1,6.5,2025-05-17 17:18:00,20,37,0.50498161546673,2
1729230,Super,2025-05-17,1900-01-01 20:40:00,Rio de Janeiro,Agua Branca,1,1,2,2.9,2.37,2.9,2.37,2.37,3.5,2.9,1-1,7.0,2025-05-17 17:18:00,20,40,0.5366340153250652,1
1729234,Super,2025-05-17,1900-01-01 20:43:00,Guayaquil,Sao Paulo,0,1,1,2.55,2.62,2.55,2.62,2.62,3.6,2.55,0-1,6.5,2025-05-17 17:18:00,20,43,0.49501838453326996,0
1729241,Super,2025-05-17,1900-01-01 20:46:00,Belo Horizonte,Bogota,0,1,1,4.0,1.98,4.0,1.98,1.98,3.5,4.0,0-1,8.0,2025-05-17 17:18:00,20,46,0.6225303292894282,0
1729247,Super,2025-05-17,1900-01-01 20:49:00,Sao Paulo,Rio de Janeiro,0,2,2,2.45,2.75,2.45,2.75,2.75,3.5,2.45,0-2,6.5,2025-05-17 17:18:00,20,49,0.4789473684210527,0
1729253,Super,2025-05-17,1900-01-01 20:52:00,La Boca,Quito,1,2,3,2.1,3.5,3.5,2.1,2.1,3.4,3.5,1-2,8.5,2025-05-17 17:18:00,20,52,0.590185676392573,0
1729264,Super,2025-05-17,1900-01-01 20:55:00,Porto Alegre,La Plata,2,0,2,2.9,2.6,2.9,2.6,2.6,3.1,2.9,2-0,11.0,2025-05-17 17:18:00,20,55,0.5189101260675071,2
1729271,Super,2025-05-17,1900-01-01 20:58:00,La Boca,Penarol,3,0,3,2.15,3.6,3.6,2.15,2.15,3.3,3.6,3-0,9.0,2025-05-17 17:18:00,20,58,0.5895564289724874,2
1728995,Super,2025-05-17,1900-01-01 19:01:00,La Boca,Porto Alegre,0,3,3,2.3,3.4,3.4,2.3,2.3,3.2,3.4,0-3,10.0,2025-05-17 17:18:00,19,1,0.5675364543361474,0
1729002,Super,2025-05-17,1900-01-01 19:04:00,Belo Horizonte,Santiago,3,3,6,1.76,4.33,1.76,4.33,1.76,3.8,4.33,3-3,6.0,2025-05-17 17:18:00,19,4,0.6587306747110145,1
1729010,Super,2025-05-17,1900-01-01 19:07:00,Santos,Asuncion,1,0,1,3.5,2.1,3.5,2.1,2.1,3.4,3.5,1-0,8.5,2025-05-17 17:18:00,19,7,0.590185676392573,2
1729017,Super,2025-05-17,1900-01-01 19:10:00,Itaquera,La Boca,4,0,4,2.55,2.8,2.55,2.8,2.55,3.3,2.8,4-0,8.5,2025-05-17 17:18:00,19,10,0.5166364186327888,2
1729023,Super,2025-05-17,1900-01-01 19:13:00,Santiago,Guayaquil,1,1,2,2.55,2.62,2.55,2.62,2.62,3.6,2.55,1-1,6.5,2025-05-17 17:18:00,19,13,0.49501838453326996,1
1729033,Super,2025-05-17,1900-01-01 19:16:00,Belo Horizonte,Sao Paulo,3,2,5,2.05,3.4,2.05,3.4,2.05,3.75,3.4,3-2,6.0,2025-05-17 17:18:00,19,16,0.5923561069050443,2
1729037,Super,2025-05-17,1900-01-01 19:19:00,Asuncion,La Boca,1,1,2,2.3,3.1,2.3,3.1,3.1,3.4,2.3,1-1,8.5,2025-05-17 17:18:00,19,19,0.4466457434287955,1
1729047,Super,2025-05-17,1900-01-01 19:22:00,Porto Alegre,Santos,0,1,1,2.9,2.55,2.9,2.55,2.55,3.2,2.9,0-1,10.0,2025-05-17 17:18:00,19,22,0.5225488222266962,0
1729051,Super,2025-05-17,1900-01-01 19:25:00,Montevideo,Belo Horizonte,0,2,2,2.02,3.5,2.02,3.5,3.5,3.75,2.02,0-2,6.5,2025-05-17 17:18:00,19,25,0.4000720201656463,0
1729058,Super,2025-05-17,1900-01-01 19:28:00,Lima,Bogota,3,2,5,2.9,2.45,2.9,2.45,2.9,3.3,2.45,3-2,8.5,2025-05-17 17:18:00,19,28,0.47001211631663975,2
1729064,Super,2025-05-17,1900-01-01 19:31:00,Medellin,Belo Horizonte,0,2,2,2.1,3.4,2.1,3.4,3.4,3.5,2.1,0-2,7.0,2025-05-17 17:18:00,19,31,0.41379310344827597,0
1729075,Super,2025-05-17,1900-01-01 19:34:00,Bogota,Quito,0,1,1,3.1,2.37,3.1,2.37,2.37,3.25,3.1,0-1,9.0,2025-05-17 17:18:00,19,34,0.5472148699476607,0
1729080,Super,2025-05-17,1900-01-01 19:37:00,Rio de Janeiro,Itaquera,1,1,2,3.2,2.25,3.2,2.25,2.25,3.4,3.2,1-1,7.5,2025-05-17 17:18:00,19,37,0.5627671978235522,1
1729089,Super,2025-05-17,1900-01-01 19:40:00,Porto Alegre,Penarol,1,1,2,3.3,2.35,3.3,2.35,2.35,3.1,3.3,1-1,11.0,2025-05-17 17:18:00,19,40,0.5582706766917294,1
1729093,Super,2025-05-17,1900-01-01 19:43:00,Buenos Aires,Asuncion,0,2,2,3.6,2.0,3.6,2.0,2.0,3.6,3.6,0-2,7.0,2025-05-17 17:18:00,19,43,0.6052631578947368,0
1729101,Super,2025-05-17,1900-01-01 19:46:00,Guayaquil,Bogota,1,0,1,2.8,2.55,2.8,2.55,2.55,3.3,2.8,1-0,8.5,2025-05-17 17:18:00,19,46,0.5166364186327888,2
1729107,Super,2025-05-17,1900-01-01 19:49:00,Penarol,Itaquera,1,1,2,2.55,2.8,2.55,2.8,2.8,3.3,2.55,1-1,8.5,2025-05-17 17:18:00,19,49,0.4833635813672111,1
1729116,Super,2025-05-17,1900-01-01 19:52:00,Porto Alegre,Rio de Janeiro,2,2,4,2.9,2.5,2.9,2.5,2.9,3.25,2.5,2-2,9.0,2025-05-17 17:18:00,19,52,0.47379032258064524,1
1729121,Super,2025-05-17,1900-01-01 19:55:00,Bogota,Avellaneda,0,1,1,2.87,2.55,2.87,2.55,2.55,3.25,2.87,0-1,9.0,2025-05-17 17:18:00,19,55,0.520855475565003,0
1729128,Super,2025-05-17,1900-01-01 19:58:00,Lima,Santos,1,1,2,2.3,3.1,2.3,3.1,3.1,3.5,2.3,1-1,7.5,2025-05-17 17:18:00,19,58,0.44621590472531686,1
1728856,Super,2025-05-17,1900-01-01 18:01:00,Sao Paulo,Guayaquil,1,2,3,2.2,3.1,3.1,2.2,2.2,3.6,3.1,1-2,6.5,2025-05-17 17:18:00,18,1,0.5625482625482626,0
1728861,Super,2025-05-17,1900-01-01 18:04:00,Penarol,Montevideo,0,2,2,3.1,2.3,3.1,2.3,2.3,3.4,3.1,0-2,8.0,2025-05-17 17:18:00,18,4,0.5533542565712045,0
1728870,Super,2025-05-17,1900-01-01 18:07:00,Belo Horizonte,Buenos Aires,0,0,0,3.2,2.15,3.2,2.15,2.15,3.6,3.2,0-0,6.0,2025-05-17 17:18:00,18,7,0.5723029839326702,1
1728878,Super,2025-05-17,1900-01-01 18:10:00,Sao Paulo,La Plata,1,1,2,2.87,2.45,2.87,2.45,2.45,3.4,2.87,1-1,8.0,2025-05-17 17:18:00,18,10,0.5284241326459523,1
1728885,Super,2025-05-17,1900-01-01 18:13:00,Buenos Aires,Santiago,1,2,3,1.95,3.75,3.75,1.95,1.95,3.75,3.75,1-2,6.0,2025-05-17 17:18:00,18,13,0.6176470588235294,0
1728890,Super,2025-05-17,1900-01-01 18:16:00,Medellin,Porto Alegre,0,1,1,2.7,2.75,2.7,2.75,2.75,3.2,2.7,0-1,10.0,2025-05-17 17:18:00,18,16,0.49678262618137947,0
1728897,Super,2025-05-17,1900-01-01 18:19:00,Santiago,Bogota,4,2,6,2.8,2.5,2.8,2.5,2.8,3.4,2.5,4-2,8.0,2025-05-17 17:18:00,18,19,0.4796163069544364,2
1728905,Super,2025-05-17,1900-01-01 18:22:00,Montevideo,Medellin,1,0,1,2.8,2.5,2.8,2.5,2.5,3.4,2.8,1-0,7.5,2025-05-17 17:18:00,18,22,0.5203836930455635,2
1728911,Super,2025-05-17,1900-01-01 18:25:00,Santiago,Buenos Aires,1,1,2,2.2,3.1,2.2,3.1,3.1,3.6,2.2,1-1,6.0,2025-05-17 17:18:00,18,25,0.43745173745173743,1
1728918,Super,2025-05-17,1900-01-01 18:28:00,La Boca,Sao Paulo,2,1,3,2.3,3.1,3.1,2.3,2.3,3.5,3.1,2-1,7.5,2025-05-17 17:18:00,18,28,0.5537840952746832,2
1728925,Super,2025-05-17,1900-01-01 18:31:00,Santos,Rio de Janeiro,3,2,5,2.8,2.5,2.8,2.5,2.8,3.4,2.5,3-2,8.0,2025-05-17 17:18:00,18,31,0.4796163069544364,2
1728935,Super,2025-05-17,1900-01-01 18:34:00,Quito,Medellin,3,2,5,2.37,3.0,2.37,3.0,2.37,3.4,3.0,3-2,8.5,2025-05-17 17:18:00,18,34,0.5422185430463576,2
1728940,Super,2025-05-17,1900-01-01 18:37:00,Itaquera,Guayaquil,1,1,2,3.3,2.15,3.3,2.15,2.15,3.5,3.3,1-1,7.5,2025-05-17 17:18:00,18,37,0.576901031715705,1
1728949,Super,2025-05-17,1900-01-01 18:40:00,Avellaneda,Buenos Aires,2,4,6,2.7,2.55,2.7,2.55,2.7,3.5,2.55,2-4,7.0,2025-05-17 17:18:00,18,40,0.4896080760095012,0
1728952,Super,2025-05-17,1900-01-01 18:43:00,Asuncion,Lima,1,1,2,3.1,2.25,3.1,2.25,2.25,3.5,3.1,1-1,7.0,2025-05-17 17:18:00,18,43,0.5578793774319065,1
1728961,Super,2025-05-17,1900-01-01 18:46:00,Quito,Rio de Janeiro,3,2,5,3.1,2.3,3.1,2.3,3.1,3.4,2.3,3-2,7.5,2025-05-17 17:18:00,18,46,0.4466457434287955,2
1728968,Super,2025-05-17,1900-01-01 18:49:00,Asuncion,Agua Branca,1,0,1,2.2,3.2,2.2,3.2,3.2,3.5,2.2,1-0,7.0,2025-05-17 17:18:00,18,49,0.43253662297609874,2
1728975,Super,2025-05-17,1900-01-01 18:52:00,Sao Paulo,Bogota,3,1,4,2.3,3.1,2.3,3.1,2.3,3.4,3.1,3-1,8.0,2025-05-17 17:18:00,18,52,0.5533542565712045,2
1728981,Super,2025-05-17,1900-01-01 18:55:00,Guayaquil,Rio de Janeiro,0,0,0,2.25,3.1,2.25,3.1,3.1,3.5,2.25,0-0,7.0,2025-05-17 17:18:00,18,55,0.44212062256809337,1
1728988,Super,2025-05-17,1900-01-01 18:58:00,Avellaneda,Asuncion,3,1,4,2.15,3.4,2.15,3.4,2.15,3.4,3.4,3-1,8.0,2025-05-17 17:18:00,18,58,0.5811688311688311,2
1728715,Super,2025-05-17,1900-01-01 17:01:00,Avellaneda,Bogota,2,2,4,2.4,3.1,2.4,3.1,2.4,3.25,3.1,2-2,9.0,2025-05-17 17:18:00,17,1,0.5449338336954375,1
1728723,Super,2025-05-17,1900-01-01 17:04:00,Medellin,Asuncion,2,2,4,2.37,3.0,2.37,3.0,2.37,3.4,3.0,2-2,8.5,2025-05-17 17:18:00,17,4,0.5422185430463576,1
1728729,Super,2025-05-17,1900-01-01 17:07:00,Porto Alegre,Lima,2,1,3,2.05,3.75,3.75,2.05,2.05,3.4,3.75,2-1,8.5,2025-05-17 17:18:00,17,7,0.6054455897108456,2
1728736,Super,2025-05-17,1900-01-01 17:10:00,Medellin,Montevideo,0,1,1,3.0,2.35,3.0,2.35,2.35,3.4,3.0,0-1,7.5,2025-05-17 17:18:00,17,10,0.5437797147385103,0
1728743,Super,2025-05-17,1900-01-01 17:13:00,Belo Horizonte,La Plata,3,0,3,2.07,3.6,3.6,2.07,2.07,3.4,3.6,3-0,8.0,2025-05-17 17:18:00,17,13,0.5973063973063973,2
1728750,Super,2025-05-17,1900-01-01 17:16:00,Avellaneda,Lima,3,0,3,2.05,3.6,3.6,2.05,2.05,3.6,3.6,3-0,7.0,2025-05-17 17:18:00,17,16,0.6006493506493505,2
1728756,Super,2025-05-17,1900-01-01 17:19:00,Belo Horizonte,Porto Alegre,3,1,4,2.02,3.8,2.02,3.8,2.02,3.4,3.8,3-1,8.5,2025-05-17 17:18:00,17,19,0.6101806000582581,2
1728768,Super,2025-05-17,1900-01-01 17:22:00,La Plata,Buenos Aires,1,1,2,2.7,2.6,2.7,2.6,2.6,3.4,2.7,1-1,8.0,2025-05-17 17:18:00,17,22,0.5067891373801916,1
1728772,Super,2025-05-17,1900-01-01 17:25:00,Belo Horizonte,Medellin,0,0,0,4.2,1.86,4.2,1.86,1.86,3.6,4.2,0-0,7.5,2025-05-17 17:18:00,17,25,0.6421628189550425,1
1728782,Super,2025-05-17,1900-01-01 17:28:00,La Boca,Lima,4,3,7,1.9,4.2,1.9,4.2,1.9,3.6,4.2,4-3,7.5,2025-05-17 17:18:00,17,28,0.6382765531062125,2
1728785,Super,2025-05-17,1900-01-01 17:31:00,Porto Alegre,Montevideo,0,1,1,3.4,2.15,3.4,2.15,2.15,3.4,3.4,0-1,8.5,2025-05-17 17:18:00,17,31,0.5811688311688311,0
1728792,Super,2025-05-17,1900-01-01 17:34:00,Itaquera,Avellaneda,1,0,1,3.1,2.3,3.1,2.3,2.3,3.4,3.1,1-0,8.0,2025-05-17 17:18:00,17,34,0.5533542565712045,2
1728798,Super,2025-05-17,1900-01-01 17:37:00,Buenos Aires,Porto Alegre,0,1,1,3.25,2.25,3.25,2.25,2.25,3.4,3.25,0-1,8.5,2025-05-17 17:18:00,17,37,0.5653531955790485,0
1728807,Super,2025-05-17,1900-01-01 17:40:00,La Boca,Bogota,0,0,0,3.5,2.2,3.5,2.2,2.2,3.25,3.5,0-0,10.0,2025-05-17 17:18:00,17,40,0.5805529075309818,1
1728813,Super,2025-05-17,1900-01-01 17:43:00,Santos,Guayaquil,0,1,1,3.2,2.25,3.2,2.25,2.25,3.5,3.2,0-1,7.5,2025-05-17 17:18:00,17,43,0.5632730732635584,0
1728821,Super,2025-05-17,1900-01-01 17:46:00,Santiago,Porto Alegre,3,1,4,2.9,2.45,2.9,2.45,2.9,3.3,2.45,3-1,8.5,2025-05-17 17:18:00,17,46,0.47001211631663975,2
1728830,Super,2025-05-17,1900-01-01 17:49:00,La Plata,Avellaneda,1,0,1,3.1,2.4,3.1,2.4,2.4,3.25,3.1,1-0,9.0,2025-05-17 17:18:00,17,49,0.5449338336954375,2
1728837,Super,2025-05-17,1900-01-01 17:52:00,La Boca,Rio de Janeiro,2,2,4,2.62,2.7,2.62,2.7,2.62,3.4,2.7,2-2,8.0,2025-05-17 17:18:00,17,52,0.505404975757094,1
1728840,Super,2025-05-17,1900-01-01 17:55:00,La Plata,Bogota,1,0,1,3.3,2.35,3.3,2.35,2.35,3.1,3.3,1-0,11.0,2025-05-17 17:18:00,17,55,0.5582706766917294,2
1728848,Super,2025-05-17,1900-01-01 17:58:00,Quito,Agua Branca,1,1,2,2.35,3.0,2.35,3.0,3.0,3.5,2.35,1-1,7.0,2025-05-17 17:18:00,17,58,0.4558680892337536,1
1728578,Super,2025-05-17,1900-01-01 16:01:00,La Plata,La Boca,0,2,2,2.75,2.7,2.75,2.7,2.7,3.2,2.75,0-2,10.0,2025-05-17 17:18:00,16,1,0.5032173738186205,0
1728585,Super,2025-05-17,1900-01-01 16:04:00,Lima,Belo Horizonte,1,0,1,1.93,3.8,1.93,3.8,3.8,3.75,1.93,1-0,6.5,2025-05-17 17:18:00,16,4,0.3783460264038999,2
1728589,Super,2025-05-17,1900-01-01 16:07:00,Santos,Bogota,1,1,2,3.2,2.35,3.2,2.35,2.35,3.2,3.2,1-1,10.0,2025-05-17 17:18:00,16,7,0.5537974683544303,1
1728599,Super,2025-05-17,1900-01-01 16:10:00,Lima,Quito,1,0,1,2.5,2.75,2.5,2.75,2.75,3.5,2.5,1-0,7.0,2025-05-17 17:18:00,16,10,0.48267326732673277,2
1728603,Super,2025-05-17,1900-01-01 16:13:00,La Boca,Santos,0,3,3,2.3,3.2,3.2,2.3,2.3,3.3,3.2,0-3,9.0,2025-05-17 17:18:00,16,13,0.5582124656997256,0
1728611,Super,2025-05-17,1900-01-01 16:16:00,Bogota,Lima,1,1,2,3.6,2.1,3.6,2.1,2.1,3.4,3.6,1-1,8.5,2025-05-17 17:18:00,16,16,0.5946547884187083,1
1728618,Super,2025-05-17,1900-01-01 16:19:00,La Boca,Guayaquil,4,0,4,2.1,3.5,2.1,3.5,2.1,3.5,3.5,4-0,7.5,2025-05-17 17:18:00,16,19,0.590909090909091,2
1728627,Super,2025-05-17,1900-01-01 16:22:00,La Plata,Porto Alegre,0,0,0,3.2,2.45,3.2,2.45,2.45,3.1,3.2,0-0,11.0,2025-05-17 17:18:00,16,22,0.545848944981266,1
1728632,Super,2025-05-17,1900-01-01 16:25:00,Avellaneda,Medellin,1,1,2,3.25,2.25,3.25,2.25,2.25,3.4,3.25,1-1,8.5,2025-05-17 17:18:00,16,25,0.5653531955790485,1
1728638,Super,2025-05-17,1900-01-01 16:28:00,Bogota,Sao Paulo,1,3,4,2.6,2.7,2.6,2.7,2.6,3.4,2.7,1-3,8.0,2025-05-17 17:18:00,16,28,0.5067891373801916,0
1728645,Super,2025-05-17,1900-01-01 16:31:00,Lima,Avellaneda,1,1,2,2.35,3.0,2.35,3.0,3.0,3.5,2.35,1-1,7.0,2025-05-17 17:18:00,16,31,0.4558680892337536,1
1728653,Super,2025-05-17,1900-01-01 16:34:00,Guayaquil,Quito,0,1,1,2.87,2.45,2.87,2.45,2.45,3.5,2.87,0-1,7.0,2025-05-17 17:18:00,16,34,0.5286532951289398,0
1728658,Super,2025-05-17,1900-01-01 16:37:00,Lima,Itaquera,1,0,1,2.2,3.2,2.2,3.2,3.2,3.5,2.2,1-0,7.0,2025-05-17 17:18:00,16,37,0.43253662297609874,2
1728667,Super,2025-05-17,1900-01-01 16:40:00,Medellin,Santiago,1,2,3,2.25,3.1,3.1,2.25,2.25,3.5,3.1,1-2,7.0,2025-05-17 17:18:00,16,40,0.5578793774319065,0
1728673,Super,2025-05-17,1900-01-01 16:43:00,Lima,Guayaquil,1,1,2,2.5,2.75,2.5,2.75,2.75,3.6,2.5,1-1,6.5,2025-05-17 17:18:00,16,43,0.4825412221144521,1
1728681,Super,2025-05-17,1900-01-01 16:46:00,Santiago,Rio de Janeiro,1,2,3,3.4,2.07,2.07,3.4,3.4,3.6,2.07,1-2,6.5,2025-05-17 17:18:00,16,46,0.41043771043771043,0
1728687,Super,2025-05-17,1900-01-01 16:49:00,Medellin,Lima,2,1,3,2.2,3.25,3.25,2.2,2.2,3.5,3.25,2-1,7.5,2025-05-17 17:18:00,16,49,0.5700667302192565,2
1728693,Super,2025-05-17,1900-01-01 16:52:00,Bogota,La Boca,1,2,3,2.87,2.6,2.6,2.87,2.87,3.2,2.6,1-2,10.0,2025-05-17 17:18:00,16,52,0.4826964671953857,0
1728704,Super,2025-05-17,1900-01-01 16:55:00,Montevideo,Rio de Janeiro,0,2,2,2.15,3.3,2.15,3.3,3.3,3.6,2.15,0-2,7.0,2025-05-17 17:18:00,16,55,0.42251544076361597,0
1728708,Super,2025-05-17,1900-01-01 16:58:00,Sao Paulo,Quito,1,1,2,3.1,2.25,3.1,2.25,2.25,3.5,3.1,1-1,7.0,2025-05-17 17:18:00,16,58,0.5578793774319065,1
1728438,Super,2025-05-17,1900-01-01 15:01:00,Lima,Medellin,0,0,0,2.6,2.7,2.6,2.7,2.7,3.4,2.6,0-0,7.5,2025-05-17 17:18:00,15,1,0.49321086261980834,1
1728441,Super,2025-05-17,1900-01-01 15:04:00,Santos,Porto Alegre,1,2,3,2.4,3.1,3.1,2.4,2.4,3.2,3.1,1-2,10.0,2025-05-17 17:18:00,15,4,0.5447284345047924,0
1728449,Super,2025-05-17,1900-01-01 15:07:00,Santiago,La Boca,1,1,2,2.2,3.2,2.2,3.2,3.2,3.5,2.2,1-1,7.0,2025-05-17 17:18:00,15,7,0.43253662297609874,1
1728455,Super,2025-05-17,1900-01-01 15:10:00,Lima,Sao Paulo,1,4,5,3.0,2.25,3.0,2.25,3.0,3.6,2.25,1-4,6.5,2025-05-17 17:18:00,15,10,0.4473684210526316,0
1728463,Super,2025-05-17,1900-01-01 15:13:00,Bogota,Buenos Aires,0,1,1,2.55,2.8,2.55,2.8,2.8,3.4,2.55,0-1,8.0,2025-05-17 17:18:00,15,13,0.4832214765100671,0
1728473,Super,2025-05-17,1900-01-01 15:16:00,Medellin,Avellaneda,0,2,2,2.62,2.7,2.62,2.7,2.7,3.3,2.62,0-2,8.5,2025-05-17 17:18:00,15,16,0.49464068209500606,0
1728477,Super,2025-05-17,1900-01-01 15:19:00,Rio de Janeiro,Sao Paulo,1,2,3,2.15,3.25,3.25,2.15,2.15,3.6,3.25,1-2,6.5,2025-05-17 17:18:00,15,19,0.5749219562955254,0
1728485,Super,2025-05-17,1900-01-01 15:22:00,Belo Horizonte,Penarol,1,3,4,1.9,4.0,1.9,4.0,1.9,3.6,4.0,1-3,8.0,2025-05-17 17:18:00,15,22,0.6310679611650486,0
1728490,Super,2025-05-17,1900-01-01 15:25:00,Bogota,Guayaquil,2,1,3,2.37,3.0,3.0,2.37,2.37,3.4,3.0,2-1,8.5,2025-05-17 17:18:00,15,25,0.5422185430463576,2
1728498,Super,2025-05-17,1900-01-01 15:28:00,Itaquera,Rio de Janeiro,0,0,0,2.6,2.7,2.6,2.7,2.7,3.4,2.6,0-0,7.5,2025-05-17 17:18:00,15,28,0.49321086261980834,1
1728507,Super,2025-05-17,1900-01-01 15:31:00,Penarol,Porto Alegre,0,0,0,2.8,2.7,2.8,2.7,2.7,3.1,2.8,0-0,11.0,2025-05-17 17:18:00,15,31,0.5062982527427874,1
1728512,Super,2025-05-17,1900-01-01 15:34:00,Asuncion,Guayaquil,2,1,3,2.6,2.7,2.7,2.6,2.6,3.5,2.7,2-1,7.0,2025-05-17 17:18:00,15,34,0.5068439577630035,2
1728518,Super,2025-05-17,1900-01-01 15:37:00,Quito,Bogota,1,4,5,2.55,2.87,2.55,2.87,2.55,3.25,2.87,1-4,9.0,2025-05-17 17:18:00,15,37,0.520855475565003,0
1728527,Super,2025-05-17,1900-01-01 15:40:00,Guayaquil,Medellin,1,0,1,3.0,2.37,3.0,2.37,2.37,3.4,3.0,1-0,7.5,2025-05-17 17:18:00,15,40,0.5422185430463576,2
1728536,Super,2025-05-17,1900-01-01 15:43:00,Asuncion,Montevideo,2,1,3,2.4,2.87,2.87,2.4,2.4,3.5,2.87,2-1,7.0,2025-05-17 17:18:00,15,43,0.5324675324675325,2
1728541,Super,2025-05-17,1900-01-01 15:46:00,Bogota,Belo Horizonte,1,1,2,2.25,3.25,2.25,3.25,3.25,3.4,2.25,1-1,8.0,2025-05-17 17:18:00,15,46,0.4346468044209515,1
1728550,Super,2025-05-17,1900-01-01 15:49:00,Penarol,La Plata,0,3,3,2.75,2.7,2.7,2.75,2.75,3.2,2.7,0-3,10.0,2025-05-17 17:18:00,15,49,0.49678262618137947,0
1728557,Super,2025-05-17,1900-01-01 15:52:00,Avellaneda,Belo Horizonte,0,1,1,2.25,3.1,2.25,3.1,3.1,3.5,2.25,0-1,7.0,2025-05-17 17:18:00,15,52,0.44212062256809337,0
1728562,Super,2025-05-17,1900-01-01 15:55:00,Buenos Aires,Lima,0,0,0,4.0,1.9,4.0,1.9,1.9,3.75,4.0,0-0,6.5,2025-05-17 17:18:00,15,55,0.6324642556770395,1
1728568,Super,2025-05-17,1900-01-01 15:58:00,Medellin,Bogota,2,0,2,2.75,2.62,2.75,2.62,2.62,3.2,2.75,2-0,10.0,2025-05-17 17:18:00,15,58,0.5085284349501824,2
