HORA,CAMPEONATO,COLUNA,PROBABILIDADE,OUTCOME,PREDICTION,PROBABILITY,CONFIDENCE_LEVEL,RECOMMENDED_STAKE
15,Euro,2,0.4081632653061224,0.5,1,0.5993584873258917,baixa,1.0
15,Euro,5,0.3921568627450981,1.0,1,0.5637017290258948,baixa,1.0
15,Euro,8,0.3448275862068966,1.0,1,0.5326625776417273,baixa,1.0
15,Euro,11,0.3703703703703703,0.0,1,0.52864807922555,baixa,1.0
15,Euro,14,0.4444444444444444,1.0,1,0.5431428668347382,baixa,1.0
15,Euro,17,0.3484320557491289,0.5,1,0.5264295583379333,baixa,1.0
15,Euro,20,0.381679389312977,0.0,1,0.5177275965099485,baixa,1.0
15,Euro,23,0.4081632653061224,1.0,1,0.555982801027277,baixa,1.0
15,Euro,26,0.381679389312977,1.0,1,0.5378038501515389,baixa,1.0
15,Euro,29,0.4081632653061224,1.0,1,0.5454819334562523,baixa,1.0
15,Euro,32,0.3703703703703703,0.0,1,0.5072215505794466,baixa,1.0
15,Euro,35,0.3703703703703703,0.5,1,0.5072215505794466,baixa,1.0
15,Euro,38,0.4347826086956522,0.0,1,0.5659175642238294,baixa,1.0
15,Euro,41,0.4444444444444444,0.5,1,0.5664184080340116,baixa,1.0
15,Euro,44,0.5,1.0,1,0.6091737557957516,média,3.0
14,Euro,2,0.4830917874396135,0.5,1,0.5687190019765709,baixa,1.0
14,Euro,5,0.4347826086956522,0.5,1,0.5883760612074669,baixa,1.0
14,Euro,8,0.425531914893617,1.0,1,0.5822751627537198,baixa,1.0
14,Euro,11,0.4347826086956522,1.0,1,0.5517286977415461,baixa,1.0
14,Euro,14,0.4444444444444444,1.0,1,0.5470573767397449,baixa,1.0
14,Euro,17,0.4,0.5,1,0.5575951133167936,baixa,1.0
14,Euro,20,0.3225806451612903,0.0,0,0.4793118466230618,fraca,0.0
14,Euro,23,0.3846153846153846,1.0,1,0.5622381294912892,baixa,1.0
14,Euro,26,0.4545454545454545,0.5,1,0.5435173501494343,baixa,1.0
14,Euro,29,0.4545454545454545,0.5,1,0.5405744413475659,baixa,1.0
14,Euro,32,0.3448275862068966,0.0,0,0.45214276986376556,fraca,0.0
14,Euro,35,0.4219409282700421,1.0,1,0.5459546731668489,baixa,1.0
14,Euro,38,0.495049504950495,0.5,1,0.5721733826308685,baixa,1.0
14,Euro,41,0.425531914893617,1.0,1,0.5549863435746835,baixa,1.0
14,Euro,44,0.4347826086956522,1.0,1,0.560529483381843,baixa,1.0
14,Euro,50,0.3703703703703703,1.0,1,0.5412849949755784,baixa,1.0
14,Euro,53,0.4545454545454545,1.0,1,0.5668256940295064,baixa,1.0
14,Euro,56,0.5376344086021505,1.0,1,0.634387647587743,média,3.0
14,Euro,59,0.4830917874396135,1.0,1,0.5936481064742691,baixa,1.0
13,Euro,2,0.3333333333333333,0.0,0,0.498135118925443,fraca,0.0
13,Euro,5,0.3703703703703703,1.0,1,0.557463708996854,baixa,1.0
13,Euro,8,0.3921568627450981,1.0,1,0.5586221875455568,baixa,1.0
13,Euro,11,0.3921568627450981,0.0,1,0.5241528488571315,baixa,1.0
13,Euro,14,0.4,0.5,1,0.5241528488571315,baixa,1.0
13,Euro,17,0.4,1.0,1,0.5507790867089444,baixa,1.0
13,Euro,20,0.3571428571428571,0.5,1,0.5168474870350332,baixa,1.0
13,Euro,23,0.4651162790697674,1.0,1,0.5568183452662151,baixa,1.0
13,Euro,26,0.4081632653061224,1.0,1,0.548056391538974,baixa,1.0
13,Euro,29,0.3636363636363636,1.0,1,0.5051233650845576,baixa,1.0
13,Euro,32,0.3333333333333333,0.5,0,0.4124980307773546,fraca,0.0
13,Euro,35,0.4545454545454545,1.0,1,0.5450464325516504,baixa,1.0
13,Euro,38,0.4347826086956522,1.0,1,0.5630709788071591,baixa,1.0
13,Euro,41,0.4545454545454545,0.0,1,0.5631940897866238,baixa,1.0
13,Euro,44,0.381679389312977,0.5,1,0.5076249793708749,baixa,1.0
13,Euro,47,0.4347826086956522,0.0,1,0.5635009398402546,baixa,1.0
13,Euro,50,0.4347826086956522,1.0,1,0.5635009398402546,baixa,1.0
13,Euro,53,0.4219409282700421,1.0,1,0.5668696729027178,baixa,1.0
13,Euro,56,0.5263157894736842,0.5,1,0.6248683019437284,média,3.0
13,Euro,59,0.4347826086956522,1.0,1,0.5859764019534421,baixa,1.0
12,Euro,2,0.3846153846153846,1.0,1,0.5429280325864455,baixa,1.0
12,Euro,5,0.3846153846153846,1.0,1,0.5200873674749771,baixa,1.0
12,Euro,8,0.3571428571428571,0.0,1,0.5242719821033304,baixa,1.0
12,Euro,11,0.4444444444444444,1.0,1,0.5120499032884138,baixa,1.0
12,Euro,14,0.3571428571428571,0.0,0,0.4862951554215359,fraca,0.0
12,Euro,17,0.4347826086956522,1.0,1,0.5433474621420278,baixa,1.0
12,Euro,20,0.5,0.5,1,0.5160527692996625,baixa,1.0
12,Euro,23,0.3636363636363636,0.0,1,0.5057472067092695,baixa,1.0
12,Euro,26,0.4347826086956522,1.0,1,0.5302328761269169,baixa,1.0
12,Euro,29,0.425531914893617,0.0,1,0.511236454053992,baixa,1.0
12,Euro,32,0.4651162790697674,1.0,0,0.49329297751352696,fraca,0.0
12,Euro,35,0.4444444444444444,0.0,1,0.5200466903001741,baixa,1.0
12,Euro,38,0.3921568627450981,0.5,1,0.5128050096528982,baixa,1.0
12,Euro,41,0.4166666666666667,0.0,1,0.5079775297267792,baixa,1.0
12,Euro,44,0.3484320557491289,0.5,0,0.4641088905875634,fraca,0.0
12,Euro,47,0.4,0.0,1,0.5163183028823575,baixa,1.0
12,Euro,50,0.381679389312977,1.0,0,0.4947711555388136,fraca,0.0
12,Euro,53,0.3448275862068966,0.0,0,0.43201357936774115,fraca,0.0
12,Euro,56,0.4444444444444444,1.0,1,0.5085553896344015,baixa,1.0
12,Euro,59,0.4545454545454545,0.5,1,0.5323179502959047,baixa,1.0
11,Euro,2,0.5,0.0,1,0.5131957022021927,baixa,1.0
11,Euro,5,0.4761904761904761,0.5,0,0.4955150954643686,fraca,0.0
11,Euro,8,0.3846153846153846,0.0,1,0.5034362578111402,baixa,1.0
11,Euro,11,0.3846153846153846,0.5,0,0.47567309461642443,fraca,0.0
11,Euro,14,0.4166666666666667,0.0,0,0.4905550341601057,fraca,0.0
11,Euro,17,0.4347826086956522,0.5,1,0.5285165436344745,baixa,1.0
11,Euro,20,0.4081632653061224,0.0,0,0.4785372437590724,fraca,0.0
11,Euro,23,0.3921568627450981,1.0,1,0.5171603487593104,baixa,1.0
11,Euro,26,0.5128205128205129,0.0,1,0.517774583220926,baixa,1.0
11,Euro,29,0.3921568627450981,0.5,1,0.5077698640687397,baixa,1.0
11,Euro,32,0.4651162790697674,1.0,0,0.45846205900597375,fraca,0.0
11,Euro,35,0.425531914893617,1.0,0,0.48981426614211415,fraca,0.0
11,Euro,38,0.3571428571428571,0.5,0,0.45541603181584456,fraca,0.0
11,Euro,41,0.4166666666666667,0.5,0,0.49314661121922604,fraca,0.0
11,Euro,44,0.381679389312977,0.0,0,0.4680074793715495,fraca,0.0
11,Euro,47,0.425531914893617,0.0,0,0.4919866802575651,fraca,0.0
11,Euro,50,0.4444444444444444,0.0,1,0.507388185908072,baixa,1.0
11,Euro,53,0.4651162790697674,0.5,0,0.4869141085130267,fraca,0.0
11,Euro,56,0.495049504950495,0.0,0,0.48709483713548296,fraca,0.0
11,Euro,59,0.4878048780487805,1.0,1,0.5085657522115347,baixa,1.0
10,Euro,2,0.3703703703703703,0.5,1,0.5362747850106496,baixa,1.0
10,Euro,5,0.4,0.0,1,0.5176180300148712,baixa,1.0
10,Euro,8,0.381679389312977,1.0,1,0.5255126571042326,baixa,1.0
10,Euro,11,0.4651162790697674,0.0,1,0.5000610689073751,baixa,1.0
10,Euro,14,0.4219409282700421,0.0,0,0.4974497815280525,fraca,0.0
10,Euro,17,0.3484320557491289,1.0,1,0.5149240310871224,baixa,1.0
10,Euro,20,0.4347826086956522,1.0,0,0.4967672627495751,fraca,0.0
10,Euro,23,0.4219409282700421,1.0,1,0.5126907676049562,baixa,1.0
10,Euro,26,0.4347826086956522,0.0,1,0.5222967049873105,baixa,1.0
10,Euro,29,0.4,0.5,1,0.5084311056225244,baixa,1.0
10,Euro,32,0.4444444444444444,0.0,1,0.5016436298906138,baixa,1.0
10,Euro,35,0.4081632653061224,1.0,0,0.49670901351006086,fraca,0.0
10,Euro,38,0.3484320557491289,0.0,0,0.46092951665284504,fraca,0.0
10,Euro,41,0.4081632653061224,0.5,1,0.5000413585871728,baixa,1.0
10,Euro,44,0.495049504950495,0.5,0,0.49494051004162465,fraca,0.0
10,Euro,47,0.3703703703703703,0.5,0,0.47010063909724203,fraca,0.0
10,Euro,50,0.4444444444444444,0.0,1,0.507388185908072,baixa,1.0
10,Euro,53,0.4444444444444444,0.5,1,0.5055586034685056,baixa,1.0
10,Euro,56,0.3846153846153846,0.5,0,0.4894587052184731,fraca,0.0
10,Euro,59,0.425531914893617,0.0,0,0.49795646772783786,fraca,0.0
9,Euro,2,0.3333333333333333,0.5,1,0.5074877033778464,baixa,1.0
9,Euro,5,0.4219409282700421,0.5,1,0.5712752806020586,baixa,1.0
9,Euro,8,0.3846153846153846,1.0,1,0.5648944108214945,baixa,1.0
9,Euro,11,0.4,1.0,1,0.5422402476850674,baixa,1.0
9,Euro,14,0.4081632653061224,0.0,1,0.5413340926298474,baixa,1.0
9,Euro,17,0.3846153846153846,1.0,1,0.5637574854785915,baixa,1.0
9,Euro,20,0.4444444444444444,0.5,1,0.5222238486335425,baixa,1.0
9,Euro,23,0.4081632653061224,1.0,1,0.5704986898178626,baixa,1.0
9,Euro,26,0.4347826086956522,1.0,1,0.555796218992058,baixa,1.0
9,Euro,29,0.4081632653061224,1.0,1,0.5611082051272916,baixa,1.0
9,Euro,32,0.4444444444444444,1.0,1,0.5317715367763823,baixa,1.0
9,Euro,35,0.4444444444444444,1.0,1,0.5422384260463362,baixa,1.0
9,Euro,38,0.4166666666666667,0.5,1,0.5583764413188183,baixa,1.0
9,Euro,41,0.425531914893617,0.5,1,0.5378492808000789,baixa,1.0
9,Euro,44,0.4830917874396135,1.0,0,0.49357079276680815,fraca,0.0
9,Euro,47,0.4,1.0,1,0.5519075875351053,baixa,1.0
9,Euro,50,0.4545454545454545,0.5,1,0.5171383599631231,baixa,1.0
9,Euro,53,0.3921568627450981,0.5,1,0.5632301963060296,baixa,1.0
9,Euro,56,0.4878048780487805,0.0,0,0.4873651534286732,fraca,0.0
9,Euro,59,0.4081632653061224,0.5,1,0.551651362086087,baixa,1.0
15,Copa,1,0.4651162790697674,0.0,0,0.4475020346094063,fraca,0.0
15,Copa,4,0.5813953488372093,0.5,0,0.4617423734427831,fraca,0.0
15,Copa,7,0.4219409282700421,0.5,1,0.501599405114224,baixa,1.0
15,Copa,10,0.4651162790697674,1.0,0,0.48061279179965055,fraca,0.0
15,Copa,13,0.5,0.0,1,0.5011109944713524,baixa,1.0
15,Copa,16,0.3448275862068966,1.0,0,0.44934985440883296,fraca,0.0
15,Copa,19,0.4219409282700421,1.0,0,0.4707561157212144,fraca,0.0
15,Copa,22,0.425531914893617,0.0,0,0.4785320520501867,fraca,0.0
15,Copa,25,0.3448275862068966,0.0,0,0.44912794328752315,fraca,0.0
15,Copa,28,0.3333333333333333,0.0,0,0.3992159959532865,fraca,0.0
15,Copa,31,0.3703703703703703,0.0,0,0.43644085558101314,fraca,0.0
15,Copa,34,0.4444444444444444,1.0,0,0.47829907458733195,fraca,0.0
15,Copa,37,0.3846153846153846,1.0,0,0.48134985212058046,fraca,0.0
15,Copa,40,0.4651162790697674,1.0,0,0.48871285354461586,fraca,0.0
15,Copa,43,0.3571428571428571,0.5,0,0.45609599653914534,fraca,0.0
14,Copa,1,0.4761904761904761,0.0,0,0.451416544514413,fraca,0.0
14,Copa,4,0.4761904761904761,0.5,0,0.4802400799374741,fraca,0.0
14,Copa,7,0.4651162790697674,1.0,0,0.48452730170465713,fraca,0.0
14,Copa,10,0.4651162790697674,0.0,0,0.48452730170465713,fraca,0.0
14,Copa,13,0.3571428571428571,0.0,0,0.4540748428830081,fraca,0.0
14,Copa,16,0.3846153846153846,0.0,0,0.45240799277764226,fraca,0.0
14,Copa,19,0.3636363636363636,0.0,0,0.45513058506864096,fraca,0.0
14,Copa,22,0.3125,0.0,0,0.44104213536135695,fraca,0.0
14,Copa,25,0.4166666666666667,1.0,0,0.48591414645551856,fraca,0.0
14,Copa,28,0.4761904761904761,0.0,0,0.4559940322087914,fraca,0.0
14,Copa,31,0.3333333333333333,0.0,0,0.3921991406066359,fraca,0.0
14,Copa,34,0.5405405405405405,1.0,1,0.5175073021956184,baixa,1.0
14,Copa,37,0.3484320557491289,0.5,0,0.44224162522296206,fraca,0.0
14,Copa,40,0.3703703703703703,0.5,0,0.4462233982669601,fraca,0.0
14,Copa,43,0.3448275862068966,1.0,0,0.43939234844461367,fraca,0.0
14,Copa,46,0.4081632653061224,0.0,1,0.5040897729634072,baixa,1.0
14,Copa,49,0.4651162790697674,1.0,1,0.5101969539419778,baixa,1.0
14,Copa,52,0.3225806451612903,1.0,0,0.4633237075572142,fraca,0.0
14,Copa,55,0.4,0.0,0,0.49774964887102796,fraca,0.0
14,Copa,58,0.2941176470588235,0.5,0,0.43388677670264636,fraca,0.0
13,Copa,1,0.3703703703703703,0.0,0,0.499083026595621,fraca,0.0
13,Copa,4,0.3703703703703703,0.5,0,0.46412894579796476,fraca,0.0
13,Copa,7,0.4545454545454545,0.5,0,0.4851236730431124,fraca,0.0
13,Copa,10,0.5,0.5,0,0.4989491154874702,fraca,0.0
13,Copa,13,0.4830917874396135,1.0,0,0.4754136475443478,fraca,0.0
13,Copa,16,0.425531914893617,0.0,0,0.46385713377076554,fraca,0.0
13,Copa,19,0.5,0.0,0,0.47623634332903864,fraca,0.0
13,Copa,22,0.3484320557491289,0.5,0,0.45727260930853086,fraca,0.0
13,Copa,25,0.4,1.0,0,0.48422894255580823,fraca,0.0
13,Copa,28,0.3225806451612903,0.5,0,0.41602521908577084,fraca,0.0
13,Copa,31,0.3846153846153846,0.0,0,0.47067431991688014,fraca,0.0
13,Copa,34,0.4545454545454545,0.5,0,0.46702961697753126,fraca,0.0
13,Copa,37,0.381679389312977,1.0,0,0.4487795620672368,fraca,0.0
13,Copa,40,0.3484320557491289,0.0,0,0.4436161854647855,fraca,0.0
13,Copa,43,0.5,0.5,1,0.5447003911633115,baixa,1.0
13,Copa,46,0.4545454545454545,0.0,1,0.505617130650069,baixa,1.0
13,Copa,49,0.4444444444444444,1.0,1,0.5049240160160604,baixa,1.0
13,Copa,52,0.5181347150259068,1.0,1,0.5712552797771029,baixa,1.0
13,Copa,55,0.3636363636363636,1.0,0,0.454770244101331,fraca,0.0
13,Copa,58,0.4081632653061224,1.0,1,0.5090441313935614,baixa,1.0
12,Copa,1,0.3636363636363636,1.0,1,0.5316812596358012,baixa,1.0
12,Copa,4,0.4545454545454545,0.0,0,0.4886338139500183,fraca,0.0
12,Copa,7,0.3484320557491289,1.0,1,0.5117301925076306,baixa,1.0
12,Copa,10,0.3333333333333333,0.0,0,0.4285846262237984,fraca,0.0
12,Copa,13,0.4166666666666667,0.0,0,0.47115235400943306,fraca,0.0
12,Copa,16,0.4444444444444444,0.5,0,0.4608946517905483,fraca,0.0
12,Copa,19,0.3225806451612903,1.0,0,0.44858207282111934,fraca,0.0
12,Copa,22,0.4166666666666667,1.0,0,0.47367560526270225,fraca,0.0
12,Copa,25,0.3484320557491289,1.0,0,0.4931110614828548,fraca,0.0
12,Copa,28,0.3703703703703703,0.5,0,0.4566550771380998,fraca,0.0
12,Copa,31,0.5128205128205129,0.5,0,0.48801350693954215,fraca,0.0
12,Copa,34,0.2777777777777778,0.0,0,0.32929267044520016,fraca,0.0
12,Copa,37,0.4347826086956522,0.5,0,0.4828439662387511,fraca,0.0
12,Copa,40,0.3703703703703703,0.5,0,0.4636407447468557,fraca,0.0
12,Copa,43,0.4444444444444444,0.0,0,0.492641835079742,fraca,0.0
12,Copa,46,0.425531914893617,0.0,0,0.4908096072943217,fraca,0.0
12,Copa,49,0.4081632653061224,1.0,0,0.4946443837256541,fraca,0.0
12,Copa,52,0.5,0.5,1,0.5504533780255269,baixa,1.0
12,Copa,55,0.3333333333333333,0.0,0,0.3825863563691519,fraca,0.0
12,Copa,58,0.4878048780487805,0.5,0,0.4862173977761398,fraca,0.0
11,Copa,1,0.3921568627450981,0.0,0,0.49312064017947405,fraca,0.0
11,Copa,4,0.4878048780487805,0.0,0,0.43979126912475996,fraca,0.0
11,Copa,7,0.4219409282700421,1.0,0,0.4878967675862287,fraca,0.0
11,Copa,10,0.4081632653061224,0.5,0,0.4895535192400656,fraca,0.0
11,Copa,13,0.3636363636363636,0.0,0,0.4636845767173556,fraca,0.0
11,Copa,16,0.4878048780487805,1.0,0,0.45092432504502433,fraca,0.0
11,Copa,19,0.4081632653061224,1.0,0,0.46901556063155725,fraca,0.0
11,Copa,22,0.4545454545454545,1.0,0,0.45424598814111633,fraca,0.0
11,Copa,25,0.3846153846153846,0.5,0,0.4904289198298734,fraca,0.0
11,Copa,28,0.381679389312977,0.5,0,0.4563466124899259,fraca,0.0
11,Copa,31,0.4545454545454545,0.0,0,0.4389138056748908,fraca,0.0
11,Copa,34,0.3333333333333333,0.0,0,0.3847577260003451,fraca,0.0
11,Copa,37,0.495049504950495,1.0,0,0.4648690357492896,fraca,0.0
11,Copa,40,0.4,0.0,0,0.4905229845613968,fraca,0.0
11,Copa,43,0.4081632653061224,1.0,0,0.4919422335483992,fraca,0.0
11,Copa,46,0.5263157894736842,0.5,1,0.55758414965543,baixa,1.0
11,Copa,49,0.3571428571428571,0.0,0,0.47995696221369677,fraca,0.0
11,Copa,52,0.2941176470588235,0.0,0,0.3954199209558255,fraca,0.0
11,Copa,55,0.4081632653061224,1.0,0,0.48082294746224585,fraca,0.0
11,Copa,58,0.4347826086956522,0.5,0,0.48948979400132714,fraca,0.0
10,Copa,1,0.4444444444444444,0.0,0,0.47948934930833176,fraca,0.0
10,Copa,4,0.4347826086956522,0.0,0,0.480699430443713,fraca,0.0
10,Copa,7,0.4,0.5,0,0.47853209643729244,fraca,0.0
10,Copa,10,0.3484320557491289,0.0,0,0.47500048388408367,fraca,0.0
10,Copa,13,0.2941176470588235,0.0,0,0.37881120027771686,fraca,0.0
10,Copa,19,0.5128205128205129,1.0,0,0.48244171498548705,fraca,0.0
10,Copa,22,0.4,1.0,0,0.4784958115737921,fraca,0.0
10,Copa,25,0.3921568627450981,1.0,0,0.49211141179328616,fraca,0.0
10,Copa,28,0.4651162790697674,0.0,0,0.4352854631255021,fraca,0.0
10,Copa,31,0.4444444444444444,0.0,0,0.4639101697731449,fraca,0.0
10,Copa,34,0.3921568627450981,0.0,0,0.4819258943362298,fraca,0.0
10,Copa,37,0.4,0.5,0,0.47955189411791893,fraca,0.0
10,Copa,40,0.3571428571428571,1.0,0,0.4742535722481289,fraca,0.0
10,Copa,43,0.3225806451612903,0.5,0,0.43114089118754756,fraca,0.0
10,Copa,46,0.3571428571428571,1.0,0,0.47653045411882067,fraca,0.0
10,Copa,49,0.3333333333333333,1.0,0,0.40969633362091673,fraca,0.0
10,Copa,52,0.4651162790697674,0.5,0,0.48196041703660697,fraca,0.0
10,Copa,55,0.3484320557491289,0.0,0,0.45445484309490713,fraca,0.0
10,Copa,58,0.3125,0.0,0,0.4255165827101559,fraca,0.0
9,Copa,1,0.3921568627450981,0.5,1,0.5116776297037773,baixa,1.0
9,Copa,4,0.4761904761904761,0.0,0,0.45792253758692036,fraca,0.0
9,Copa,7,0.4761904761904761,1.0,0,0.4733950081291152,fraca,0.0
9,Copa,10,0.4219409282700421,0.5,1,0.5053501397757408,baixa,1.0
9,Copa,13,0.3703703703703703,1.0,1,0.5030599298210234,baixa,1.0
9,Copa,16,0.381679389312977,0.5,0,0.47375392720076354,fraca,0.0
9,Copa,19,0.5263157894736842,0.5,1,0.5080798280602857,baixa,1.0
9,Copa,22,0.3921568627450981,0.5,1,0.5165800108528102,baixa,1.0
9,Copa,25,0.4651162790697674,0.0,0,0.4708836738019611,fraca,0.0
9,Copa,28,0.381679389312977,0.0,0,0.4774420711547872,fraca,0.0
9,Copa,31,0.4444444444444444,1.0,0,0.4839743635288658,fraca,0.0
9,Copa,34,0.4166666666666667,1.0,1,0.5075430819869235,baixa,1.0
9,Copa,37,0.5128205128205129,0.5,1,0.5007622303055167,baixa,1.0
9,Copa,40,0.4761904761904761,0.5,0,0.4748843011819823,fraca,0.0
9,Copa,43,0.4219409282700421,0.0,1,0.5046348643459286,baixa,1.0
9,Copa,46,0.3703703703703703,0.0,0,0.4931013761309788,fraca,0.0
9,Copa,49,0.5128205128205129,1.0,1,0.5489327348120407,baixa,1.0
9,Copa,52,0.5405405405405405,1.0,1,0.5626898578930581,baixa,1.0
9,Copa,55,0.3636363636363636,1.0,0,0.45918414875591573,fraca,0.0
9,Copa,58,0.4651162790697674,0.5,0,0.49165886909306783,fraca,0.0
15,Premier,0,0.5,1.0,1,0.594224052784724,baixa,1.0
15,Premier,3,0.4444444444444444,0.5,1,0.5473353157674331,baixa,1.0
15,Premier,6,0.4761904761904761,0.0,1,0.5190688600886717,baixa,1.0
15,Premier,9,0.4444444444444444,0.0,1,0.521000608554788,baixa,1.0
15,Premier,12,0.4444444444444444,0.0,1,0.5018211655711962,baixa,1.0
15,Premier,15,0.4081632653061224,0.0,1,0.514187367808956,baixa,1.0
15,Premier,18,0.4545454545454545,1.0,1,0.5135037093761871,baixa,1.0
15,Premier,21,0.303030303030303,0.5,0,0.4383079159608879,fraca,0.0
15,Premier,24,0.381679389312977,0.5,0,0.4942711493633814,fraca,0.0
15,Premier,27,0.3846153846153846,1.0,0,0.4965192678543285,fraca,0.0
15,Premier,30,0.3636363636363636,1.0,0,0.4473113545347451,fraca,0.0
15,Premier,33,0.3703703703703703,0.0,0,0.4531550008543766,fraca,0.0
15,Premier,36,0.3125,1.0,0,0.43794571112793584,fraca,0.0
15,Premier,39,0.4347826086956522,1.0,1,0.50655121328448,baixa,1.0
15,Premier,42,0.4651162790697674,1.0,1,0.5097019171044177,baixa,1.0
15,Premier,45,0.425531914893617,0.0,1,0.507461255048053,baixa,1.0
14,Premier,0,0.4878048780487805,0.0,1,0.5611715420346701,baixa,1.0
14,Premier,3,0.4545454545454545,1.0,1,0.5469105421346462,baixa,1.0
14,Premier,6,0.3448275862068966,1.0,1,0.5349310254360099,baixa,1.0
14,Premier,9,0.5,1.0,1,0.5546798421769527,baixa,1.0
14,Premier,12,0.5128205128205129,0.5,1,0.5599433616767707,baixa,1.0
14,Premier,15,0.3333333333333333,0.0,0,0.4707292620214091,fraca,0.0
14,Premier,18,0.2941176470588235,0.5,0,0.4263721955521767,fraca,0.0
14,Premier,21,0.3125,0.5,0,0.47951176158288594,fraca,0.0
14,Premier,24,0.3333333333333333,0.0,0,0.4499291708238233,fraca,0.0
14,Premier,27,0.381679389312977,0.0,0,0.4594713892101778,fraca,0.0
14,Premier,30,0.3921568627450981,1.0,1,0.516385182566844,baixa,1.0
14,Premier,33,0.4081632653061224,0.0,0,0.49842958464021836,fraca,0.0
14,Premier,36,0.4878048780487805,0.0,0,0.49198212302599503,fraca,0.0
14,Premier,39,0.3571428571428571,0.0,0,0.4509475579723009,fraca,0.0
14,Premier,42,0.381679389312977,0.5,0,0.4640846392823152,fraca,0.0
14,Premier,45,0.3448275862068966,0.5,0,0.43856282322374796,fraca,0.0
14,Premier,48,0.4545454545454545,1.0,1,0.5137867211042613,baixa,1.0
14,Premier,51,0.495049504950495,0.0,1,0.5320883165401992,baixa,1.0
14,Premier,54,0.4761904761904761,0.5,1,0.5048307924980645,baixa,1.0
14,Premier,57,0.3484320557491289,0.0,0,0.4694442318582658,fraca,0.0
13,Premier,0,0.3225806451612903,0.5,1,0.5295849926418232,baixa,1.0
13,Premier,3,0.4166666666666667,1.0,1,0.5676368153858625,baixa,1.0
13,Premier,6,0.4,0.5,1,0.5381602750866418,baixa,1.0
13,Premier,9,0.4878048780487805,1.0,1,0.5210117510881137,baixa,1.0
13,Premier,12,0.3846153846153846,0.5,0,0.4930206835051411,fraca,0.0
13,Premier,15,0.5,1.0,1,0.5486034532880637,baixa,1.0
13,Premier,18,0.3225806451612903,1.0,1,0.5020806073439956,baixa,1.0
13,Premier,21,0.381679389312977,0.5,0,0.48614941723908933,fraca,0.0
13,Premier,24,0.4166666666666667,0.0,1,0.5120250459956304,baixa,1.0
13,Premier,27,0.3448275862068966,0.0,0,0.44525036640854887,fraca,0.0
13,Premier,30,0.381679389312977,0.5,0,0.46822547114907365,fraca,0.0
13,Premier,33,0.4166666666666667,0.5,0,0.4916135580323692,fraca,0.0
13,Premier,36,0.4166666666666667,0.0,0,0.49547306362822047,fraca,0.0
13,Premier,39,0.4444444444444444,1.0,0,0.49925681436651703,fraca,0.0
13,Premier,42,0.3571428571428571,1.0,0,0.4480592144760952,fraca,0.0
13,Premier,45,0.3125,0.0,0,0.4355790931358189,fraca,0.0
13,Premier,48,0.3636363636363636,0.5,0,0.4611625777467904,fraca,0.0
13,Premier,51,0.5,0.0,1,0.5543285159857437,baixa,1.0
13,Premier,54,0.4347826086956522,0.0,0,0.498248935174158,fraca,0.0
13,Premier,57,0.4347826086956522,1.0,1,0.5000418552911685,baixa,1.0
12,Premier,0,0.4545454545454545,1.0,1,0.5543828643313267,baixa,1.0
12,Premier,3,0.4081632653061224,1.0,1,0.5423423543748133,baixa,1.0
12,Premier,6,0.5376344086021505,1.0,1,0.5505509512532171,baixa,1.0
12,Premier,9,0.4,1.0,1,0.513730943001233,baixa,1.0
12,Premier,12,0.3571428571428571,0.5,0,0.4919410284438117,fraca,0.0
12,Premier,15,0.4761904761904761,1.0,1,0.5232435092244865,baixa,1.0
12,Premier,18,0.5128205128205129,0.5,1,0.5497838009232584,baixa,1.0
12,Premier,21,0.381679389312977,0.0,0,0.4720412618046021,fraca,0.0
12,Premier,24,0.5263157894736842,0.0,1,0.5594672208034454,baixa,1.0
12,Premier,27,0.4,0.0,0,0.4727010060595172,fraca,0.0
12,Premier,30,0.4878048780487805,0.0,0,0.46697546095923104,fraca,0.0
12,Premier,33,0.4347826086956522,1.0,0,0.4748694214131667,fraca,0.0
12,Premier,36,0.5128205128205129,1.0,1,0.5422388429451812,baixa,1.0
12,Premier,39,0.4,1.0,0,0.4794629619089,fraca,0.0
12,Premier,42,0.4444444444444444,1.0,0,0.49950380462058436,fraca,0.0
12,Premier,45,0.4166666666666667,0.0,0,0.4738049786820218,fraca,0.0
12,Premier,48,0.4166666666666667,0.0,0,0.4796230205571039,fraca,0.0
12,Premier,51,0.4444444444444444,0.5,1,0.5053218464956664,baixa,1.0
12,Premier,54,0.2857142857142857,0.0,0,0.3873993646873996,fraca,0.0
12,Premier,57,0.425531914893617,0.0,0,0.4532819677278193,fraca,0.0
11,Premier,3,0.4347826086956522,0.5,1,0.5218220142127049,baixa,1.0
11,Premier,6,0.4081632653061224,0.5,1,0.5095023343235078,baixa,1.0
11,Premier,9,0.4,0.0,0,0.49755137006061995,fraca,0.0
11,Premier,12,0.4545454545454545,0.5,0,0.49354060148340095,fraca,0.0
11,Premier,15,0.3448275862068966,1.0,1,0.50482973936572,baixa,1.0
11,Premier,18,0.4,0.5,0,0.4872482939486327,fraca,0.0
11,Premier,21,0.3571428571428571,1.0,0,0.48776462645086793,fraca,0.0
11,Premier,24,0.3484320557491289,1.0,1,0.5169840637562056,baixa,1.0
11,Premier,27,0.5,0.5,0,0.48998482981688146,fraca,0.0
11,Premier,30,0.4444444444444444,1.0,0,0.4881580826492424,fraca,0.0
11,Premier,33,0.4219409282700421,0.5,0,0.4625001001449766,fraca,0.0
11,Premier,36,0.4,1.0,0,0.4753252048802991,fraca,0.0
11,Premier,39,0.4166666666666667,1.0,0,0.47019438217216025,fraca,0.0
11,Premier,42,0.4545454545454545,0.5,0,0.47605916222599215,fraca,0.0
11,Premier,45,0.3846153846153846,0.0,0,0.4740425831783538,fraca,0.0
11,Premier,48,0.3636363636363636,0.5,0,0.4370473066776561,fraca,0.0
11,Premier,51,0.4651162790697674,1.0,0,0.4836104419763126,fraca,0.0
11,Premier,54,0.4347826086956522,0.0,0,0.4579697707953253,fraca,0.0
11,Premier,57,0.425531914893617,1.0,0,0.44914421069921845,fraca,0.0
10,Premier,0,0.4166666666666667,1.0,1,0.557742610267017,baixa,1.0
10,Premier,3,0.3636363636363636,0.0,1,0.5003697969530652,baixa,1.0
10,Premier,6,0.4651162790697674,0.0,0,0.49354060148340095,fraca,0.0
10,Premier,9,0.3571428571428571,1.0,1,0.5137382821849931,baixa,1.0
10,Premier,12,0.4347826086956522,0.0,0,0.4752203791298015,fraca,0.0
10,Premier,15,0.4878048780487805,1.0,0,0.48343619881675615,fraca,0.0
10,Premier,18,0.3921568627450981,1.0,0,0.4872482939486327,fraca,0.0
10,Premier,21,0.4651162790697674,0.5,0,0.47759171114376386,fraca,0.0
10,Premier,24,0.4081632653061224,0.0,0,0.48563598165911614,fraca,0.0
10,Premier,27,0.4878048780487805,1.0,0,0.44283770393063016,fraca,0.0
10,Premier,30,0.4,1.0,0,0.4780569686887725,fraca,0.0
10,Premier,33,0.4651162790697674,0.0,0,0.4653440681969798,fraca,0.0
10,Premier,36,0.425531914893617,0.0,0,0.46635960574082785,fraca,0.0
10,Premier,39,0.4651162790697674,1.0,0,0.4692035737928311,fraca,0.0
10,Premier,42,0.3846153846153846,0.5,0,0.4740425831783538,fraca,0.0
10,Premier,45,0.3571428571428571,0.0,0,0.4492773109686623,fraca,0.0
10,Premier,48,0.4,0.5,0,0.48061608623664187,fraca,0.0
10,Premier,51,0.4081632653061224,0.0,0,0.4837774420955874,fraca,0.0
10,Premier,54,0.4545454545454545,1.0,0,0.46549214616473966,fraca,0.0
10,Premier,57,0.4830917874396135,0.0,0,0.43758967076147004,fraca,0.0
9,Premier,0,0.3571428571428571,0.5,1,0.5606445580500203,baixa,1.0
9,Premier,3,0.4081632653061224,0.5,1,0.5447197709585033,baixa,1.0
9,Premier,6,0.5050505050505051,1.0,1,0.5134021756112968,baixa,1.0
9,Premier,9,0.4651162790697674,0.5,1,0.5136047952391218,baixa,1.0
9,Premier,12,0.5128205128205129,0.0,1,0.5186656951111148,baixa,1.0
9,Premier,15,0.3703703703703703,1.0,1,0.5118977526684714,baixa,1.0
9,Premier,18,0.4545454545454545,1.0,1,0.5136047952391218,baixa,1.0
9,Premier,21,0.3225806451612903,1.0,1,0.5043719209789096,baixa,1.0
9,Premier,24,0.3846153846153846,1.0,1,0.5237420035879844,baixa,1.0
9,Premier,27,0.4347826086956522,0.0,0,0.4700354328259166,fraca,0.0
9,Premier,30,0.4347826086956522,0.5,0,0.4795291524837728,fraca,0.0
9,Premier,33,0.4081632653061224,0.5,1,0.5033163927493038,baixa,1.0
9,Premier,36,0.4444444444444444,1.0,1,0.5159574018664438,baixa,1.0
9,Premier,39,0.5405405405405405,0.0,0,0.49867263268131157,fraca,0.0
9,Premier,42,0.3225806451612903,0.5,0,0.4132284148242199,fraca,0.0
9,Premier,45,0.3571428571428571,0.0,0,0.4222124750662617,fraca,0.0
9,Premier,48,0.425531914893617,0.0,0,0.4886320032701655,fraca,0.0
9,Premier,51,0.3571428571428571,0.0,0,0.4262314638088965,fraca,0.0
9,Premier,54,0.4651162790697674,0.5,1,0.5062800795600304,baixa,1.0
9,Premier,57,0.5263157894736842,0.0,0,0.49566991293989054,fraca,0.0
15,Super,1,0.4166666666666667,0.5,1,0.5184240181096001,baixa,1.0
15,Super,4,0.5050505050505051,0.5,1,0.5246994345427202,baixa,1.0
15,Super,7,0.5,1.0,1,0.5292161666040851,baixa,1.0
15,Super,10,0.4347826086956522,1.0,1,0.540427568733142,baixa,1.0
15,Super,13,0.5813953488372093,0.5,1,0.5264846632734985,baixa,1.0
15,Super,16,0.3333333333333333,0.5,0,0.4762879506308271,fraca,0.0
15,Super,19,0.2857142857142857,1.0,0,0.4601470555308877,fraca,0.0
15,Super,22,0.4081632653061224,0.5,1,0.5407397294843724,baixa,1.0
15,Super,25,0.4081632653061224,0.0,1,0.5300610848657861,baixa,1.0
15,Super,28,0.3333333333333333,1.0,0,0.43115862826505685,fraca,0.0
15,Super,31,0.5128205128205129,1.0,1,0.5287717651180539,baixa,1.0
15,Super,34,0.4081632653061224,0.0,1,0.5021892025232916,baixa,1.0
15,Super,37,0.2941176470588235,1.0,0,0.43836568283239996,fraca,0.0
15,Super,40,0.4166666666666667,1.0,1,0.5133695787083715,baixa,1.0
15,Super,43,0.4081632653061224,0.5,1,0.5112208729311262,baixa,1.0
14,Super,1,0.4166666666666667,1.0,1,0.5223385280146068,baixa,1.0
14,Super,4,0.4444444444444444,1.0,1,0.5373480397608514,baixa,1.0
14,Super,7,0.4347826086956522,1.0,1,0.546520103415644,baixa,1.0
14,Super,10,0.4081632653061224,1.0,1,0.5485449767509506,baixa,1.0
14,Super,13,0.4761904761904761,1.0,1,0.5248097752962303,baixa,1.0
14,Super,16,0.3225806451612903,1.0,0,0.49048159155082366,fraca,0.0
14,Super,19,0.4,1.0,1,0.5238323104415945,baixa,1.0
14,Super,22,0.303030303030303,0.0,0,0.4467829298083357,fraca,0.0
14,Super,25,0.5263157894736842,1.0,1,0.5790182294382837,baixa,1.0
14,Super,28,0.4166666666666667,0.5,1,0.5087804719276161,baixa,1.0
14,Super,31,0.3448275862068966,0.5,0,0.4309655528336155,fraca,0.0
14,Super,34,0.4219409282700421,0.5,1,0.5021892025232916,baixa,1.0
14,Super,37,0.4166666666666667,0.5,1,0.5060487081191428,baixa,1.0
14,Super,40,0.2941176470588235,1.0,0,0.4290447773730125,fraca,0.0
14,Super,43,0.5405405405405405,1.0,1,0.5918415019149083,baixa,1.0
14,Super,46,0.4166666666666667,0.0,0,0.4985776779757925,fraca,0.0
14,Super,49,0.3636363636363636,1.0,0,0.41909692469791454,fraca,0.0
14,Super,52,0.4651162790697674,0.0,1,0.5297432131586457,baixa,1.0
14,Super,55,0.3636363636363636,1.0,0,0.4207622671106875,fraca,0.0
14,Super,58,0.381679389312977,1.0,0,0.48377069952800933,fraca,0.0
13,Super,1,0.4651162790697674,1.0,1,0.5244752379018369,baixa,1.0
13,Super,4,0.3448275862068966,0.0,0,0.44888241407445323,fraca,0.0
13,Super,7,0.3448275862068966,0.5,0,0.4671516922481509,fraca,0.0
13,Super,10,0.4830917874396135,1.0,0,0.48351881967708044,fraca,0.0
13,Super,13,0.4,0.5,0,0.4774866719692837,fraca,0.0
13,Super,16,0.3703703703703703,0.5,0,0.463179488009684,fraca,0.0
13,Super,19,0.4166666666666667,0.5,0,0.49701628383374535,fraca,0.0
13,Super,22,0.3333333333333333,0.5,0,0.4405523960103536,fraca,0.0
13,Super,25,0.3484320557491289,0.0,0,0.4731404653261878,fraca,0.0
13,Super,28,0.4761904761904761,1.0,0,0.4855829154356615,fraca,0.0
13,Super,31,0.4651162790697674,1.0,0,0.478762135737155,fraca,0.0
13,Super,34,0.3636363636363636,0.0,0,0.4054808429863701,fraca,0.0
13,Super,37,0.3921568627450981,1.0,0,0.49059701003359474,fraca,0.0
13,Super,40,0.425531914893617,1.0,0,0.4865535521005224,fraca,0.0
13,Super,43,0.3636363636363636,0.0,0,0.40719164280497594,fraca,0.0
13,Super,46,0.3484320557491289,0.0,0,0.4234502613675344,fraca,0.0
13,Super,49,0.3846153846153846,0.0,0,0.47355659106005626,fraca,0.0
13,Super,52,0.425531914893617,1.0,0,0.49452209163007765,fraca,0.0
13,Super,58,0.381679389312977,0.5,0,0.4756742567643827,fraca,0.0
12,Super,1,0.4545454545454545,0.0,1,0.512031271548386,baixa,1.0
12,Super,4,0.3448275862068966,0.5,0,0.45025827040199856,fraca,0.0
12,Super,7,0.3448275862068966,0.0,0,0.47157070227883224,fraca,0.0
12,Super,10,0.4545454545454545,1.0,0,0.49567671693788024,fraca,0.0
12,Super,13,0.4545454545454545,1.0,0,0.49567671693788024,fraca,0.0
12,Super,16,0.3703703703703703,0.0,0,0.4808250550628253,fraca,0.0
12,Super,19,0.4347826086956522,0.5,0,0.49072586426462445,fraca,0.0
12,Super,22,0.4347826086956522,1.0,1,0.5174981899650722,baixa,1.0
12,Super,25,0.4761904761904761,0.5,1,0.5108979504416119,baixa,1.0
12,Super,28,0.5128205128205129,0.0,0,0.49950714992264095,fraca,0.0
12,Super,31,0.3921568627450981,0.0,0,0.4857953539012251,fraca,0.0
12,Super,34,0.3703703703703703,0.5,0,0.44708043601138736,fraca,0.0
12,Super,37,0.3921568627450981,0.5,0,0.4896548594970763,fraca,0.0
12,Super,40,0.3636363636363636,0.0,0,0.42600958273941264,fraca,0.0
12,Super,43,0.425531914893617,0.5,0,0.4739285940247037,fraca,0.0
12,Super,46,0.3846153846153846,1.0,0,0.47758263026191394,fraca,0.0
12,Super,49,0.3125,1.0,0,0.42228771210204824,fraca,0.0
12,Super,52,0.425531914893617,0.0,0,0.4859362632154533,fraca,0.0
12,Super,55,0.3448275862068966,0.0,0,0.3821867906033699,fraca,0.0
12,Super,58,0.4081632653061224,0.5,0,0.4812591968010745,fraca,0.0
11,Super,1,0.4545454545454545,0.5,0,0.4915030426736457,fraca,0.0
11,Super,4,0.495049504950495,1.0,0,0.46680278769517064,fraca,0.0
11,Super,7,0.4347826086956522,1.0,1,0.5038826074940544,baixa,1.0
11,Super,10,0.3225806451612903,1.0,0,0.47542695672360585,fraca,0.0
11,Super,13,0.3571428571428571,1.0,0,0.4814430820214984,fraca,0.0
11,Super,16,0.4444444444444444,0.0,0,0.48664011780564687,fraca,0.0
11,Super,19,0.4761904761904761,0.5,0,0.4665106805829936,fraca,0.0
11,Super,22,0.3703703703703703,1.0,1,0.5145108784813526,baixa,1.0
11,Super,25,0.4347826086956522,0.0,1,0.5051274134010767,baixa,1.0
11,Super,28,0.4347826086956522,0.0,0,0.4769755519998078,fraca,0.0
11,Super,31,0.3921568627450981,0.5,0,0.48410322195581584,fraca,0.0
11,Super,34,0.3076923076923077,0.5,0,0.37725956452484993,fraca,0.0
11,Super,37,0.5263157894736842,1.0,1,0.5160992644887685,baixa,1.0
11,Super,40,0.5681818181818182,0.0,1,0.5056333698777841,baixa,1.0
11,Super,43,0.3636363636363636,1.0,0,0.4307279461579849,fraca,0.0
11,Super,46,0.4761904761904761,0.5,0,0.48396415002635734,fraca,0.0
11,Super,49,0.3571428571428571,1.0,0,0.4533099645788558,fraca,0.0
11,Super,52,0.4545454545454545,0.5,0,0.4826756211757319,fraca,0.0
11,Super,55,0.3448275862068966,0.0,0,0.384680990896536,fraca,0.0
11,Super,58,0.3571428571428571,0.0,0,0.4511702283583757,fraca,0.0
10,Super,1,0.3571428571428571,1.0,1,0.5403387928857186,baixa,1.0
10,Super,4,0.3333333333333333,0.0,0,0.45258469974306087,fraca,0.0
10,Super,7,0.5128205128205129,0.0,0,0.47737881601501214,fraca,0.0
10,Super,10,0.4878048780487805,0.0,0,0.4465967507428648,fraca,0.0
10,Super,13,0.3333333333333333,1.0,0,0.45423211937192304,fraca,0.0
10,Super,16,0.3703703703703703,1.0,1,0.5076921242586429,baixa,1.0
10,Super,19,0.4219409282700421,0.0,0,0.4858242324857127,fraca,0.0
10,Super,22,0.4545454545454545,0.5,0,0.4889763082020208,fraca,0.0
10,Super,25,0.4444444444444444,1.0,1,0.5134953988486943,baixa,1.0
10,Super,28,0.4,1.0,0,0.4844609855459784,fraca,0.0
10,Super,31,0.4,0.0,0,0.47786971614165374,fraca,0.0
10,Super,34,0.3448275862068966,0.0,0,0.4138967668969976,fraca,0.0
10,Super,37,0.3225806451612903,0.0,0,0.40827811178930057,fraca,0.0
10,Super,40,0.3484320557491289,0.0,0,0.460545026948379,fraca,0.0
10,Super,43,0.3448275862068966,0.0,0,0.4156075667156035,fraca,0.0
10,Super,46,0.4444444444444444,0.0,0,0.4925515023901666,fraca,0.0
10,Super,49,0.381679389312977,0.5,0,0.44797600152735634,fraca,0.0
10,Super,52,0.4166666666666667,1.0,0,0.48807890770137646,fraca,0.0
10,Super,55,0.4651162790697674,1.0,0,0.4644592838208056,fraca,0.0
10,Super,58,0.3125,1.0,0,0.42447513216011434,fraca,0.0
9,Super,1,0.3333333333333333,0.0,0,0.49394287287406674,fraca,0.0
9,Super,4,0.4444444444444444,0.0,0,0.4999463813424587,fraca,0.0
9,Super,7,0.4444444444444444,1.0,0,0.4990619593621657,fraca,0.0
9,Super,10,0.4219409282700421,0.0,1,0.5215529879449402,baixa,1.0
9,Super,13,0.3225806451612903,0.0,0,0.46838180374797156,fraca,0.0
9,Super,16,0.3333333333333333,0.5,0,0.4736238334456613,fraca,0.0
9,Super,19,0.4,0.5,1,0.5127169139789288,baixa,1.0
9,Super,22,0.5376344086021505,1.0,1,0.5135450930258315,baixa,1.0
9,Super,25,0.4545454545454545,1.0,1,0.5017562149459343,baixa,1.0
9,Super,28,0.425531914893617,1.0,1,0.5124769025795021,baixa,1.0
9,Super,31,0.3703703703703703,0.0,0,0.49846947196694236,fraca,0.0
9,Super,34,0.3333333333333333,0.5,0,0.370086607023438,fraca,0.0
9,Super,40,0.5,1.0,1,0.5006411140946185,baixa,1.0
9,Super,43,0.4444444444444444,1.0,1,0.50533140913408,baixa,1.0
9,Super,46,0.3225806451612903,0.5,0,0.388385475569042,fraca,0.0
9,Super,49,0.4081632653061224,0.0,0,0.4930527546836218,fraca,0.0
9,Super,52,0.4545454545454545,1.0,1,0.5083696407950877,baixa,1.0
9,Super,55,0.3571428571428571,0.0,0,0.40393485466354806,fraca,0.0
9,Super,58,0.2857142857142857,0.0,0,0.3841826566196697,fraca,0.0
23,Euro,2,0.4166666666666667,1.0,1,0.5691919946787966,baixa,1.0
23,Euro,5,0.4444444444444444,1.0,1,0.5452779494132706,baixa,1.0
23,Euro,8,0.3333333333333333,0.5,0,0.42658419150679244,fraca,0.0
23,Euro,11,0.4761904761904761,1.0,1,0.5089917175942327,baixa,1.0
23,Euro,14,0.3846153846153846,0.0,0,0.48793476743792324,fraca,0.0
23,Euro,17,0.4545454545454545,1.0,1,0.5253888969358962,baixa,1.0
23,Euro,23,0.4651162790697674,0.5,1,0.5245333799144752,baixa,1.0
23,Euro,26,0.303030303030303,0.5,0,0.4088858285145913,fraca,0.0
23,Euro,29,0.4166666666666667,0.5,1,0.522220172220454,baixa,1.0
23,Euro,32,0.4651162790697674,0.0,0,0.493419941668257,fraca,0.0
23,Euro,35,0.3076923076923077,0.0,0,0.37064643327190455,fraca,0.0
23,Euro,38,0.425531914893617,0.0,1,0.5151600785643672,baixa,1.0
23,Euro,41,0.3921568627450981,0.0,1,0.5355456195398784,baixa,1.0
23,Euro,44,0.4081632653061224,0.5,1,0.5203322433763504,baixa,1.0
23,Euro,47,0.4,0.0,1,0.5351301556007984,baixa,1.0
23,Euro,50,0.3703703703703703,0.5,1,0.5199608674110945,baixa,1.0
23,Euro,53,0.4347826086956522,1.0,1,0.5391227069690403,baixa,1.0
23,Euro,56,0.4878048780487805,1.0,1,0.5211016240547531,baixa,1.0
22,Euro,2,0.4,1.0,1,0.5743135897917775,baixa,1.0
22,Euro,5,0.4081632653061224,1.0,1,0.5515261838482957,baixa,1.0
22,Euro,8,0.3846153846153846,0.5,1,0.5230258802255773,baixa,1.0
22,Euro,11,0.4444444444444444,0.0,1,0.5002754094082441,baixa,1.0
22,Euro,14,0.381679389312977,1.0,0,0.49317125353720603,fraca,0.0
22,Euro,17,0.4444444444444444,0.5,1,0.526901647260057,baixa,1.0
22,Euro,20,0.495049504950495,0.0,0,0.499767197281995,fraca,0.0
22,Euro,23,0.3921568627450981,0.0,1,0.5456876185102558,baixa,1.0
22,Euro,26,0.3846153846153846,1.0,1,0.5494489442182058,baixa,1.0
22,Euro,29,0.3846153846153846,1.0,1,0.5336223908695006,baixa,1.0
22,Euro,32,0.3703703703703703,0.0,1,0.5010313244877306,baixa,1.0
22,Euro,35,0.381679389312977,1.0,1,0.5107001547104978,baixa,1.0
22,Euro,38,0.4,1.0,1,0.524139948913733,baixa,1.0
22,Euro,41,0.3333333333333333,0.0,0,0.40439734295779317,fraca,0.0
22,Euro,44,0.3703703703703703,0.0,1,0.513852332707373,baixa,1.0
22,Euro,47,0.5128205128205129,0.5,1,0.5981934452697191,baixa,1.0
22,Euro,50,0.4444444444444444,1.0,1,0.5416165834189443,baixa,1.0
22,Euro,53,0.4651162790697674,1.0,1,0.5422180873990462,baixa,1.0
22,Euro,56,0.4545454545454545,0.0,1,0.5349319408516695,baixa,1.0
22,Euro,59,0.3921568627450981,1.0,1,0.5838143564755466,baixa,1.0
21,Euro,2,0.4444444444444444,1.0,1,0.565711396832423,baixa,1.0
21,Euro,5,0.4830917874396135,0.5,1,0.5167038148193647,baixa,1.0
21,Euro,8,0.4347826086956522,0.0,1,0.5319942632802719,baixa,1.0
21,Euro,11,0.4347826086956522,0.0,0,0.49690315049261785,fraca,0.0
21,Euro,14,0.5376344086021505,0.0,1,0.5476826477008987,baixa,1.0
21,Euro,17,0.3636363636363636,0.5,1,0.5150355810649653,baixa,1.0
21,Euro,20,0.3571428571428571,0.5,0,0.49615936807318584,fraca,0.0
21,Euro,23,0.3921568627450981,1.0,1,0.5474341471881863,baixa,1.0
21,Euro,26,0.3571428571428571,1.0,1,0.5385674173859087,baixa,1.0
21,Euro,29,0.495049504950495,1.0,1,0.5194286497391428,baixa,1.0
21,Euro,32,0.5,0.0,1,0.5200147847627226,baixa,1.0
21,Euro,35,0.3921568627450981,1.0,1,0.5282604778099744,baixa,1.0
21,Euro,38,0.4166666666666667,0.0,1,0.5169066072422976,baixa,1.0
21,Euro,41,0.4444444444444444,0.0,1,0.5375450702217927,baixa,1.0
21,Euro,44,0.4081632653061224,0.5,1,0.522078772054281,baixa,1.0
21,Euro,47,0.3333333333333333,0.5,0,0.40187068181127417,fraca,0.0
21,Euro,50,0.3448275862068966,0.0,0,0.45647776121066547,fraca,0.0
21,Euro,53,0.4545454545454545,1.0,1,0.5485126018712574,baixa,1.0
21,Euro,56,0.3125,0.5,0,0.45040817847941134,fraca,0.0
21,Euro,59,0.5,1.0,1,0.6089191803947588,média,3.0
20,Euro,2,0.3703703703703703,1.0,1,0.5621019351550247,baixa,1.0
20,Euro,5,0.4444444444444444,1.0,1,0.5460228939878333,baixa,1.0
20,Euro,8,0.4219409282700421,0.0,1,0.5394140091047505,baixa,1.0
20,Euro,11,0.3636363636363636,1.0,0,0.49549590034447744,fraca,0.0
20,Euro,14,0.3846153846153846,0.5,1,0.5010239156165839,baixa,1.0
20,Euro,17,0.3703703703703703,0.5,1,0.5343280177459488,baixa,1.0
20,Euro,20,0.4081632653061224,0.0,0,0.4962196158210697,fraca,0.0
20,Euro,23,0.4830917874396135,0.0,1,0.5092731003144008,baixa,1.0
20,Euro,26,0.4,1.0,1,0.5388444994999757,baixa,1.0
20,Euro,29,0.4,1.0,1,0.5294540148094049,baixa,1.0
20,Euro,32,0.3333333333333333,0.0,0,0.39089970467527385,fraca,0.0
20,Euro,35,0.4219409282700421,0.0,1,0.5043047229207951,baixa,1.0
20,Euro,41,0.4878048780487805,0.5,1,0.511414521541303,baixa,1.0
20,Euro,44,0.3333333333333333,1.0,0,0.4000264040537252,fraca,0.0
20,Euro,50,0.3636363636363636,1.0,1,0.5022936825324892,baixa,1.0
20,Euro,53,0.4761904761904761,0.0,1,0.5264209387549674,baixa,1.0
20,Euro,56,0.3448275862068966,0.5,0,0.44741233571061173,fraca,0.0
20,Euro,59,0.3921568627450981,0.0,1,0.5648779966414124,baixa,1.0
19,Euro,2,0.4347826086956522,0.5,1,0.5797721458030982,baixa,1.0
19,Euro,5,0.381679389312977,0.0,1,0.5486925404422713,baixa,1.0
19,Euro,8,0.3484320557491289,1.0,1,0.5353640471480469,baixa,1.0
19,Euro,11,0.3571428571428571,0.0,1,0.5108624218861625,baixa,1.0
19,Euro,14,0.4,0.0,1,0.5100224699122398,baixa,1.0
19,Euro,17,0.4444444444444444,0.5,1,0.5560533588492949,baixa,1.0
19,Euro,20,0.4545454545454545,1.0,1,0.5198110901772944,baixa,1.0
19,Euro,23,0.3846153846153846,0.0,1,0.5503152339018437,baixa,1.0
19,Euro,26,0.3703703703703703,1.0,1,0.5430303540337904,baixa,1.0
19,Euro,29,0.4347826086956522,1.0,1,0.536105336163013,baixa,1.0
19,Euro,32,0.4219409282700421,0.5,1,0.5273205273226387,baixa,1.0
19,Euro,35,0.4219409282700421,0.0,1,0.5273205273226387,baixa,1.0
19,Euro,38,0.4347826086956522,1.0,1,0.540972334308893,baixa,1.0
19,Euro,41,0.5263157894736842,1.0,1,0.6248933826895285,média,3.0
19,Euro,44,0.425531914893617,1.0,1,0.5284168632201564,baixa,1.0
19,Euro,47,0.4651162790697674,0.0,1,0.5389704531668946,baixa,1.0
19,Euro,50,0.4444444444444444,0.5,1,0.5438961717918925,baixa,1.0
19,Euro,53,0.3225806451612903,1.0,0,0.4640641089724424,fraca,0.0
19,Euro,56,0.5,1.0,1,0.5924639056326813,baixa,1.0
19,Euro,59,0.3484320557491289,1.0,1,0.5381359442624013,baixa,1.0
18,Euro,2,0.4347826086956522,1.0,1,0.589044090976973,baixa,1.0
18,Euro,5,0.3703703703703703,1.0,1,0.5593213391239151,baixa,1.0
18,Euro,8,0.4081632653061224,0.0,1,0.5499953645937002,baixa,1.0
18,Euro,11,0.5263157894736842,1.0,1,0.5912160170158397,baixa,1.0
18,Euro,14,0.3225806451612903,1.0,0,0.4697621277037875,fraca,0.0
18,Euro,17,0.4081632653061224,0.5,1,0.5421522637570877,baixa,1.0
18,Euro,20,0.3484320557491289,0.0,0,0.49732385463114803,fraca,0.0
18,Euro,23,0.4651162790697674,0.0,1,0.538429579713507,baixa,1.0
18,Euro,26,0.4444444444444444,0.0,1,0.5528191837396632,baixa,1.0
18,Euro,29,0.4,1.0,1,0.5406571443975834,baixa,1.0
18,Euro,32,0.4347826086956522,1.0,1,0.531718642051211,baixa,1.0
18,Euro,35,0.381679389312977,0.5,1,0.5244855863858747,baixa,1.0
18,Euro,38,0.4166666666666667,0.5,1,0.5360095193546655,baixa,1.0
18,Euro,41,0.4444444444444444,0.5,1,0.5597789460776819,baixa,1.0
18,Euro,44,0.3571428571428571,0.5,1,0.5101362766316523,baixa,1.0
18,Euro,47,0.381679389312977,0.0,1,0.522796841250083,baixa,1.0
18,Euro,50,0.3846153846153846,0.5,1,0.551503106793473,baixa,1.0
18,Euro,53,0.3225806451612903,0.0,0,0.4662686842649649,fraca,0.0
18,Euro,56,0.3571428571428571,0.0,1,0.514922798079897,baixa,1.0
18,Euro,59,0.4444444444444444,1.0,1,0.5759132797575933,baixa,1.0
0,Copa,1,0.4347826086956522,1.0,1,0.5273084377967283,baixa,1.0
23,Copa,1,0.3448275862068966,0.5,0,0.46843024215748047,fraca,0.0
23,Copa,4,0.3076923076923077,0.5,0,0.43265176881833833,fraca,0.0
23,Copa,7,0.3125,1.0,0,0.4681588773337304,fraca,0.0
23,Copa,10,0.5128205128205129,1.0,1,0.5121666178577448,baixa,1.0
23,Copa,13,0.3846153846153846,1.0,0,0.44845942712676434,fraca,0.0
23,Copa,16,0.4,0.0,0,0.45184265518405553,fraca,0.0
23,Copa,19,0.5128205128205129,0.5,0,0.49870399602262255,fraca,0.0
23,Copa,22,0.3484320557491289,1.0,0,0.4852946164108369,fraca,0.0
23,Copa,25,0.5050505050505051,0.0,1,0.5156406845233444,baixa,1.0
23,Copa,28,0.4651162790697674,1.0,0,0.4525281008398123,fraca,0.0
23,Copa,31,0.3225806451612903,0.0,0,0.42052996514702806,fraca,0.0
23,Copa,34,0.5128205128205129,1.0,1,0.5223603479371194,baixa,1.0
23,Copa,37,0.4081632653061224,0.0,0,0.4717324457132235,fraca,0.0
23,Copa,40,0.5405405405405405,0.0,1,0.5352309103170491,baixa,1.0
23,Copa,43,0.4761904761904761,1.0,1,0.5079568683949354,baixa,1.0
23,Copa,46,0.4651162790697674,1.0,1,0.507591741058818,baixa,1.0
23,Copa,49,0.2857142857142857,1.0,0,0.4062245185871646,fraca,0.0
23,Copa,55,0.4081632653061224,1.0,0,0.4890160866705661,fraca,0.0
23,Copa,58,0.4651162790697674,1.0,1,0.5024839759739854,baixa,1.0
22,Copa,1,0.4347826086956522,1.0,0,0.4606420522472192,fraca,0.0
22,Copa,4,0.4347826086956522,0.0,0,0.46817844046526036,fraca,0.0
22,Copa,7,0.5263157894736842,0.0,0,0.4962590348968305,fraca,0.0
22,Copa,10,0.4219409282700421,0.5,0,0.4711412198501197,fraca,0.0
22,Copa,13,0.4878048780487805,0.5,0,0.47436241156195663,fraca,0.0
22,Copa,16,0.3846153846153846,0.0,0,0.44845942712676434,fraca,0.0
22,Copa,19,0.5128205128205129,1.0,0,0.49870399602262255,fraca,0.0
22,Copa,22,0.3703703703703703,0.5,0,0.4607627734696757,fraca,0.0
22,Copa,25,0.3703703703703703,1.0,0,0.46814486787500764,fraca,0.0
22,Copa,28,0.3225806451612903,0.0,0,0.4348755471987974,fraca,0.0
22,Copa,31,0.4878048780487805,0.0,0,0.4484588479132047,fraca,0.0
22,Copa,34,0.3333333333333333,0.0,0,0.3888120203171279,fraca,0.0
22,Copa,37,0.3484320557491289,0.5,0,0.47063130375871104,fraca,0.0
22,Copa,40,0.4219409282700421,0.5,0,0.49136343647135944,fraca,0.0
22,Copa,43,0.5263157894736842,1.0,1,0.569185528573454,baixa,1.0
22,Copa,46,0.4219409282700421,1.0,1,0.5037315500415827,baixa,1.0
22,Copa,49,0.4444444444444444,0.5,1,0.5114466122190899,baixa,1.0
22,Copa,52,0.4347826086956522,1.0,0,0.4993008408801743,fraca,0.0
22,Copa,55,0.303030303030303,1.0,0,0.4343438003664369,fraca,0.0
22,Copa,58,0.5263157894736842,0.5,1,0.5554182751155248,baixa,1.0
21,Copa,1,0.4878048780487805,0.5,0,0.45648627867250646,fraca,0.0
21,Copa,4,0.3921568627450981,1.0,0,0.47459105849063904,fraca,0.0
21,Copa,7,0.3484320557491289,1.0,0,0.47985491956240606,fraca,0.0
21,Copa,10,0.5263157894736842,1.0,1,0.5070805049360634,baixa,1.0
21,Copa,13,0.4545454545454545,1.0,0,0.47895894600075484,fraca,0.0
21,Copa,16,0.4651162790697674,1.0,0,0.4726777223312359,fraca,0.0
21,Copa,19,0.3846153846153846,0.5,0,0.4739720382870145,fraca,0.0
21,Copa,22,0.5681818181818182,0.5,1,0.502325635709195,baixa,1.0
21,Copa,25,0.4347826086956522,0.0,0,0.4854678410244357,fraca,0.0
21,Copa,28,0.495049504950495,0.0,0,0.48055881793061855,fraca,0.0
21,Copa,31,0.4545454545454545,1.0,0,0.46451985957693315,fraca,0.0
21,Copa,34,0.4,1.0,0,0.48498642222348015,fraca,0.0
21,Copa,37,0.4,1.0,0,0.48884592781933145,fraca,0.0
21,Copa,40,0.3846153846153846,1.0,1,0.5049401132555268,baixa,1.0
21,Copa,43,0.303030303030303,1.0,0,0.4334886742995528,fraca,0.0
21,Copa,46,0.5128205128205129,1.0,1,0.5709111534094502,baixa,1.0
21,Copa,49,0.3846153846153846,0.0,1,0.5072169951262184,baixa,1.0
21,Copa,52,0.5,0.5,1,0.5632692318234714,baixa,1.0
21,Copa,55,0.4081632653061224,0.0,0,0.49076261534849663,fraca,0.0
21,Copa,58,0.5681818181818182,1.0,1,0.5543703486021758,baixa,1.0
20,Copa,1,0.3921568627450981,0.0,0,0.45359974740064535,fraca,0.0
20,Copa,4,0.495049504950495,1.0,0,0.49244120828987525,fraca,0.0
20,Copa,7,0.4219409282700421,1.0,0,0.4681488507000918,fraca,0.0
20,Copa,10,0.5,1.0,0,0.493121862745436,fraca,0.0
20,Copa,13,0.2857142857142857,0.0,0,0.36550904940168566,fraca,0.0
20,Copa,16,0.3333333333333333,0.0,0,0.4149049215300591,fraca,0.0
20,Copa,19,0.4651162790697674,0.5,0,0.448536005955501,fraca,0.0
20,Copa,22,0.4081632653061224,0.0,0,0.4617446435336234,fraca,0.0
20,Copa,25,0.4347826086956522,0.5,0,0.4747887464838232,fraca,0.0
20,Copa,28,0.4166666666666667,0.5,0,0.45980009593631743,fraca,0.0
20,Copa,31,0.4166666666666667,1.0,0,0.462702546189849,fraca,0.0
20,Copa,34,0.5555555555555556,0.0,0,0.4887026691344774,fraca,0.0
20,Copa,37,0.4444444444444444,0.0,0,0.4710969936360027,fraca,0.0
20,Copa,40,0.4081632653061224,1.0,0,0.48243087060867756,fraca,0.0
20,Copa,43,0.3846153846153846,1.0,1,0.5008110904100556,baixa,1.0
20,Copa,46,0.4651162790697674,1.0,0,0.4928541437252784,fraca,0.0
20,Copa,49,0.5376344086021505,0.0,1,0.5585194444370658,baixa,1.0
20,Copa,52,0.5681818181818182,1.0,1,0.5348273166272464,baixa,1.0
20,Copa,55,0.4830917874396135,0.0,0,0.46368792342236104,fraca,0.0
20,Copa,58,0.3636363636363636,0.0,0,0.4737181714096239,fraca,0.0
19,Copa,1,0.425531914893617,0.0,0,0.45261893333266195,fraca,0.0
19,Copa,4,0.425531914893617,1.0,0,0.46665486503967457,fraca,0.0
19,Copa,7,0.4761904761904761,0.5,0,0.4750729190883915,fraca,0.0
19,Copa,10,0.4219409282700421,0.5,0,0.46819057464307207,fraca,0.0
19,Copa,13,0.3076923076923077,0.5,0,0.4001482014411672,fraca,0.0
19,Copa,16,0.4761904761904761,1.0,0,0.46973727867008874,fraca,0.0
19,Copa,19,0.4545454545454545,0.5,0,0.45170133792719297,fraca,0.0
19,Copa,22,0.3333333333333333,0.0,0,0.4016244279338466,fraca,0.0
19,Copa,25,0.3333333333333333,0.5,0,0.40900652233917856,fraca,0.0
19,Copa,28,0.4444444444444444,1.0,0,0.4562452952780922,fraca,0.0
19,Copa,31,0.3484320557491289,1.0,0,0.44737530413647275,fraca,0.0
19,Copa,34,0.5,1.0,0,0.4878034002518012,fraca,0.0
19,Copa,37,0.5128205128205129,0.5,0,0.4974413058629063,fraca,0.0
19,Copa,40,0.4878048780487805,0.5,0,0.4707761681078061,fraca,0.0
19,Copa,43,0.4081632653061224,0.0,0,0.4858650506059915,fraca,0.0
19,Copa,46,0.4219409282700421,1.0,0,0.49168309248107356,fraca,0.0
19,Copa,49,0.4444444444444444,0.5,0,0.49359312318772325,fraca,0.0
19,Copa,52,0.3921568627450981,0.0,0,0.4953216032813528,fraca,0.0
19,Copa,55,0.3333333333333333,0.0,0,0.4022308457525976,fraca,0.0
19,Copa,58,0.4651162790697674,0.0,0,0.4658511222480481,fraca,0.0
18,Copa,4,0.4761904761904761,0.0,0,0.4691582081013255,fraca,0.0
18,Copa,7,0.4347826086956522,0.5,0,0.4760952278613304,fraca,0.0
18,Copa,10,0.4166666666666667,0.5,0,0.47812010119663706,fraca,0.0
18,Copa,13,0.3333333333333333,1.0,0,0.4030283863094261,fraca,0.0
18,Copa,16,0.3333333333333333,0.0,0,0.4078304545347873,fraca,0.0
18,Copa,19,0.3846153846153846,0.0,0,0.4587790731228737,fraca,0.0
18,Copa,22,0.2941176470588235,0.0,0,0.363519480873307,fraca,0.0
18,Copa,25,0.5813953488372093,1.0,0,0.48246129717896097,fraca,0.0
18,Copa,28,0.4219409282700421,0.0,0,0.4552862253127891,fraca,0.0
18,Copa,31,0.4166666666666667,0.0,0,0.45818867556632065,fraca,0.0
18,Copa,34,0.3225806451612903,1.0,0,0.40928463570213175,fraca,0.0
18,Copa,37,0.4219409282700421,0.0,0,0.4620481811621719,fraca,0.0
18,Copa,40,0.5,0.5,1,0.5124448298156548,baixa,1.0
18,Copa,43,0.4651162790697674,0.5,0,0.49145822644104714,fraca,0.0
18,Copa,46,0.3125,0.5,0,0.4469706568769669,fraca,0.0
18,Copa,49,0.5263157894736842,1.0,1,0.5742806619004868,baixa,1.0
18,Copa,52,0.4219409282700421,1.0,0,0.48880147989165523,fraca,0.0
18,Copa,55,0.4444444444444444,0.5,0,0.47572128575523076,fraca,0.0
18,Copa,58,0.3484320557491289,0.0,0,0.47504919081172814,fraca,0.0
0,Premier,0,0.3703703703703703,1.0,1,0.5988435816854687,baixa,1.0
23,Premier,0,0.4444444444444444,0.0,0,0.4904729091906852,fraca,0.0
23,Premier,3,0.2941176470588235,0.0,0,0.35983356228787744,fraca,0.0
23,Premier,6,0.5,1.0,1,0.5225525654974715,baixa,1.0
23,Premier,9,0.425531914893617,1.0,1,0.5012033907873463,baixa,1.0
23,Premier,12,0.4761904761904761,1.0,1,0.5038966949580087,baixa,1.0
23,Premier,15,0.4166666666666667,1.0,0,0.4780615575781871,fraca,0.0
23,Premier,18,0.5681818181818182,0.5,1,0.5398708964723081,baixa,1.0
23,Premier,21,0.3125,0.0,0,0.4433095487320151,fraca,0.0
23,Premier,24,0.4444444444444444,1.0,1,0.5021594436974375,baixa,1.0
23,Premier,27,0.4545454545454545,1.0,0,0.47319382063590304,fraca,0.0
23,Premier,30,0.4651162790697674,0.0,0,0.4601194931075468,fraca,0.0
23,Premier,33,0.4545454545454545,1.0,0,0.4773814335131366,fraca,0.0
23,Premier,36,0.5128205128205129,0.0,1,0.5322983237105334,baixa,1.0
23,Premier,39,0.4166666666666667,0.5,0,0.47899554015566026,fraca,0.0
23,Premier,42,0.3921568627450981,1.0,0,0.4993810811311715,fraca,0.0
23,Premier,45,0.4651162790697674,0.0,0,0.4909811049538294,fraca,0.0
23,Premier,48,0.5050505050505051,1.0,1,0.5528272370741181,baixa,1.0
23,Premier,51,0.5263157894736842,1.0,1,0.5740371470010279,baixa,1.0
23,Premier,54,0.4444444444444444,1.0,0,0.48649082464306764,fraca,0.0
23,Premier,57,0.4347826086956522,1.0,0,0.47337723833001344,fraca,0.0
22,Premier,0,0.4,0.0,0,0.4994092696450382,fraca,0.0
22,Premier,3,0.3636363636363636,0.0,0,0.45904801000583406,fraca,0.0
22,Premier,6,0.4545454545454545,0.5,0,0.4870761586457647,fraca,0.0
22,Premier,9,0.4651162790697674,1.0,0,0.4930421523807162,fraca,0.0
22,Premier,12,0.4761904761904761,0.0,1,0.5038966949580087,baixa,1.0
22,Premier,15,0.2777777777777778,0.5,0,0.378195568294871,fraca,0.0
22,Premier,18,0.3921568627450981,1.0,0,0.49222266396040304,fraca,0.0
22,Premier,21,0.4,1.0,0,0.4922735898787001,fraca,0.0
22,Premier,24,0.4081632653061224,1.0,0,0.4880509027910132,fraca,0.0
22,Premier,27,0.5050505050505051,0.0,1,0.5099464634881191,baixa,1.0
22,Premier,30,0.3125,1.0,0,0.421975510807408,fraca,0.0
22,Premier,33,0.3333333333333333,0.5,0,0.3747053653790967,fraca,0.0
22,Premier,36,0.4,1.0,0,0.4879754105050261,fraca,0.0
22,Premier,39,0.3571428571428571,0.5,0,0.45143829222840215,fraca,0.0
22,Premier,42,0.3636363636363636,0.0,0,0.4429216192051275,fraca,0.0
22,Premier,45,0.4,1.0,0,0.4931475753170094,fraca,0.0
22,Premier,48,0.4761904761904761,1.0,1,0.5029823160401109,baixa,1.0
22,Premier,51,0.3448275862068966,0.5,0,0.43129574739722704,fraca,0.0
22,Premier,54,0.4651162790697674,0.0,0,0.48263595348279575,fraca,0.0
22,Premier,57,0.425531914893617,0.0,0,0.4805382575922087,fraca,0.0
21,Premier,0,0.3703703703703703,0.0,0,0.46682161770226316,fraca,0.0
21,Premier,3,0.5128205128205129,0.0,1,0.5129511552611761,baixa,1.0
21,Premier,6,0.425531914893617,0.0,0,0.49288072683830164,fraca,0.0
21,Premier,9,0.4,0.5,0,0.49965093876476424,fraca,0.0
21,Premier,12,0.3571428571428571,1.0,0,0.4714956696403345,fraca,0.0
21,Premier,15,0.3703703703703703,1.0,0,0.4709070440750003,fraca,0.0
21,Premier,18,0.3703703703703703,0.0,0,0.48248548488347,fraca,0.0
21,Premier,21,0.4878048780487805,1.0,0,0.4899476904678264,fraca,0.0
21,Premier,24,0.4545454545454545,1.0,0,0.48903552429353525,fraca,0.0
21,Premier,27,0.4347826086956522,0.0,0,0.46170747886388597,fraca,0.0
21,Premier,30,0.4651162790697674,0.0,0,0.46186602178547737,fraca,0.0
21,Premier,33,0.4347826086956522,0.0,0,0.4753888113989757,fraca,0.0
21,Premier,36,0.4545454545454545,0.5,0,0.48298746778691837,fraca,0.0
21,Premier,39,0.4219409282700421,0.0,0,0.4807420688335908,fraca,0.0
21,Premier,42,0.5,1.0,1,0.547009195199036,baixa,1.0
21,Premier,45,0.5376344086021505,0.5,1,0.5682191051259459,baixa,1.0
21,Premier,48,0.3571428571428571,0.5,0,0.4554887143608593,fraca,0.0
21,Premier,51,0.4,1.0,1,0.5090043244371063,baixa,1.0
21,Premier,54,0.4081632653061224,0.5,0,0.48033403813652475,fraca,0.0
21,Premier,57,0.4830917874396135,0.5,0,0.46070042779923576,fraca,0.0
20,Premier,0,0.4444444444444444,0.5,0,0.49121785376524796,fraca,0.0
20,Premier,3,0.3484320557491289,1.0,0,0.4963906723879241,fraca,0.0
20,Premier,6,0.3125,0.5,0,0.4966787799183699,fraca,0.0
20,Premier,9,0.5128205128205129,1.0,1,0.5356222285264023,baixa,1.0
20,Premier,12,0.5,0.5,1,0.5364350979154731,baixa,1.0
20,Premier,15,0.3636363636363636,0.5,0,0.4743608131342289,fraca,0.0
20,Premier,18,0.381679389312977,0.0,0,0.4907997255890622,fraca,0.0
20,Premier,21,0.4761904761904761,0.5,0,0.4927042452975684,fraca,0.0
20,Premier,24,0.425531914893617,1.0,0,0.4888928335652033,fraca,0.0
20,Premier,27,0.5128205128205129,0.0,1,0.508228996195308,baixa,1.0
20,Premier,30,0.3703703703703703,1.0,0,0.4586945159441776,fraca,0.0
20,Premier,33,0.4651162790697674,1.0,0,0.4678703470221885,fraca,0.0
20,Premier,36,0.381679389312977,0.5,0,0.4762917991460734,fraca,0.0
20,Premier,39,0.3571428571428571,1.0,0,0.4610060120588138,fraca,0.0
20,Premier,42,0.4347826086956522,1.0,0,0.4803357635758651,fraca,0.0
20,Premier,45,0.3571428571428571,1.0,0,0.4588573062815684,fraca,0.0
20,Premier,48,0.3703703703703703,1.0,0,0.4704719741651086,fraca,0.0
20,Premier,51,0.4,1.0,1,0.508099726533366,baixa,1.0
20,Premier,54,0.4081632653061224,0.5,0,0.4752154964682802,fraca,0.0
20,Premier,57,0.4166666666666667,0.0,0,0.4663293220446782,fraca,0.0
19,Premier,0,0.303030303030303,0.0,0,0.4318247717218569,fraca,0.0
19,Premier,3,0.4444444444444444,1.0,1,0.5146029204703298,baixa,1.0
19,Premier,6,0.5,0.0,1,0.5413933950482813,baixa,1.0
19,Premier,9,0.4,0.5,1,0.5037046379938321,baixa,1.0
19,Premier,12,0.3571428571428571,0.5,0,0.47554936886940236,fraca,0.0
19,Premier,15,0.3333333333333333,0.5,0,0.44606663654349643,fraca,0.0
19,Premier,18,0.4545454545454545,0.0,0,0.4997879635389308,fraca,0.0
19,Premier,21,0.3703703703703703,0.5,0,0.4697639055731387,fraca,0.0
19,Premier,24,0.5263157894736842,1.0,1,0.5488428150261013,baixa,1.0
19,Premier,27,0.4166666666666667,0.0,0,0.4700732606513201,fraca,0.0
19,Premier,30,0.3636363636363636,1.0,0,0.4458822569347269,fraca,0.0
19,Premier,33,0.3448275862068966,1.0,0,0.4347563353809036,fraca,0.0
19,Premier,36,0.4081632653061224,0.5,0,0.476835216500703,fraca,0.0
19,Premier,39,0.3571428571428571,0.0,0,0.46062866877331926,fraca,0.0
19,Premier,42,0.4,0.0,0,0.493612162805705,fraca,0.0
19,Premier,45,0.4878048780487805,1.0,0,0.48816267744938435,fraca,0.0
19,Premier,48,0.381679389312977,1.0,0,0.480754847667216,fraca,0.0
19,Premier,51,0.425531914893617,1.0,0,0.4987425128985056,fraca,0.0
19,Premier,54,0.3703703703703703,0.0,0,0.44718658324765737,fraca,0.0
19,Premier,57,0.5050505050505051,1.0,1,0.5093240544377999,baixa,1.0
18,Premier,0,0.3125,1.0,1,0.5043169851117288,baixa,1.0
18,Premier,3,0.3571428571428571,0.5,1,0.5292830814490581,baixa,1.0
18,Premier,6,0.5,1.0,1,0.5435979703408038,baixa,1.0
18,Premier,9,0.4830917874396135,0.0,1,0.50972788508139,baixa,1.0
18,Premier,12,0.3636363636363636,0.5,0,0.48318522068412967,fraca,0.0
18,Premier,15,0.4444444444444444,0.0,0,0.49030999502646244,fraca,0.0
18,Premier,18,0.5,0.0,1,0.5382623299225011,baixa,1.0
18,Premier,21,0.381679389312977,1.0,0,0.48800704736615047,fraca,0.0
18,Premier,24,0.5464480874316939,1.0,1,0.5389599504491335,baixa,1.0
18,Premier,27,0.3225806451612903,0.0,0,0.4411046973650789,fraca,0.0
18,Premier,30,0.4444444444444444,0.5,0,0.48428585561025145,fraca,0.0
18,Premier,33,0.5,1.0,1,0.5267140159462375,baixa,1.0
18,Premier,36,0.3846153846153846,1.0,0,0.4984346119951924,fraca,0.0
18,Premier,39,0.4,1.0,0,0.49746430117740076,fraca,0.0
18,Premier,42,0.4878048780487805,1.0,0,0.499303247956286,fraca,0.0
18,Premier,45,0.3703703703703703,0.0,0,0.4735712146576799,fraca,0.0
18,Premier,48,0.4545454545454545,0.5,1,0.5071472591479316,baixa,1.0
18,Premier,51,0.3225806451612903,0.5,0,0.4544333102231855,fraca,0.0
18,Premier,54,0.4166666666666667,1.0,0,0.4838624563664647,fraca,0.0
18,Premier,57,0.4545454545454545,1.0,0,0.4688444342575682,fraca,0.0
0,Super,1,0.3448275862068966,1.0,1,0.5390415372867414,baixa,1.0
23,Super,1,0.3571428571428571,0.0,0,0.37974563800298194,fraca,0.0
23,Super,4,0.4830917874396135,0.5,0,0.46989550463798613,fraca,0.0
23,Super,7,0.3333333333333333,0.5,0,0.362607864816945,fraca,0.0
23,Super,10,0.3703703703703703,0.0,0,0.3886389941986363,fraca,0.0
23,Super,13,0.5,1.0,1,0.5149570737260881,baixa,1.0
23,Super,16,0.3921568627450981,0.5,0,0.4430229939786862,fraca,0.0
23,Super,19,0.303030303030303,0.0,0,0.3706254602501332,fraca,0.0
23,Super,22,0.5,1.0,1,0.5493997475671154,baixa,1.0
23,Super,25,0.3333333333333333,0.0,0,0.38977087478096045,fraca,0.0
23,Super,28,0.4081632653061224,0.0,0,0.44764501566078563,fraca,0.0
23,Super,31,0.4545454545454545,0.0,0,0.4457371094575382,fraca,0.0
23,Super,34,0.4545454545454545,0.0,0,0.4565159917390963,fraca,0.0
23,Super,37,0.4081632653061224,0.0,0,0.44491325185231223,fraca,0.0
23,Super,40,0.4347826086956522,1.0,0,0.4597056835137481,fraca,0.0
23,Super,43,0.4878048780487805,1.0,1,0.5076657867913246,baixa,1.0
23,Super,46,0.3846153846153846,0.0,0,0.45810440725605084,fraca,0.0
23,Super,49,0.381679389312977,0.0,0,0.42701769560874964,fraca,0.0
23,Super,52,0.3703703703703703,0.0,0,0.4233379037116236,fraca,0.0
23,Super,55,0.3921568627450981,1.0,0,0.46084403376208916,fraca,0.0
22,Super,1,0.3076923076923077,1.0,0,0.3675051462021615,fraca,0.0
22,Super,4,0.4081632653061224,0.0,0,0.4535506337951201,fraca,0.0
22,Super,7,0.4347826086956522,0.0,0,0.43282555464914224,fraca,0.0
22,Super,10,0.4545454545454545,0.0,0,0.4442505477146411,fraca,0.0
22,Super,13,0.4444444444444444,0.0,0,0.4345891685360137,fraca,0.0
22,Super,16,0.4878048780487805,1.0,1,0.502186278053218,baixa,1.0
22,Super,19,0.3703703703703703,0.0,0,0.4313333650935446,fraca,0.0
22,Super,22,0.3846153846153846,0.5,0,0.48025224444037223,fraca,0.0
22,Super,25,0.4347826086956522,0.0,0,0.46523363073808555,fraca,0.0
22,Super,28,0.5405405405405405,1.0,1,0.5173163290339472,baixa,1.0
22,Super,34,0.4166666666666667,1.0,0,0.441053746256461,fraca,0.0
22,Super,37,0.3921568627450981,0.0,0,0.46275153915949313,fraca,0.0
22,Super,40,0.3484320557491289,1.0,0,0.42667133545827896,fraca,0.0
22,Super,43,0.4219409282700421,0.0,0,0.45271032780794845,fraca,0.0
22,Super,46,0.3448275862068966,1.0,0,0.3974234452921913,fraca,0.0
22,Super,49,0.4219409282700421,0.0,0,0.45271032780794845,fraca,0.0
22,Super,52,0.4219409282700421,0.0,0,0.45958305654425047,fraca,0.0
22,Super,55,0.4545454545454545,0.5,0,0.4576101576529187,fraca,0.0
22,Super,58,0.4761904761904761,1.0,0,0.4868814755629395,fraca,0.0
21,Super,1,0.425531914893617,0.5,0,0.43613180918345795,fraca,0.0
21,Super,4,0.4651162790697674,0.0,0,0.4352281987790616,fraca,0.0
21,Super,7,0.3076923076923077,0.0,0,0.35787018217463024,fraca,0.0
21,Super,10,0.3484320557491289,0.5,0,0.41190123411467716,fraca,0.0
21,Super,13,0.3921568627450981,0.5,0,0.43645515153680764,fraca,0.0
21,Super,16,0.4081632653061224,1.0,0,0.45476348969209246,fraca,0.0
21,Super,19,0.3571428571428571,0.0,0,0.452318230355853,fraca,0.0
21,Super,22,0.3846153846153846,1.0,0,0.48869375945326593,fraca,0.0
21,Super,25,0.4444444444444444,0.5,0,0.4918332397939548,fraca,0.0
21,Super,28,0.3921568627450981,1.0,0,0.4739248179808602,fraca,0.0
21,Super,31,0.4444444444444444,1.0,0,0.46172112295932644,fraca,0.0
21,Super,34,0.3636363636363636,1.0,0,0.4149947263127631,fraca,0.0
21,Super,43,0.3484320557491289,1.0,0,0.4329641446939273,fraca,0.0
21,Super,46,0.5263157894736842,1.0,1,0.5730577700186792,baixa,1.0
21,Super,49,0.3703703703703703,0.0,0,0.4321277205391601,fraca,0.0
21,Super,52,0.4,0.0,0,0.47700444190651003,fraca,0.0
21,Super,55,0.5128205128205129,1.0,1,0.5424593837000101,baixa,1.0
21,Super,58,0.4166666666666667,1.0,0,0.4668695337560994,fraca,0.0
20,Super,1,0.4219409282700421,0.5,0,0.4272385132701194,fraca,0.0
20,Super,4,0.4081632653061224,0.5,0,0.4530988528946752,fraca,0.0
20,Super,7,0.3571428571428571,0.0,0,0.4380896551211755,fraca,0.0
20,Super,10,0.3448275862068966,0.0,0,0.40749164813008876,fraca,0.0
20,Super,13,0.3846153846153846,0.0,0,0.43216732557577603,fraca,0.0
20,Super,16,0.4347826086956522,1.0,0,0.44965599367555015,fraca,0.0
20,Super,19,0.3225806451612903,0.5,0,0.42505656974537376,fraca,0.0
20,Super,22,0.2857142857142857,0.0,0,0.39541943387796274,fraca,0.0
20,Super,25,0.4,0.0,0,0.47009997484176935,fraca,0.0
20,Super,28,0.5464480874316939,1.0,1,0.503471029234281,baixa,1.0
20,Super,31,0.4,0.0,0,0.45158209890501255,fraca,0.0
20,Super,34,0.4166666666666667,0.0,0,0.43997731741199386,fraca,0.0
20,Super,37,0.3225806451612903,1.0,0,0.39011227492864214,fraca,0.0
20,Super,40,0.381679389312977,0.0,0,0.4354186992466465,fraca,0.0
20,Super,43,0.4761904761904761,0.0,0,0.4828837213155894,fraca,0.0
20,Super,46,0.4545454545454545,1.0,0,0.4763955346123654,fraca,0.0
20,Super,49,0.4347826086956522,0.0,0,0.45067551742117795,fraca,0.0
20,Super,52,0.381679389312977,0.0,0,0.4360364745953729,fraca,0.0
20,Super,55,0.425531914893617,0.0,0,0.4368469104634757,fraca,0.0
20,Super,58,0.4347826086956522,0.0,0,0.4401715954011813,fraca,0.0
19,Super,1,0.4347826086956522,0.0,0,0.4300949132613917,fraca,0.0
19,Super,4,0.381679389312977,0.0,0,0.42107367040331106,fraca,0.0
19,Super,7,0.4444444444444444,1.0,0,0.4783580844753677,fraca,0.0
19,Super,10,0.4347826086956522,1.0,0,0.48399050597831655,fraca,0.0
19,Super,13,0.4444444444444444,1.0,0,0.4683281221935465,fraca,0.0
19,Super,16,0.3703703703703703,0.0,0,0.45213552124939627,fraca,0.0
19,Super,19,0.4166666666666667,0.0,0,0.47872275316603513,fraca,0.0
19,Super,22,0.3125,0.0,0,0.46536495953276996,fraca,0.0
19,Super,25,0.4219409282700421,0.0,0,0.48495152759022675,fraca,0.0
19,Super,28,0.3333333333333333,1.0,0,0.4101754179009993,fraca,0.0
19,Super,31,0.3703703703703703,0.0,0,0.43624510270363304,fraca,0.0
19,Super,34,0.303030303030303,0.0,0,0.36648065013526443,fraca,0.0
19,Super,37,0.3921568627450981,0.5,0,0.48813144455650215,fraca,0.0
19,Super,40,0.5263157894736842,1.0,1,0.5411054339637044,baixa,1.0
19,Super,43,0.4347826086956522,0.5,0,0.4771318516626541,fraca,0.0
19,Super,46,0.4761904761904761,0.0,1,0.503750117445666,baixa,1.0
19,Super,49,0.3846153846153846,1.0,0,0.48348431265305997,fraca,0.0
19,Super,52,0.3846153846153846,1.0,0,0.48952632568214904,fraca,0.0
19,Super,55,0.4651162790697674,0.0,0,0.4762995131488113,fraca,0.0
19,Super,58,0.3448275862068966,1.0,0,0.44325715944828675,fraca,0.0
18,Super,1,0.4545454545454545,0.0,0,0.4442069558407201,fraca,0.0
18,Super,4,0.4444444444444444,0.0,0,0.49275867201613494,fraca,0.0
18,Super,7,0.3484320557491289,1.0,1,0.5143246315738105,baixa,1.0
18,Super,10,0.4444444444444444,1.0,1,0.50215215601763,baixa,1.0
18,Super,13,0.5263157894736842,0.5,1,0.5275037579005519,baixa,1.0
18,Super,16,0.3571428571428571,1.0,0,0.4909411442868562,fraca,0.0
18,Super,19,0.3333333333333333,0.0,0,0.4488969063613031,fraca,0.0
18,Super,22,0.4,1.0,1,0.5218795445423234,baixa,1.0
18,Super,25,0.4347826086956522,0.0,1,0.5052581269755863,baixa,1.0
18,Super,28,0.4545454545454545,0.5,0,0.4908939851242505,fraca,0.0
18,Super,31,0.5813953488372093,0.0,0,0.49856963939495297,fraca,0.0
18,Super,34,0.3846153846153846,0.0,0,0.4846149352683831,fraca,0.0
18,Super,37,0.3448275862068966,1.0,0,0.4351143494896036,fraca,0.0
18,Super,40,0.3636363636363636,1.0,0,0.4459549153158873,fraca,0.0
18,Super,43,0.4761904761904761,1.0,1,0.5228484056832028,baixa,1.0
18,Super,46,0.3703703703703703,1.0,0,0.4592284039464332,fraca,0.0
18,Super,49,0.4219409282700421,1.0,0,0.4882525262281152,fraca,0.0
18,Super,52,0.4081632653061224,0.5,0,0.4909113111999131,fraca,0.0
18,Super,55,0.425531914893617,0.0,0,0.4734655377281096,fraca,0.0
18,Super,58,0.4651162790697674,0.0,1,0.5006490237009653,baixa,1.0
