Id da partida,Campeonato,Data,Tempo,Time da casa,Time contra,Gols time casa,Gols time contra,Gols totais,Odd Over 2.5,Odd Under 2.5,Odd Over 3.5,Odd Under 3.5,Odd Casa Vence,Odd Empate,Odd Visitante Vence,Placar Exato,Odd Placar Exato,Data das odds
1712117,Euro,2025-05-12,20:02,Espanha,Países Baixos,1,2,3,2.30,3.00,3.00,2.30,2.30,3.60,3.00,1-2,6.00,12-05-2025 16:10
1712125,Euro,2025-05-12,20:05,Alemanha,Suíça,1,0,1,3.20,2.20,3.20,2.20,2.20,3.60,3.20,1-0,7.00,12-05-2025 16:10
1712132,Euro,2025-05-12,20:08,Eslovênia,Dinamarca,0,2,2,2.70,2.75,2.70,2.75,2.75,3.20,2.70,0-2,10.00,12-05-2025 16:10
1711977,Euro,2025-05-12,19:02,França,Croácia,1,0,1,3.20,2.20,3.20,2.20,2.20,3.60,3.20,1-0,7.00,12-05-2025 16:10
1711985,Euro,2025-05-12,19:05,Eslovênia,Inglaterra,0,2,2,2.30,3.10,2.30,3.10,3.10,3.40,2.30,0-2,8.50,12-05-2025 16:10
1711992,Euro,2025-05-12,19:08,Alemanha,Bélgica,2,1,3,2.30,3.00,3.00,2.30,2.30,3.50,3.00,2-1,7.00,12-05-2025 16:10
1711999,Euro,2025-05-12,19:11,França,Ucrânia,0,2,2,3.60,2.02,3.60,2.02,2.02,3.60,3.60,0-2,7.00,12-05-2025 16:10
1712013,Euro,2025-05-12,19:17,Ucrânia,Turquia,0,2,2,2.70,2.62,2.70,2.62,2.62,3.30,2.70,0-2,9.00,12-05-2025 16:10
1712020,Euro,2025-05-12,19:20,Itália,Eslovênia,0,2,2,3.50,2.20,3.50,2.20,2.20,3.25,3.50,0-2,10.00,12-05-2025 16:10
1712026,Euro,2025-05-12,19:23,Dinamarca,Geórgia,0,2,2,3.75,2.05,3.75,2.05,2.05,3.40,3.75,0-2,9.00,12-05-2025 16:10
1712034,Euro,2025-05-12,19:26,Alemanha,Albânia,2,0,2,3.75,2.07,3.75,2.07,2.07,3.40,3.75,2-0,9.00,12-05-2025 16:10
1712041,Euro,2025-05-12,19:29,Eslovênia,Polônia,0,2,2,3.00,2.50,3.00,2.50,2.50,3.10,3.00,0-2,11.00,12-05-2025 16:10
1712047,Euro,2025-05-12,19:32,Áustria,Croácia,1,1,2,2.75,2.55,2.75,2.55,2.55,3.40,2.75,1-1,7.50,12-05-2025 16:10
1712055,Euro,2025-05-12,19:35,Hungria,Itália,0,0,0,2.62,2.70,2.62,2.70,2.70,3.30,2.62,0-0,8.50,12-05-2025 16:10
1712062,Euro,2025-05-12,19:38,Dinamarca,Sérvia,1,0,1,3.10,2.40,3.10,2.40,2.40,3.25,3.10,1-0,9.00,12-05-2025 16:10
1712069,Euro,2025-05-12,19:41,Inglaterra,Albânia,1,3,4,2.02,3.80,2.02,3.80,2.02,3.40,3.80,1-3,8.50,12-05-2025 16:10
1712076,Euro,2025-05-12,19:44,Alemanha,Áustria,2,1,3,2.20,3.25,3.25,2.20,2.20,3.50,3.25,2-1,7.50,12-05-2025 16:10
1712083,Euro,2025-05-12,19:47,Escócia,Geórgia,0,0,0,3.40,2.20,3.40,2.20,2.20,3.40,3.40,0-0,8.00,12-05-2025 16:10
1712090,Euro,2025-05-12,19:50,Eslováquia,Turquia,1,2,3,2.80,2.55,2.55,2.80,2.80,3.30,2.55,1-2,8.50,12-05-2025 16:10
1712097,Euro,2025-05-12,19:53,Países Baixos,Dinamarca,2,1,3,2.45,2.80,2.80,2.45,2.45,3.50,2.80,2-1,7.50,12-05-2025 16:10
1712104,Euro,2025-05-12,19:56,Itália,Hungria,1,1,2,3.25,2.25,3.25,2.25,2.25,3.40,3.25,1-1,8.50,12-05-2025 16:10
1712111,Euro,2025-05-12,19:59,Romênia,Turquia,1,2,3,2.62,2.70,2.70,2.62,2.62,3.40,2.70,1-2,8.00,12-05-2025 16:10
1711838,Euro,2025-05-12,18:02,Países Baixos,Inglaterra,2,0,2,2.45,2.75,2.45,2.75,2.75,3.60,2.45,2-0,6.00,12-05-2025 16:10
1711845,Euro,2025-05-12,18:05,Eslováquia,Hungria,0,1,1,2.62,2.70,2.62,2.70,2.70,3.30,2.62,0-1,8.50,12-05-2025 16:10
1711852,Euro,2025-05-12,18:08,Itália,República Tcheca,1,1,2,3.30,2.25,3.30,2.25,2.25,3.25,3.30,1-1,9.00,12-05-2025 16:10
1711858,Euro,2025-05-12,18:11,Croácia,Romênia,1,0,1,3.10,2.25,3.10,2.25,2.25,3.50,3.10,1-0,7.00,12-05-2025 16:10
1711866,Euro,2025-05-12,18:14,Inglaterra,Geórgia,2,1,3,1.86,4.20,4.20,1.86,1.86,3.60,4.20,2-1,7.50,12-05-2025 16:10
1711872,Euro,2025-05-12,18:17,Sérvia,Turquia,2,0,2,3.00,2.50,3.00,2.50,2.50,3.20,3.00,2-0,10.00,12-05-2025 16:10
1711880,Euro,2025-05-12,18:20,Países Baixos,França,1,3,4,2.75,2.45,2.75,2.45,2.75,3.60,2.45,1-3,6.00,12-05-2025 16:10
1711886,Euro,2025-05-12,18:23,Espanha,Croácia,0,0,0,3.00,2.30,3.00,2.30,2.30,3.50,3.00,0-0,7.00,12-05-2025 16:10
1711894,Euro,2025-05-12,18:26,Portugal,Geórgia,2,0,2,4.00,1.95,4.00,1.95,1.95,3.50,4.00,2-0,8.00,12-05-2025 16:10
1711901,Euro,2025-05-12,18:29,Suíça,Inglaterra,1,1,2,2.37,2.87,2.37,2.87,2.87,3.60,2.37,1-1,6.50,12-05-2025 16:10
1711908,Euro,2025-05-12,18:32,Sérvia,Dinamarca,0,1,1,2.87,2.55,2.87,2.55,2.55,3.25,2.87,0-1,9.00,12-05-2025 16:10
1711915,Euro,2025-05-12,18:35,Espanha,Bélgica,2,2,4,2.37,2.87,2.37,2.87,2.37,3.60,2.87,2-2,6.50,12-05-2025 16:10
1711922,Euro,2025-05-12,18:38,Geórgia,Alemanha,1,0,1,2.15,3.30,2.15,3.30,3.30,3.50,2.15,1-0,7.50,12-05-2025 16:10
1711928,Euro,2025-05-12,18:41,França,Áustria,2,0,2,3.40,2.15,3.40,2.15,2.15,3.50,3.40,2-0,7.00,12-05-2025 16:10
1711936,Euro,2025-05-12,18:44,Albânia,Turquia,1,0,1,2.80,2.70,2.80,2.70,2.70,3.10,2.80,1-0,11.00,12-05-2025 16:10
1711943,Euro,2025-05-12,18:47,Polônia,Romênia,1,1,2,2.90,2.45,2.90,2.45,2.45,3.40,2.90,1-1,8.00,12-05-2025 16:10
1711949,Euro,2025-05-12,18:50,Escócia,Turquia,1,0,1,2.80,2.55,2.80,2.55,2.55,3.30,2.80,1-0,8.50,12-05-2025 16:10
1711957,Euro,2025-05-12,18:53,Portugal,Sérvia,3,2,5,2.25,3.25,2.25,3.25,2.25,3.40,3.25,3-2,8.50,12-05-2025 16:10
1711963,Euro,2025-05-12,18:56,Inglaterra,Eslovênia,2,1,3,2.02,3.80,3.80,2.02,2.02,3.40,3.80,2-1,8.50,12-05-2025 16:10
1711971,Euro,2025-05-12,18:59,Geórgia,Escócia,0,3,3,2.80,2.55,2.55,2.80,2.80,3.40,2.55,0-3,8.00,12-05-2025 16:10
1711698,Euro,2025-05-12,17:02,Turquia,Eslovênia,1,2,3,2.35,3.25,3.25,2.35,2.35,3.10,3.25,1-2,11.00,12-05-2025 16:10
1711705,Euro,2025-05-12,17:05,Alemanha,Hungria,2,0,2,3.40,2.15,3.40,2.15,2.15,3.50,3.40,2-0,7.50,12-05-2025 16:10
1711712,Euro,2025-05-12,17:08,Áustria,Turquia,1,2,3,2.50,2.90,2.90,2.50,2.50,3.30,2.90,1-2,9.00,12-05-2025 16:10
1711719,Euro,2025-05-12,17:11,Dinamarca,Escócia,1,0,1,3.10,2.30,3.10,2.30,2.30,3.40,3.10,1-0,8.00,12-05-2025 16:10
1711725,Euro,2025-05-12,17:14,Eslováquia,Suíça,2,2,4,2.75,2.50,2.75,2.50,2.75,3.50,2.50,2-2,7.00,12-05-2025 16:10
1711732,Euro,2025-05-12,17:17,Croácia,Polônia,0,2,2,3.25,2.25,3.25,2.25,2.25,3.40,3.25,0-2,8.50,12-05-2025 16:10
1711739,Euro,2025-05-12,17:20,República Tcheca,Escócia,0,1,1,2.90,2.45,2.90,2.45,2.45,3.30,2.90,0-1,8.50,12-05-2025 16:10
1711745,Euro,2025-05-12,17:23,Croácia,Hungria,1,0,1,3.10,2.30,3.10,2.30,2.30,3.40,3.10,1-0,8.00,12-05-2025 16:10
1711754,Euro,2025-05-12,17:26,Alemanha,Portugal,1,3,4,2.37,2.90,2.37,2.90,2.37,3.50,2.90,1-3,7.00,12-05-2025 16:10
1711761,Euro,2025-05-12,17:29,Hungria,República Tcheca,0,0,0,3.00,2.50,3.00,2.50,2.50,3.20,3.00,0-0,10.00,12-05-2025 16:10
1711768,Euro,2025-05-12,17:32,Espanha,Inglaterra,2,0,2,2.60,2.60,2.60,2.60,2.60,3.60,2.60,2-0,6.00,12-05-2025 16:10
1711775,Euro,2025-05-12,17:35,Países Baixos,Albânia,1,2,3,2.25,3.25,3.25,2.25,2.25,3.40,3.25,1-2,8.50,12-05-2025 16:10
1711781,Euro,2025-05-12,17:38,Dinamarca,Portugal,1,0,1,2.70,2.62,2.70,2.62,2.62,3.40,2.70,1-0,8.00,12-05-2025 16:10
1711789,Euro,2025-05-12,17:41,Sérvia,Albânia,1,1,2,3.25,2.35,3.25,2.35,2.35,3.10,3.25,1-1,11.00,12-05-2025 16:10
1711796,Euro,2025-05-12,17:44,Espanha,Áustria,0,0,0,3.10,2.25,3.10,2.25,2.25,3.50,3.10,0-0,7.00,12-05-2025 16:10
1711803,Euro,2025-05-12,17:47,Bélgica,Países Baixos,1,1,2,2.87,2.35,2.87,2.35,2.35,3.60,2.87,1-1,6.50,12-05-2025 16:10
1711810,Euro,2025-05-12,17:50,República Tcheca,Ucrânia,2,3,5,2.40,3.10,2.40,3.10,2.40,3.25,3.10,2-3,9.00,12-05-2025 16:10
1711816,Euro,2025-05-12,17:53,Hungria,Áustria,0,2,2,2.80,2.55,2.80,2.55,2.55,3.30,2.80,0-2,8.50,12-05-2025 16:10
1711823,Euro,2025-05-12,17:56,Eslovênia,Ucrânia,1,2,3,2.45,3.00,3.00,2.45,2.45,3.20,3.00,1-2,10.00,12-05-2025 16:10
1711830,Euro,2025-05-12,17:59,Bélgica,Suíça,2,1,3,2.30,3.00,3.00,2.30,2.30,3.60,3.00,2-1,6.50,12-05-2025 16:10
1711558,Euro,2025-05-12,16:02,Hungria,Sérvia,1,0,1,2.87,2.55,2.87,2.55,2.55,3.25,2.87,1-0,9.00,12-05-2025 16:10
1711565,Euro,2025-05-12,16:05,Países Baixos,Áustria,1,2,3,2.37,2.90,2.90,2.37,2.37,3.50,2.90,1-2,7.00,12-05-2025 16:10
1711571,Euro,2025-05-12,16:08,Ucrânia,Romênia,3,0,3,2.45,2.87,2.87,2.45,2.45,3.50,2.87,3-0,7.00,12-05-2025 16:10
1711579,Euro,2025-05-12,16:11,Inglaterra,Croácia,0,1,1,3.20,2.20,3.20,2.20,2.20,3.60,3.20,0-1,7.00,12-05-2025 16:10
1711586,Euro,2025-05-12,16:14,Geórgia,Eslovênia,1,1,2,2.70,2.75,2.70,2.75,2.75,3.20,2.70,1-1,10.00,12-05-2025 16:10
1711593,Euro,2025-05-12,16:17,Países Baixos,República Tcheca,1,0,1,3.10,2.35,3.10,2.35,2.35,3.40,3.10,1-0,8.00,12-05-2025 16:10
1711607,Euro,2025-05-12,16:23,França,Turquia,1,3,4,2.15,3.40,2.15,3.40,2.15,3.50,3.40,1-3,8.00,12-05-2025 16:10
1711614,Euro,2025-05-12,16:26,Portugal,Ucrânia,1,0,1,3.40,2.10,3.40,2.10,2.10,3.50,3.40,1-0,7.50,12-05-2025 16:10
1711628,Euro,2025-05-12,16:32,Polônia,Sérvia,2,1,3,2.70,2.75,2.75,2.70,2.70,3.20,2.75,2-1,10.00,12-05-2025 16:10
1711633,Euro,2025-05-12,16:35,França,Países Baixos,0,0,0,3.20,2.15,3.20,2.15,2.15,3.60,3.20,0-0,6.00,12-05-2025 16:10
1711642,Euro,2025-05-12,16:38,Geórgia,Albânia,0,0,0,2.70,2.75,2.70,2.75,2.75,3.20,2.70,0-0,10.00,12-05-2025 16:10
1711649,Euro,2025-05-12,16:41,Suíça,Romênia,2,2,4,2.30,3.00,2.30,3.00,2.30,3.60,3.00,2-2,6.50,12-05-2025 16:10
1711656,Euro,2025-05-12,16:44,Inglaterra,Dinamarca,0,2,2,3.25,2.20,3.25,2.20,2.20,3.50,3.25,0-2,7.50,12-05-2025 16:10
1711663,Euro,2025-05-12,16:47,Alemanha,França,1,0,1,2.70,2.50,2.70,2.50,2.50,3.60,2.70,1-0,6.50,12-05-2025 16:10
1711671,Euro,2025-05-12,16:50,Itália,Inglaterra,1,1,2,2.55,2.70,2.55,2.70,2.70,3.50,2.55,1-1,7.00,12-05-2025 16:10
1711677,Euro,2025-05-12,16:53,Bélgica,Geórgia,2,0,2,3.75,2.00,3.75,2.00,2.00,3.50,3.75,2-0,7.50,12-05-2025 16:10
1711684,Euro,2025-05-12,16:56,Polônia,Ucrânia,0,0,0,2.90,2.45,2.90,2.45,2.45,3.30,2.90,0-0,8.50,12-05-2025 16:10
1711691,Euro,2025-05-12,16:59,França,Escócia,2,1,3,2.07,3.50,3.50,2.07,2.07,3.60,3.50,2-1,7.00,12-05-2025 16:10
1711418,Euro,2025-05-12,15:02,Croácia,Sérvia,1,0,1,3.00,2.40,3.00,2.40,2.40,3.30,3.00,1-0,8.50,12-05-2025 16:10
1711425,Euro,2025-05-12,15:05,Eslováquia,Portugal,1,0,1,2.30,3.10,2.30,3.10,3.10,3.40,2.30,1-0,7.50,12-05-2025 16:10
1711433,Euro,2025-05-12,15:08,Ucrânia,Polônia,2,1,3,2.45,2.90,2.90,2.45,2.45,3.30,2.90,2-1,9.00,12-05-2025 16:10
1711438,Euro,2025-05-12,15:11,Eslováquia,Croácia,1,1,2,2.45,2.87,2.45,2.87,2.87,3.40,2.45,1-1,7.50,12-05-2025 16:10
1711446,Euro,2025-05-12,15:14,Escócia,Áustria,3,0,3,2.55,2.75,2.75,2.55,2.55,3.40,2.75,3-0,7.50,12-05-2025 16:10
1711453,Euro,2025-05-12,15:17,Itália,Suíça,1,0,1,3.00,2.30,3.00,2.30,2.30,3.50,3.00,1-0,7.50,12-05-2025 16:10
1711460,Euro,2025-05-12,15:20,França,Geórgia,3,0,3,1.86,4.20,4.20,1.86,1.86,3.60,4.20,3-0,7.50,12-05-2025 16:10
1711466,Euro,2025-05-12,15:23,Portugal,Itália,0,1,1,3.00,2.40,3.00,2.40,2.40,3.40,3.00,0-1,7.50,12-05-2025 16:10
1711474,Euro,2025-05-12,15:26,Hungria,Croácia,2,1,3,2.62,2.70,2.70,2.62,2.62,3.40,2.70,2-1,8.00,12-05-2025 16:10
1711480,Euro,2025-05-12,15:29,Alemanha,Romênia,2,2,4,2.05,3.50,2.05,3.50,2.05,3.60,3.50,2-2,6.50,12-05-2025 16:10
1711488,Euro,2025-05-12,15:32,República Tcheca,Países Baixos,1,2,3,2.60,2.70,2.70,2.60,2.60,3.40,2.70,1-2,8.00,12-05-2025 16:10
1711495,Euro,2025-05-12,15:35,Escócia,Bélgica,2,0,2,2.55,2.70,2.55,2.70,2.70,3.50,2.55,2-0,7.00,12-05-2025 16:10
1711502,Euro,2025-05-12,15:38,França,Sérvia,2,2,4,2.15,3.40,2.15,3.40,2.15,3.50,3.40,2-2,8.00,12-05-2025 16:10
1711509,Euro,2025-05-12,15:41,Bélgica,Áustria,2,2,4,2.30,3.00,2.30,3.00,2.30,3.50,3.00,2-2,7.50,12-05-2025 16:10
1711516,Euro,2025-05-12,15:44,Inglaterra,Romênia,1,0,1,3.60,2.00,3.60,2.00,2.00,3.60,3.60,1-0,6.50,12-05-2025 16:10
1711522,Euro,2025-05-12,15:47,Geórgia,Áustria,3,3,6,2.90,2.45,2.90,2.45,2.90,3.30,2.45,3-3,8.50,12-05-2025 16:10
1711530,Euro,2025-05-12,15:50,Turquia,Portugal,1,0,1,2.62,2.70,2.62,2.70,2.70,3.30,2.62,1-0,8.50,12-05-2025 16:10
1711537,Euro,2025-05-12,15:53,Albânia,França,1,2,3,3.10,2.30,2.30,3.10,3.10,3.40,2.30,1-2,8.50,12-05-2025 16:10
1711544,Euro,2025-05-12,15:56,Suíça,Eslovênia,2,0,2,3.10,2.35,3.10,2.35,2.35,3.30,3.10,2-0,9.00,12-05-2025 16:10
1711551,Euro,2025-05-12,15:59,Turquia,Dinamarca,4,2,6,2.55,2.87,2.55,2.87,2.55,3.25,2.87,4-2,9.00,12-05-2025 16:10
1711278,Euro,2025-05-12,14:02,Sérvia,Eslovênia,1,1,2,3.25,2.35,3.25,2.35,2.35,3.10,3.25,1-1,11.00,12-05-2025 16:10
1711284,Euro,2025-05-12,14:05,Albânia,Croácia,0,1,1,2.62,2.75,2.62,2.75,2.75,3.25,2.62,0-1,9.00,12-05-2025 16:10
1711292,Euro,2025-05-12,14:08,Eslováquia,Romênia,2,2,4,2.60,2.70,2.60,2.70,2.60,3.50,2.70,2-2,7.00,12-05-2025 16:10
1711299,Euro,2025-05-12,14:11,Inglaterra,Escócia,1,1,2,3.50,2.07,3.50,2.07,2.07,3.60,3.50,1-1,7.00,12-05-2025 16:10
1711306,Euro,2025-05-12,14:14,Polônia,Hungria,2,1,3,2.55,2.87,2.87,2.55,2.55,3.25,2.87,2-1,9.00,12-05-2025 16:10
1711313,Euro,2025-05-12,14:17,Escócia,Croácia,1,3,4,2.60,2.62,2.60,2.62,2.60,3.50,2.62,1-3,7.50,12-05-2025 16:10
1711320,Euro,2025-05-12,14:20,Turquia,Inglaterra,0,1,1,2.45,2.90,2.45,2.90,2.90,3.40,2.45,0-1,7.50,12-05-2025 16:10
1711327,Euro,2025-05-12,14:23,Geórgia,Sérvia,0,2,2,2.50,2.90,2.50,2.90,2.90,3.25,2.50,0-2,9.00,12-05-2025 16:10
1711334,Euro,2025-05-12,14:26,Suíça,França,0,1,1,2.37,2.87,2.37,2.87,2.87,3.60,2.37,0-1,6.50,12-05-2025 16:10
1711341,Euro,2025-05-12,14:29,Sérvia,Romênia,1,0,1,3.10,2.30,3.10,2.30,2.30,3.40,3.10,1-0,8.00,12-05-2025 16:10
1711348,Euro,2025-05-12,14:32,Eslováquia,França,2,2,4,3.30,2.15,3.30,2.15,3.30,3.60,2.15,2-2,7.00,12-05-2025 16:10
1711354,Euro,2025-05-12,14:35,Áustria,Espanha,1,1,2,2.55,2.70,2.55,2.70,2.70,3.50,2.55,1-1,7.00,12-05-2025 16:10
1711362,Euro,2025-05-12,14:38,Ucrânia,Eslovênia,1,0,1,3.00,2.50,3.00,2.50,2.50,3.20,3.00,1-0,10.00,12-05-2025 16:10
1711369,Euro,2025-05-12,14:41,França,República Tcheca,0,1,1,3.60,2.07,3.60,2.07,2.07,3.40,3.60,0-1,8.00,12-05-2025 16:10
1711378,Euro,2025-05-12,14:44,Polônia,Bélgica,3,1,4,2.80,2.50,2.80,2.50,2.80,3.40,2.50,3-1,8.00,12-05-2025 16:10
1711383,Euro,2025-05-12,14:47,Escócia,República Tcheca,2,1,3,2.50,2.90,2.90,2.50,2.50,3.30,2.90,2-1,9.00,12-05-2025 16:10
1711390,Euro,2025-05-12,14:50,Alemanha,Polônia,3,2,5,2.07,3.60,2.07,3.60,2.07,3.40,3.60,3-2,8.00,12-05-2025 16:10
1711396,Euro,2025-05-12,14:53,Bélgica,Turquia,0,0,0,3.10,2.35,3.10,2.35,2.35,3.40,3.10,0-0,8.00,12-05-2025 16:10
1711404,Euro,2025-05-12,14:56,Suíça,Portugal,2,1,3,2.70,2.55,2.55,2.70,2.70,3.50,2.55,2-1,7.00,12-05-2025 16:10
1711411,Euro,2025-05-12,14:59,Geórgia,Hungria,2,0,2,2.55,2.80,2.55,2.80,2.80,3.30,2.55,2-0,8.50,12-05-2025 16:10
1712116,Copa,2025-05-12,20:01,Bélgica,Marrocos,1,0,1,3.60,2.05,3.60,2.05,2.05,3.50,3.60,1-0,8.00,12-05-2025 16:08
1712122,Copa,2025-05-12,20:04,Qatar,Austrália,0,0,0,2.87,2.40,2.87,2.40,2.40,3.50,2.87,0-0,7.00,12-05-2025 16:08
1712129,Copa,2025-05-12,20:07,Alemanha,Espanha,0,2,2,2.70,2.50,2.70,2.50,2.50,3.60,2.70,0-2,6.50,12-05-2025 16:08
1711976,Copa,2025-05-12,19:01,Tunísia,Países Baixos,0,2,2,2.30,3.10,2.30,3.10,3.10,3.50,2.30,0-2,7.50,12-05-2025 16:08
1711981,Copa,2025-05-12,19:04,País de Gales,Gana,1,2,3,2.45,2.90,2.90,2.45,2.45,3.40,2.90,1-2,8.00,12-05-2025 16:08
1711989,Copa,2025-05-12,19:07,Portugal,Marrocos,1,3,4,2.10,3.40,2.10,3.40,2.10,3.60,3.40,1-3,7.00,12-05-2025 16:08
1711997,Copa,2025-05-12,19:10,País de Gales,Coreia do Sul,0,2,2,3.00,2.37,3.00,2.37,2.37,3.40,3.00,0-2,8.50,12-05-2025 16:08
1712003,Copa,2025-05-12,19:13,Brasil,México,2,2,4,2.02,3.60,2.02,3.60,2.02,3.60,3.60,2-2,7.00,12-05-2025 16:08
1712012,Copa,2025-05-12,19:16,Coreia do Sul,Suíça,0,0,0,2.45,2.87,2.45,2.87,2.87,3.40,2.45,0-0,7.50,12-05-2025 16:08
1712019,Copa,2025-05-12,19:19,EUA,Marrocos,1,2,3,2.30,3.25,3.25,2.30,2.30,3.25,3.25,1-2,10.00,12-05-2025 16:08
1712028,Copa,2025-05-12,19:22,Qatar,Coreia do Sul,3,1,4,2.45,2.90,2.45,2.90,2.45,3.40,2.90,3-1,8.00,12-05-2025 16:08
1712032,Copa,2025-05-12,19:25,Inglaterra,Arábia Saudita,2,2,4,1.76,4.50,1.76,4.50,1.76,3.80,4.50,2-2,6.50,12-05-2025 16:08
1712038,Copa,2025-05-12,19:28,Uruguai,Austrália,0,0,0,3.40,2.10,3.40,2.10,2.10,3.60,3.40,0-0,7.00,12-05-2025 16:08
1712049,Copa,2025-05-12,19:31,França,Bélgica,1,0,1,3.00,2.30,3.00,2.30,2.30,3.50,3.00,1-0,7.50,12-05-2025 16:08
1712058,Copa,2025-05-12,19:37,Camarões,Coreia do Sul,2,0,2,2.87,2.40,2.87,2.40,2.40,3.50,2.87,2-0,7.00,12-05-2025 16:08
1712066,Copa,2025-05-12,19:40,EUA,Senegal,2,0,2,2.90,2.60,2.90,2.60,2.60,3.10,2.90,2-0,11.00,12-05-2025 16:08
1712072,Copa,2025-05-12,19:43,Coreia do Sul,Croácia,0,1,1,2.40,3.00,2.40,3.00,3.00,3.30,2.40,0-1,8.50,12-05-2025 16:08
1712080,Copa,2025-05-12,19:46,Uruguai,Canadá,0,0,0,3.50,2.10,3.50,2.10,2.10,3.50,3.50,0-0,7.50,12-05-2025 16:08
1712087,Copa,2025-05-12,19:49,Países Baixos,Polônia,0,0,0,3.20,2.25,3.20,2.25,2.25,3.40,3.20,0-0,7.50,12-05-2025 16:08
1712095,Copa,2025-05-12,19:52,Alemanha,México,1,2,3,2.20,3.30,3.30,2.20,2.20,3.50,3.30,1-2,7.50,12-05-2025 16:08
1712103,Copa,2025-05-12,19:55,Espanha,Camarões,1,1,2,3.80,1.90,3.80,1.90,1.90,3.75,3.80,1-1,6.50,12-05-2025 16:08
1712108,Copa,2025-05-12,19:58,Brasil,Canadá,1,0,1,4.33,1.83,4.33,1.83,1.83,3.75,4.33,1-0,7.00,12-05-2025 16:08
1711836,Copa,2025-05-12,18:01,Uruguai,Alemanha,2,2,4,2.70,2.55,2.70,2.55,2.70,3.50,2.55,2-2,7.00,12-05-2025 16:08
1711842,Copa,2025-05-12,18:04,País de Gales,Marrocos,0,1,1,2.80,2.50,2.80,2.50,2.50,3.30,2.80,0-1,8.50,12-05-2025 16:08
1711848,Copa,2025-05-12,18:07,Coreia do Sul,Equador,0,1,1,2.60,2.70,2.60,2.70,2.70,3.40,2.60,0-1,7.50,12-05-2025 16:08
1711857,Copa,2025-05-12,18:10,Sérvia,Suíça,0,1,1,2.87,2.55,2.87,2.55,2.55,3.25,2.87,0-1,9.00,12-05-2025 16:08
1711865,Copa,2025-05-12,18:13,Costa Rica,Inglaterra,1,4,5,3.50,2.05,3.50,2.05,3.50,3.60,2.05,1-4,7.00,12-05-2025 16:08
1711870,Copa,2025-05-12,18:16,Croácia,Dinamarca,1,0,1,2.90,2.45,2.90,2.45,2.45,3.40,2.90,1-0,8.00,12-05-2025 16:08
1711879,Copa,2025-05-12,18:19,França,Gana,2,2,4,1.90,4.00,1.90,4.00,1.90,3.60,4.00,2-2,7.00,12-05-2025 16:08
1711884,Copa,2025-05-12,18:22,Portugal,Croácia,0,1,1,3.00,2.40,3.00,2.40,2.40,3.40,3.00,0-1,7.50,12-05-2025 16:08
1711891,Copa,2025-05-12,18:25,Brasil,Uruguai,1,0,1,3.50,2.07,3.50,2.07,2.07,3.60,3.50,1-0,7.00,12-05-2025 16:08
1711899,Copa,2025-05-12,18:28,Suíça,Japão,0,0,0,3.25,2.25,3.25,2.25,2.25,3.40,3.25,0-0,8.50,12-05-2025 16:08
1711907,Copa,2025-05-12,18:31,Croácia,Austrália,2,1,3,2.05,3.60,3.60,2.05,2.05,3.50,3.60,2-1,8.00,12-05-2025 16:08
1711912,Copa,2025-05-12,18:34,Suíça,Bélgica,0,1,1,2.60,2.70,2.60,2.70,2.70,3.40,2.60,0-1,7.50,12-05-2025 16:08
1711919,Copa,2025-05-12,18:37,Sérvia,Arábia Saudita,1,0,1,3.75,2.05,3.75,2.05,2.05,3.40,3.75,1-0,8.50,12-05-2025 16:08
1711927,Copa,2025-05-12,18:40,Qatar,França,0,1,1,2.10,3.40,2.10,3.40,3.40,3.50,2.10,0-1,7.00,12-05-2025 16:08
1711933,Copa,2025-05-12,18:43,Arábia Saudita,Marrocos,2,0,2,2.50,2.75,2.50,2.75,2.75,3.50,2.50,2-0,7.00,12-05-2025 16:08
1711941,Copa,2025-05-12,18:46,EUA,Alemanha,2,0,2,2.55,2.80,2.55,2.80,2.80,3.30,2.55,2-0,8.50,12-05-2025 16:08
1711947,Copa,2025-05-12,18:49,Croácia,Coreia do Sul,0,0,0,3.75,2.05,3.75,2.05,2.05,3.40,3.75,0-0,9.00,12-05-2025 16:08
1711954,Copa,2025-05-12,18:52,Países Baixos,País de Gales,1,1,2,3.60,2.05,3.60,2.05,2.05,3.50,3.60,1-1,8.00,12-05-2025 16:08
1711965,Copa,2025-05-12,18:55,Brasil,Irã,0,0,0,4.75,1.72,4.75,1.72,1.72,3.80,4.75,0-0,6.50,12-05-2025 16:08
1711970,Copa,2025-05-12,18:58,Austrália,Canadá,0,2,2,2.87,2.40,2.87,2.40,2.40,3.50,2.87,0-2,7.00,12-05-2025 16:08
1711694,Copa,2025-05-12,17:01,Irã,Qatar,2,0,2,2.70,2.60,2.70,2.60,2.60,3.50,2.70,2-0,7.00,12-05-2025 16:08
1711702,Copa,2025-05-12,17:04,Espanha,Japão,1,1,2,3.75,2.02,3.75,2.02,2.02,3.50,3.75,1-1,7.50,12-05-2025 16:08
1711709,Copa,2025-05-12,17:07,Sérvia,Inglaterra,1,2,3,3.00,2.40,2.40,3.00,3.00,3.30,2.40,1-2,8.50,12-05-2025 16:08
1711717,Copa,2025-05-12,17:10,Equador,Gana,2,1,3,2.30,3.10,3.10,2.30,2.30,3.50,3.10,2-1,7.00,12-05-2025 16:08
1711723,Copa,2025-05-12,17:13,Argentina,Inglaterra,3,1,4,2.55,2.70,2.55,2.70,2.55,3.50,2.70,3-1,7.00,12-05-2025 16:08
1711730,Copa,2025-05-12,17:16,Sérvia,Dinamarca,1,2,3,2.62,2.75,2.75,2.62,2.62,3.30,2.75,1-2,8.50,12-05-2025 16:08
1711737,Copa,2025-05-12,17:19,País de Gales,Portugal,1,1,2,2.35,3.00,2.35,3.00,3.00,3.50,2.35,1-1,7.00,12-05-2025 16:08
1711744,Copa,2025-05-12,17:22,Gana,Austrália,0,2,2,2.90,2.35,2.90,2.35,2.35,3.50,2.90,0-2,7.00,12-05-2025 16:08
1711753,Copa,2025-05-12,17:25,País de Gales,Costa Rica,1,0,1,3.10,2.30,3.10,2.30,2.30,3.40,3.10,1-0,8.00,12-05-2025 16:08
1711758,Copa,2025-05-12,17:28,Senegal,Tunísia,0,1,1,3.60,2.10,3.60,2.10,2.10,3.30,3.60,0-1,9.00,12-05-2025 16:08
1711766,Copa,2025-05-12,17:31,Coreia do Sul,Portugal,1,1,2,2.30,3.00,2.30,3.00,3.00,3.50,2.30,1-1,7.00,12-05-2025 16:08
1711773,Copa,2025-05-12,17:34,Espanha,Alemanha,2,0,2,2.87,2.37,2.87,2.37,2.37,3.60,2.87,2-0,6.50,12-05-2025 16:08
1711779,Copa,2025-05-12,17:37,Marrocos,Países Baixos,3,1,4,2.87,2.45,2.87,2.45,2.87,3.40,2.45,3-1,7.50,12-05-2025 16:08
1711788,Copa,2025-05-12,17:40,Suíça,Croácia,3,2,5,2.55,2.80,2.55,2.80,2.55,3.30,2.80,3-2,8.50,12-05-2025 16:08
1711793,Copa,2025-05-12,17:43,Gana,Polônia,2,0,2,2.60,2.70,2.60,2.70,2.70,3.40,2.60,2-0,7.50,12-05-2025 16:08
1711800,Copa,2025-05-12,17:46,Suíça,Camarões,1,1,2,3.40,2.10,3.40,2.10,2.10,3.60,3.40,1-1,7.00,12-05-2025 16:08
1711809,Copa,2025-05-12,17:49,México,Espanha,0,0,0,2.40,2.87,2.40,2.87,2.87,3.50,2.40,0-0,7.00,12-05-2025 16:08
1711813,Copa,2025-05-12,17:52,Bélgica,Dinamarca,2,0,2,3.00,2.30,3.00,2.30,2.30,3.50,3.00,2-0,7.50,12-05-2025 16:08
1711821,Copa,2025-05-12,17:55,Tunísia,Qatar,0,2,2,2.90,2.45,2.90,2.45,2.45,3.40,2.90,0-2,8.00,12-05-2025 16:08
1711827,Copa,2025-05-12,17:58,Coreia do Sul,Bélgica,2,3,5,3.25,2.25,3.25,2.25,3.25,3.40,2.25,2-3,8.00,12-05-2025 16:08
1711556,Copa,2025-05-12,16:01,Bélgica,França,2,3,5,2.62,2.62,2.62,2.62,2.62,3.50,2.62,2-3,7.50,12-05-2025 16:08
1711564,Copa,2025-05-12,16:04,Espanha,Sérvia,0,1,1,3.50,2.15,3.50,2.15,2.15,3.40,3.50,0-1,8.50,12-05-2025 16:08
1711568,Copa,2025-05-12,16:07,Polônia,Bélgica,2,3,5,2.80,2.50,2.80,2.50,2.80,3.40,2.50,2-3,8.00,12-05-2025 16:08
1711575,Copa,2025-05-12,16:10,EUA,Canadá,2,1,3,2.20,3.50,3.50,2.20,2.20,3.25,3.50,2-1,10.00,12-05-2025 16:08
1711583,Copa,2025-05-12,16:13,Sérvia,Argentina,0,2,2,2.50,2.90,2.50,2.90,2.90,3.25,2.50,0-2,9.00,12-05-2025 16:08
1711590,Copa,2025-05-12,16:16,Senegal,Suíça,4,0,4,2.45,2.90,2.45,2.90,2.45,3.30,2.90,4-0,8.50,12-05-2025 16:08
1711597,Copa,2025-05-12,16:19,Austrália,México,1,1,2,2.50,2.75,2.50,2.75,2.75,3.50,2.50,1-1,7.00,12-05-2025 16:08
1711606,Copa,2025-05-12,16:22,França,Equador,0,0,0,3.60,2.00,3.60,2.00,2.00,3.60,3.60,0-0,7.00,12-05-2025 16:08
1711612,Copa,2025-05-12,16:25,Espanha,Irã,3,2,5,1.80,4.20,1.80,4.20,1.80,3.80,4.20,3-2,6.50,12-05-2025 16:08
1711619,Copa,2025-05-12,16:28,País de Gales,Uruguai,0,0,0,2.55,2.80,2.55,2.80,2.80,3.40,2.55,0-0,8.00,12-05-2025 16:08
1711625,Copa,2025-05-12,16:31,Arábia Saudita,Austrália,1,1,2,2.62,2.55,2.62,2.55,2.55,3.60,2.62,1-1,6.50,12-05-2025 16:08
1711636,Copa,2025-05-12,16:34,Inglaterra,Uruguai,1,4,5,2.10,3.40,2.10,3.40,2.10,3.60,3.40,1-4,7.00,12-05-2025 16:08
1711640,Copa,2025-05-12,16:37,Polônia,França,4,1,5,3.00,2.35,3.00,2.35,3.00,3.50,2.35,4-1,7.00,12-05-2025 16:08
1711648,Copa,2025-05-12,16:40,Canadá,Senegal,3,1,4,2.90,2.50,2.90,2.50,2.90,3.25,2.50,3-1,9.00,12-05-2025 16:08
1711653,Copa,2025-05-12,16:43,Marrocos,País de Gales,0,1,1,3.00,2.37,3.00,2.37,2.37,3.40,3.00,0-1,8.50,12-05-2025 16:08
1711660,Copa,2025-05-12,16:46,Gana,Dinamarca,2,1,3,2.87,2.40,2.40,2.87,2.87,3.50,2.40,2-1,7.00,12-05-2025 16:08
1711668,Copa,2025-05-12,16:49,Camarões,Costa Rica,2,2,4,2.35,2.90,2.35,2.90,2.35,3.50,2.90,2-2,7.00,12-05-2025 16:08
1711676,Copa,2025-05-12,16:52,Croácia,Tunísia,1,0,1,3.75,2.05,3.75,2.05,2.05,3.40,3.75,1-0,9.00,12-05-2025 16:08
1711682,Copa,2025-05-12,16:55,Alemanha,Equador,0,0,0,3.40,2.10,3.40,2.10,2.10,3.60,3.40,0-0,7.00,12-05-2025 16:08
1711690,Copa,2025-05-12,16:58,Costa Rica,Uruguai,0,0,0,2.35,3.00,2.35,3.00,3.00,3.50,2.35,0-0,7.00,12-05-2025 16:08
1711416,Copa,2025-05-12,15:01,Países Baixos,EUA,1,1,2,3.30,2.25,3.30,2.25,2.25,3.25,3.30,1-1,9.00,12-05-2025 16:08
1711422,Copa,2025-05-12,15:04,Arábia Saudita,Dinamarca,0,1,1,2.20,3.10,2.20,3.10,3.10,3.60,2.20,0-1,6.50,12-05-2025 16:08
1711430,Copa,2025-05-12,15:07,Espanha,EUA,3,0,3,2.15,3.50,3.50,2.15,2.15,3.40,3.50,3-0,8.50,12-05-2025 16:08
1711440,Copa,2025-05-12,15:10,Argentina,Dinamarca,0,0,0,3.10,2.25,3.10,2.25,2.25,3.50,3.10,0-0,7.00,12-05-2025 16:08
1711443,Copa,2025-05-12,15:13,Tunísia,Costa Rica,3,3,6,2.35,3.00,2.35,3.00,2.35,3.40,3.00,3-3,7.50,12-05-2025 16:08
1711452,Copa,2025-05-12,15:16,Suíça,Senegal,0,1,1,2.90,2.50,2.90,2.50,2.50,3.30,2.90,0-1,9.00,12-05-2025 16:08
1711457,Copa,2025-05-12,15:19,Inglaterra,Canadá,2,0,2,4.20,1.85,4.20,1.85,1.85,3.60,4.20,2-0,7.50,12-05-2025 16:08
1711468,Copa,2025-05-12,15:22,Sérvia,Coreia do Sul,0,2,2,3.50,2.20,3.50,2.20,2.20,3.25,3.50,0-2,10.00,12-05-2025 16:08
1711473,Copa,2025-05-12,15:25,Austrália,Alemanha,1,2,3,3.20,2.20,2.20,3.20,3.20,3.60,2.20,1-2,6.50,12-05-2025 16:08
1711482,Copa,2025-05-12,15:28,Argentina,Japão,4,0,4,2.02,3.80,2.02,3.80,2.02,3.40,3.80,4-0,8.50,12-05-2025 16:08
1711485,Copa,2025-05-12,15:31,Suíça,França,4,2,6,2.87,2.40,2.87,2.40,2.87,3.50,2.40,4-2,7.00,12-05-2025 16:08
1711492,Copa,2025-05-12,15:34,Equador,Irã,0,3,3,2.10,3.40,3.40,2.10,2.10,3.60,3.40,0-3,7.00,12-05-2025 16:08
1711500,Copa,2025-05-12,15:37,Brasil,Qatar,1,1,2,4.33,1.83,4.33,1.83,1.83,3.75,4.33,1-1,7.00,12-05-2025 16:08
1711507,Copa,2025-05-12,15:40,Canadá,Argentina,0,4,4,3.30,2.15,3.30,2.15,3.30,3.50,2.15,0-4,7.50,12-05-2025 16:08
1711513,Copa,2025-05-12,15:43,Sérvia,Camarões,1,0,1,3.40,2.15,3.40,2.15,2.15,3.40,3.40,1-0,8.50,12-05-2025 16:08
1711520,Copa,2025-05-12,15:46,Dinamarca,Inglaterra,1,2,3,2.75,2.45,2.45,2.75,2.75,3.50,2.45,1-2,6.50,12-05-2025 16:08
1711529,Copa,2025-05-12,15:49,Canadá,Brasil,0,0,0,2.05,3.50,2.05,3.50,3.50,3.60,2.05,0-0,7.00,12-05-2025 16:08
1711534,Copa,2025-05-12,15:52,Inglaterra,Polônia,0,2,2,3.50,2.07,3.50,2.07,2.07,3.50,3.50,0-2,7.50,12-05-2025 16:08
1711540,Copa,2025-05-12,15:55,País de Gales,Sérvia,3,0,3,2.75,2.70,2.70,2.75,2.75,3.20,2.70,3-0,10.00,12-05-2025 16:08
1711550,Copa,2025-05-12,15:58,México,Dinamarca,1,3,4,2.60,2.70,2.60,2.70,2.60,3.50,2.70,1-3,7.00,12-05-2025 16:08
1711275,Copa,2025-05-12,14:01,Costa Rica,França,1,1,2,2.05,3.50,2.05,3.50,3.50,3.60,2.05,1-1,7.00,12-05-2025 16:08
1711286,Copa,2025-05-12,14:04,Equador,Espanha,1,0,1,2.35,2.90,2.35,2.90,2.90,3.60,2.35,1-0,6.50,12-05-2025 16:08
1711289,Copa,2025-05-12,14:07,Portugal,Polônia,1,3,4,2.25,3.10,2.25,3.10,2.25,3.50,3.10,1-3,7.00,12-05-2025 16:08
1711296,Copa,2025-05-12,14:10,Países Baixos,Alemanha,0,0,0,2.75,2.50,2.75,2.50,2.50,3.50,2.75,0-0,7.00,12-05-2025 16:08
1711304,Copa,2025-05-12,14:13,Coreia do Sul,Senegal,1,3,4,2.90,2.50,2.90,2.50,2.90,3.25,2.50,1-3,9.00,12-05-2025 16:08
1711312,Copa,2025-05-12,14:16,Espanha,Inglaterra,2,2,4,2.50,2.70,2.50,2.70,2.50,3.60,2.70,2-2,6.50,12-05-2025 16:08
1711316,Copa,2025-05-12,14:19,Qatar,México,0,4,4,2.80,2.55,2.80,2.55,2.80,3.40,2.55,0-4,8.00,12-05-2025 16:08
1711324,Copa,2025-05-12,14:22,Espanha,Coreia do Sul,2,0,2,4.00,1.90,4.00,1.90,1.90,3.60,4.00,2-0,7.00,12-05-2025 16:08
1711331,Copa,2025-05-12,14:25,Austrália,Bélgica,2,2,4,3.20,2.20,3.20,2.20,3.20,3.50,2.20,2-2,7.00,12-05-2025 16:08
1711338,Copa,2025-05-12,14:28,Canadá,Alemanha,1,2,3,3.20,2.20,2.20,3.20,3.20,3.50,2.20,1-2,7.00,12-05-2025 16:08
1711346,Copa,2025-05-12,14:31,Marrocos,Tunísia,4,1,5,2.30,3.10,2.30,3.10,2.30,3.40,3.10,4-1,8.00,12-05-2025 16:08
1711353,Copa,2025-05-12,14:34,Costa Rica,Austrália,0,1,1,2.75,2.50,2.75,2.50,2.50,3.50,2.75,0-1,7.00,12-05-2025 16:08
1711359,Copa,2025-05-12,14:37,Croácia,Argentina,3,3,6,2.70,2.62,2.70,2.62,2.70,3.30,2.62,3-3,8.50,12-05-2025 16:08
1711368,Copa,2025-05-12,14:40,Inglaterra,Japão,2,2,4,1.95,4.00,1.95,4.00,1.95,3.50,4.00,2-2,8.00,12-05-2025 16:08
1711373,Copa,2025-05-12,14:43,EUA,Tunísia,2,1,3,2.20,3.50,3.50,2.20,2.20,3.25,3.50,2-1,10.00,12-05-2025 16:08
1711380,Copa,2025-05-12,14:46,Brasil,Senegal,1,0,1,3.60,2.07,3.60,2.07,2.07,3.40,3.60,1-0,8.00,12-05-2025 16:08
1711388,Copa,2025-05-12,14:49,Bélgica,Irã,1,3,4,1.85,4.20,1.85,4.20,1.85,3.60,4.20,1-3,7.50,12-05-2025 16:08
1711395,Copa,2025-05-12,14:52,Japão,Costa Rica,3,1,4,2.20,3.30,2.20,3.30,2.20,3.40,3.30,3-1,8.50,12-05-2025 16:08
1711403,Copa,2025-05-12,14:55,EUA,Polônia,1,2,3,2.45,3.00,3.00,2.45,2.45,3.20,3.00,1-2,10.00,12-05-2025 16:08
1711408,Copa,2025-05-12,14:58,Portugal,Equador,0,1,1,3.25,2.15,3.25,2.15,2.15,3.60,3.25,0-1,6.50,12-05-2025 16:08
1712113,Premier,2025-05-12,20:00,Palace,United,0,0,0,2.20,3.20,2.20,3.20,3.20,3.50,2.20,0-0,7.00,12-05-2025 16:07
1712120,Premier,2025-05-12,20:03,City,Wolverhampton,0,1,1,3.40,2.05,3.40,2.05,2.05,3.75,3.40,0-1,6.00,12-05-2025 16:07
1712127,Premier,2025-05-12,20:06,Newcastle,Brighton,0,1,1,3.00,2.25,3.00,2.25,2.25,3.60,3.00,0-1,6.00,12-05-2025 16:07
1711973,Premier,2025-05-12,19:00,Brentford,Islington,1,2,3,3.10,2.30,2.30,3.10,3.10,3.50,2.30,1-2,7.50,12-05-2025 16:07
1711983,Premier,2025-05-12,19:03,West Ham,Burnley,0,2,2,3.30,2.20,3.30,2.20,2.20,3.40,3.30,0-2,8.50,12-05-2025 16:07
1711987,Premier,2025-05-12,19:06,Palace,Wolverhampton,1,2,3,2.75,2.50,2.50,2.75,2.75,3.50,2.50,1-2,6.50,12-05-2025 16:07
1711994,Premier,2025-05-12,19:09,United,Everton,2,1,3,2.10,3.40,3.40,2.10,2.10,3.60,3.40,2-1,7.00,12-05-2025 16:07
1712001,Premier,2025-05-12,19:12,Wolverhampton,Brentford,4,3,7,2.10,3.40,2.10,3.40,2.10,3.60,3.40,4-3,7.00,12-05-2025 16:07
1712008,Premier,2025-05-12,19:15,Leicester,Aston,2,1,3,2.25,3.25,3.25,2.25,2.25,3.40,3.25,2-1,8.50,12-05-2025 16:07
1712017,Premier,2025-05-12,19:18,Islington,Palace,3,1,4,2.05,3.60,2.05,3.60,2.05,3.50,3.60,3-1,7.50,12-05-2025 16:07
1712021,Premier,2025-05-12,19:21,Watford,Wolverhampton,2,0,2,2.40,2.80,2.40,2.80,2.80,3.50,2.40,2-0,7.00,12-05-2025 16:07
1712030,Premier,2025-05-12,19:24,Everton,Leicester,0,1,1,2.87,2.45,2.87,2.45,2.45,3.50,2.87,0-1,7.50,12-05-2025 16:07
1712035,Premier,2025-05-12,19:27,Burnley,Brighton,1,1,2,2.90,2.35,2.90,2.35,2.35,3.60,2.90,1-1,6.50,12-05-2025 16:07
1712043,Premier,2025-05-12,19:30,Leeds,Aston,0,2,2,3.25,2.30,3.25,2.30,2.30,3.25,3.25,0-2,10.00,12-05-2025 16:07
1712050,Premier,2025-05-12,19:33,Everton,Brentford,1,1,2,3.30,2.15,3.30,2.15,2.15,3.50,3.30,1-1,7.50,12-05-2025 16:07
1712060,Premier,2025-05-12,19:36,Newcastle,Southampton,3,3,6,2.60,2.70,2.60,2.70,2.60,3.50,2.70,3-3,7.00,12-05-2025 16:07
1712064,Premier,2025-05-12,19:39,Leeds,Everton,1,1,2,2.80,2.50,2.80,2.50,2.50,3.30,2.80,1-1,8.50,12-05-2025 16:07
1712081,Premier,2025-05-12,19:45,Aston,Islington,0,2,2,2.37,3.00,2.37,3.00,3.00,3.40,2.37,0-2,8.00,12-05-2025 16:07
1712084,Premier,2025-05-12,19:48,City,Everton,3,2,5,2.00,3.60,2.00,3.60,2.00,3.60,3.60,3-2,6.50,12-05-2025 16:07
1712092,Premier,2025-05-12,19:51,Chelsea,Tottenham,2,0,2,3.00,2.40,3.00,2.40,2.40,3.30,3.00,2-0,8.50,12-05-2025 16:07
1712101,Premier,2025-05-12,19:54,Everton,West Ham,0,3,3,2.40,3.00,3.00,2.40,2.40,3.30,3.00,0-3,8.50,12-05-2025 16:07
1712105,Premier,2025-05-12,19:57,Watford,Leeds,1,1,2,2.62,2.75,2.62,2.75,2.75,3.25,2.62,1-1,9.00,12-05-2025 16:07
1711835,Premier,2025-05-12,18:00,Aston,Southampton,1,0,1,2.75,2.62,2.75,2.62,2.62,3.30,2.75,1-0,8.50,12-05-2025 16:07
1711840,Premier,2025-05-12,18:03,Leicester,City,2,2,4,3.10,2.25,3.10,2.25,3.10,3.50,2.25,2-2,7.00,12-05-2025 16:07
1711850,Premier,2025-05-12,18:06,Islington,Everton,0,3,3,2.25,3.10,3.10,2.25,2.25,3.50,3.10,0-3,7.00,12-05-2025 16:07
1711854,Premier,2025-05-12,18:09,Wolverhampton,Palace,3,2,5,2.15,3.25,2.15,3.25,2.15,3.60,3.25,3-2,6.50,12-05-2025 16:07
1711861,Premier,2025-05-12,18:12,Liverpool,Brighton,1,0,1,3.80,1.95,3.80,1.95,1.95,3.75,3.80,1-0,6.50,12-05-2025 16:07
1711868,Premier,2025-05-12,18:15,United,Chelsea,1,0,1,3.00,2.30,3.00,2.30,2.30,3.50,3.00,1-0,7.50,12-05-2025 16:07
1711875,Premier,2025-05-12,18:18,Wolverhampton,Leeds,0,0,0,3.10,2.30,3.10,2.30,2.30,3.40,3.10,0-0,8.00,12-05-2025 16:07
1711882,Premier,2025-05-12,18:21,United,Islington,0,4,4,2.30,3.00,2.30,3.00,2.30,3.50,3.00,0-4,7.50,12-05-2025 16:07
1711889,Premier,2025-05-12,18:24,Leicester,Southampton,0,0,0,3.00,2.37,3.00,2.37,2.37,3.30,3.00,0-0,8.50,12-05-2025 16:07
1711896,Premier,2025-05-12,18:27,United,Norwich,1,0,1,4.20,1.85,4.20,1.85,1.85,3.60,4.20,1-0,7.50,12-05-2025 16:07
1711903,Premier,2025-05-12,18:30,Southampton,Aston,2,1,3,2.30,3.20,3.20,2.30,2.30,3.30,3.20,2-1,8.50,12-05-2025 16:07
1711910,Premier,2025-05-12,18:33,Palace,Chelsea,0,0,0,2.35,3.00,2.35,3.00,3.00,3.50,2.35,0-0,7.00,12-05-2025 16:07
1711917,Premier,2025-05-12,18:36,Brentford,Brighton,1,3,4,2.35,3.00,2.35,3.00,2.35,3.50,3.00,1-3,7.00,12-05-2025 16:07
1711924,Premier,2025-05-12,18:39,Watford,Liverpool,1,1,2,2.30,3.10,2.30,3.10,3.10,3.50,2.30,1-1,7.50,12-05-2025 16:07
1711931,Premier,2025-05-12,18:42,Tottenham,Burnley,0,0,0,3.60,2.05,3.60,2.05,2.05,3.50,3.60,0-0,8.00,12-05-2025 16:07
1711940,Premier,2025-05-12,18:45,Aston,Newcastle,1,0,1,2.87,2.40,2.87,2.40,2.40,3.50,2.87,1-0,7.00,12-05-2025 16:07
1711945,Premier,2025-05-12,18:48,Leicester,West Ham,0,2,2,3.10,2.40,3.10,2.40,2.40,3.25,3.10,0-2,9.00,12-05-2025 16:07
1711952,Premier,2025-05-12,18:51,Aston,Norwich,1,1,2,3.10,2.30,3.10,2.30,2.30,3.40,3.10,1-1,8.00,12-05-2025 16:07
1711959,Premier,2025-05-12,18:54,Newcastle,Brentford,1,1,2,2.90,2.35,2.90,2.35,2.35,3.50,2.90,1-1,7.00,12-05-2025 16:07
1711966,Premier,2025-05-12,18:57,Norwich,Brighton,1,1,2,2.87,2.40,2.87,2.40,2.40,3.60,2.87,1-1,6.50,12-05-2025 16:07
1711696,Premier,2025-05-12,17:00,Burnley,Tottenham,0,3,3,3.00,2.37,2.37,3.00,3.00,3.40,2.37,0-3,8.00,12-05-2025 16:07
1711700,Premier,2025-05-12,17:03,City,Brentford,0,1,1,4.33,1.83,4.33,1.83,1.83,3.75,4.33,0-1,7.00,12-05-2025 16:07
1711707,Premier,2025-05-12,17:06,Southampton,Newcastle,0,1,1,3.10,2.30,3.10,2.30,2.30,3.50,3.10,0-1,7.00,12-05-2025 16:07
1711714,Premier,2025-05-12,17:09,Liverpool,Palace,1,0,1,3.60,2.05,3.60,2.05,2.05,3.50,3.60,1-0,7.50,12-05-2025 16:07
1711722,Premier,2025-05-12,17:12,Newcastle,City,0,1,1,2.07,3.40,2.07,3.40,3.40,3.75,2.07,0-1,6.00,12-05-2025 16:07
1711728,Premier,2025-05-12,17:15,Chelsea,Palace,2,2,4,2.05,3.60,2.05,3.60,2.05,3.50,3.60,2-2,7.50,12-05-2025 16:07
1711736,Premier,2025-05-12,17:18,Tottenham,Wolverhampton,0,1,1,3.00,2.37,3.00,2.37,2.37,3.40,3.00,0-1,7.50,12-05-2025 16:07
1711747,Premier,2025-05-12,17:21,Watford,City,2,1,3,3.50,2.05,2.05,3.50,3.50,3.60,2.05,2-1,7.00,12-05-2025 16:07
1711748,Premier,2025-05-12,17:24,Islington,Leeds,3,0,3,2.20,3.40,3.40,2.20,2.20,3.30,3.40,3-0,9.00,12-05-2025 16:07
1711756,Premier,2025-05-12,17:27,West Ham,Leicester,3,1,4,2.55,2.87,2.55,2.87,2.55,3.25,2.87,3-1,9.00,12-05-2025 16:07
1711763,Premier,2025-05-12,17:30,Palace,Liverpool,2,2,4,3.00,2.35,3.00,2.35,3.00,3.50,2.35,2-2,7.00,12-05-2025 16:07
1711772,Premier,2025-05-12,17:33,Tottenham,Aston,2,1,3,2.10,3.60,3.60,2.10,2.10,3.30,3.60,2-1,9.00,12-05-2025 16:07
1711776,Premier,2025-05-12,17:36,Everton,Brighton,2,2,4,2.10,3.40,2.10,3.40,2.10,3.60,3.40,2-2,6.50,12-05-2025 16:07
1711786,Premier,2025-05-12,17:39,Burnley,Leicester,1,1,2,2.50,2.75,2.50,2.75,2.75,3.50,2.50,1-1,7.00,12-05-2025 16:07
1711791,Premier,2025-05-12,17:42,Tottenham,City,0,2,2,2.45,2.90,2.45,2.90,2.90,3.40,2.45,0-2,7.50,12-05-2025 16:07
1711798,Premier,2025-05-12,17:45,Islington,Brighton,1,0,1,3.80,1.95,3.80,1.95,1.95,3.75,3.80,1-0,6.50,12-05-2025 16:07
1711807,Premier,2025-05-12,17:48,Burnley,Everton,0,0,0,2.50,2.75,2.50,2.75,2.75,3.50,2.50,0-0,6.50,12-05-2025 16:07
1711814,Premier,2025-05-12,17:51,Brentford,Chelsea,1,0,1,2.30,3.10,2.30,3.10,3.10,3.50,2.30,1-0,7.50,12-05-2025 16:07
1711819,Premier,2025-05-12,17:54,Islington,Norwich,2,1,3,1.95,3.80,3.80,1.95,1.95,3.60,3.80,2-1,7.50,12-05-2025 16:07
1711828,Premier,2025-05-12,17:57,Chelsea,West Ham,2,1,3,2.20,3.40,3.40,2.20,2.20,3.30,3.40,2-1,9.00,12-05-2025 16:07
1711553,Premier,2025-05-12,16:00,Palace,Islington,4,3,7,3.00,2.35,3.00,2.35,3.00,3.50,2.35,4-3,7.00,12-05-2025 16:07
1711560,Premier,2025-05-12,16:03,Aston,Chelsea,0,2,2,2.37,3.00,2.37,3.00,3.00,3.40,2.37,0-2,8.00,12-05-2025 16:07
1711567,Premier,2025-05-12,16:06,Wolverhampton,West Ham,1,2,3,2.30,3.10,3.10,2.30,2.30,3.40,3.10,1-2,8.00,12-05-2025 16:07
1711577,Premier,2025-05-12,16:09,Norwich,Aston,1,1,2,2.70,2.60,2.70,2.60,2.60,3.40,2.70,1-1,8.00,12-05-2025 16:07
1711581,Premier,2025-05-12,16:12,Tottenham,United,3,0,3,2.70,2.62,2.62,2.70,2.70,3.30,2.62,3-0,8.50,12-05-2025 16:07
1711588,Premier,2025-05-12,16:15,West Ham,Aston,4,1,5,2.30,3.25,2.30,3.25,2.30,3.25,3.25,4-1,10.00,12-05-2025 16:07
1711595,Premier,2025-05-12,16:18,Norwich,Liverpool,1,0,1,2.20,3.20,2.20,3.20,3.20,3.50,2.20,1-0,7.00,12-05-2025 16:07
1711602,Premier,2025-05-12,16:21,Wolverhampton,Leicester,1,0,1,2.90,2.37,2.90,2.37,2.37,3.50,2.90,1-0,7.00,12-05-2025 16:07
1711609,Premier,2025-05-12,16:24,Palace,Brentford,1,1,2,3.00,2.35,3.00,2.35,2.35,3.40,3.00,1-1,7.50,12-05-2025 16:07
1711617,Premier,2025-05-12,16:27,Wolverhampton,United,1,0,1,2.45,2.75,2.45,2.75,2.75,3.50,2.45,1-0,6.50,12-05-2025 16:07
1711623,Premier,2025-05-12,16:30,Aston,Leicester,2,4,6,2.70,2.62,2.70,2.62,2.70,3.30,2.62,2-4,8.50,12-05-2025 16:07
1711630,Premier,2025-05-12,16:33,Chelsea,Southampton,1,4,5,2.20,3.30,2.20,3.30,2.20,3.40,3.30,1-4,8.00,12-05-2025 16:07
1711638,Premier,2025-05-12,16:36,Norwich,Newcastle,2,0,2,2.62,2.55,2.62,2.55,2.55,3.60,2.62,2-0,6.50,12-05-2025 16:07
1711644,Premier,2025-05-12,16:39,Liverpool,Wolverhampton,2,0,2,3.00,2.30,3.00,2.30,2.30,3.60,3.00,2-0,6.50,12-05-2025 16:07
1711651,Premier,2025-05-12,16:42,Watford,United,2,0,2,2.15,3.30,2.15,3.30,3.30,3.50,2.15,2-0,7.50,12-05-2025 16:07
1711658,Premier,2025-05-12,16:45,Chelsea,Brentford,3,1,4,2.00,3.75,2.00,3.75,2.00,3.50,3.75,3-1,7.50,12-05-2025 16:07
1711674,Premier,2025-05-12,16:51,Watford,Burnley,1,2,3,2.40,2.87,2.87,2.40,2.40,3.50,2.87,1-2,7.00,12-05-2025 16:07
1711679,Premier,2025-05-12,16:54,West Ham,Norwich,1,1,2,3.40,2.15,3.40,2.15,2.15,3.40,3.40,1-1,8.50,12-05-2025 16:07
1711685,Premier,2025-05-12,16:57,Leeds,Watford,0,1,1,3.30,2.25,3.30,2.25,2.25,3.30,3.30,0-1,9.00,12-05-2025 16:07
1711413,Premier,2025-05-12,15:00,City,Newcastle,1,1,2,4.00,1.86,4.00,1.86,1.86,3.80,4.00,1-1,6.00,12-05-2025 16:07
1711420,Premier,2025-05-12,15:03,Aston,United,0,1,1,2.25,3.25,2.25,3.25,3.25,3.40,2.25,0-1,8.00,12-05-2025 16:07
1711427,Premier,2025-05-12,15:06,Newcastle,Leeds,1,0,1,2.70,2.62,2.70,2.62,2.62,3.40,2.70,1-0,8.00,12-05-2025 16:07
1711434,Premier,2025-05-12,15:09,Everton,Wolverhampton,2,0,2,2.70,2.50,2.70,2.50,2.50,3.60,2.70,2-0,6.50,12-05-2025 16:07
1711441,Premier,2025-05-12,15:12,Islington,Brentford,1,1,2,3.75,2.00,3.75,2.00,2.00,3.50,3.75,1-1,7.50,12-05-2025 16:07
1711448,Premier,2025-05-12,15:15,West Ham,Brighton,1,0,1,3.40,2.15,3.40,2.15,2.15,3.40,3.40,1-0,8.00,12-05-2025 16:07
1711455,Premier,2025-05-12,15:18,Burnley,Norwich,1,1,2,2.90,2.35,2.90,2.35,2.35,3.50,2.90,1-1,7.00,12-05-2025 16:07
1711462,Premier,2025-05-12,15:21,Tottenham,Southampton,0,0,0,3.30,2.25,3.30,2.25,2.25,3.30,3.30,0-0,9.00,12-05-2025 16:07
1711469,Premier,2025-05-12,15:24,Liverpool,Chelsea,0,3,3,2.45,2.80,2.80,2.45,2.45,3.50,2.80,0-3,7.50,12-05-2025 16:07
1711478,Premier,2025-05-12,15:27,Norwich,Burnley,0,2,2,2.75,2.50,2.75,2.50,2.50,3.50,2.75,0-2,7.00,12-05-2025 16:07
1711483,Premier,2025-05-12,15:30,City,Southampton,2,3,5,1.95,3.80,1.95,3.80,1.95,3.60,3.80,2-3,7.50,12-05-2025 16:07
1711490,Premier,2025-05-12,15:33,Liverpool,Leicester,1,0,1,3.20,2.25,3.20,2.25,2.25,3.40,3.20,1-0,7.50,12-05-2025 16:07
1711497,Premier,2025-05-12,15:36,Watford,Aston,3,1,4,2.50,2.80,2.50,2.80,2.50,3.30,2.80,3-1,8.50,12-05-2025 16:07
1711504,Premier,2025-05-12,15:39,Brentford,West Ham,1,2,3,2.75,2.62,2.62,2.75,2.75,3.25,2.62,1-2,9.00,12-05-2025 16:07
1711511,Premier,2025-05-12,15:42,Islington,Liverpool,0,1,1,2.80,2.45,2.80,2.45,2.45,3.50,2.80,0-1,7.50,12-05-2025 16:07
1711518,Premier,2025-05-12,15:45,Newcastle,Wolverhampton,1,1,2,2.45,2.70,2.45,2.70,2.70,3.60,2.45,1-1,6.00,12-05-2025 16:07
1711525,Premier,2025-05-12,15:48,Leicester,Watford,0,3,3,2.15,3.40,3.40,2.15,2.15,3.40,3.40,0-3,8.00,12-05-2025 16:07
1711532,Premier,2025-05-12,15:51,United,Southampton,0,0,0,3.60,2.07,3.60,2.07,2.07,3.50,3.60,0-0,8.00,12-05-2025 16:07
1711542,Premier,2025-05-12,15:54,Liverpool,Watford,0,2,2,3.75,2.00,3.75,2.00,2.00,3.50,3.75,0-2,7.50,12-05-2025 16:07
1711546,Premier,2025-05-12,15:57,Leeds,Brighton,3,2,5,2.15,3.40,2.15,3.40,2.15,3.40,3.40,3-2,8.00,12-05-2025 16:07
1711274,Premier,2025-05-12,14:00,Tottenham,Brentford,1,0,1,3.75,2.05,3.75,2.05,2.05,3.40,3.75,1-0,9.00,12-05-2025 16:07
1711280,Premier,2025-05-12,14:03,Brighton,United,1,4,5,3.40,2.07,3.40,2.07,3.40,3.60,2.07,1-4,6.50,12-05-2025 16:07
1711287,Premier,2025-05-12,14:06,Watford,Everton,1,2,3,2.75,2.50,2.50,2.75,2.75,3.50,2.50,1-2,7.00,12-05-2025 16:07
1711294,Premier,2025-05-12,14:09,Leicester,Brentford,0,1,1,3.40,2.15,3.40,2.15,2.15,3.40,3.40,0-1,8.00,12-05-2025 16:07
1711301,Premier,2025-05-12,14:12,Liverpool,Leeds,0,2,2,3.40,2.20,3.40,2.20,2.20,3.30,3.40,0-2,9.00,12-05-2025 16:07
1711308,Premier,2025-05-12,14:15,Everton,Southampton,0,1,1,3.00,2.37,3.00,2.37,2.37,3.40,3.00,0-1,7.50,12-05-2025 16:07
1711318,Premier,2025-05-12,14:18,Burnley,West Ham,1,1,2,2.62,2.70,2.62,2.70,2.70,3.30,2.62,1-1,8.50,12-05-2025 16:07
1711322,Premier,2025-05-12,14:21,City,Aston,1,2,3,1.86,4.20,4.20,1.86,1.86,3.60,4.20,1-2,7.50,12-05-2025 16:07
1711329,Premier,2025-05-12,14:24,Liverpool,Newcastle,3,0,3,2.05,3.50,3.50,2.05,2.05,3.60,3.50,3-0,6.50,12-05-2025 16:07
1711336,Premier,2025-05-12,14:27,United,Palace,4,0,4,1.95,3.80,1.95,3.80,1.95,3.60,3.80,4-0,7.50,12-05-2025 16:07
1711343,Premier,2025-05-12,14:30,Newcastle,Aston,2,0,2,2.87,2.45,2.87,2.45,2.45,3.50,2.87,2-0,7.00,12-05-2025 16:07
1711350,Premier,2025-05-12,14:33,Watford,Tottenham,2,3,5,3.00,2.40,3.00,2.40,3.00,3.30,2.40,2-3,8.50,12-05-2025 16:07
1711357,Premier,2025-05-12,14:36,West Ham,United,1,0,1,2.40,3.00,2.40,3.00,3.00,3.30,2.40,1-0,8.50,12-05-2025 16:07
1711364,Premier,2025-05-12,14:39,Southampton,Norwich,0,0,0,3.40,2.15,3.40,2.15,2.15,3.40,3.40,0-0,8.00,12-05-2025 16:07
1711371,Premier,2025-05-12,14:42,Palace,Aston,1,0,1,2.90,2.45,2.90,2.45,2.45,3.40,2.90,1-0,8.00,12-05-2025 16:07
1711377,Premier,2025-05-12,14:45,Southampton,City,2,1,3,3.20,2.20,2.20,3.20,3.20,3.50,2.20,2-1,7.00,12-05-2025 16:07
1711385,Premier,2025-05-12,14:48,Tottenham,Islington,2,2,4,2.55,2.80,2.55,2.80,2.55,3.30,2.80,2-2,8.50,12-05-2025 16:07
1711392,Premier,2025-05-12,14:51,Watford,Newcastle,1,0,1,2.75,2.50,2.75,2.50,2.50,3.50,2.75,1-0,7.00,12-05-2025 16:07
1711399,Premier,2025-05-12,14:54,Tottenham,Leeds,3,0,3,2.25,3.40,3.40,2.25,2.25,3.20,3.40,3-0,10.00,12-05-2025 16:07
1711406,Premier,2025-05-12,14:57,Everton,Chelsea,1,2,3,2.70,2.55,2.55,2.70,2.70,3.50,2.55,1-2,7.00,12-05-2025 16:07
1712119,Super,2025-05-12,20:01,Guayaquil,La Plata,0,2,2,2.62,2.70,2.62,2.70,2.70,3.30,2.62,0-2,8.50,12-05-2025 16:09
1712123,Super,2025-05-12,20:04,Agua Branca,Quito,0,0,0,3.60,2.05,3.60,2.05,2.05,3.50,3.60,0-0,7.50,12-05-2025 16:09
1712130,Super,2025-05-12,20:07,Belo Horizonte,Bogota,2,0,2,4.00,1.98,4.00,1.98,1.98,3.50,4.00,2-0,8.00,12-05-2025 16:09
1711978,Super,2025-05-12,19:01,Rio de Janeiro,Medellin,3,0,3,1.95,4.00,4.00,1.95,1.95,3.50,4.00,3-0,8.00,12-05-2025 16:09
1711982,Super,2025-05-12,19:04,Bogota,La Plata,2,1,3,2.70,2.80,2.80,2.70,2.70,3.10,2.80,2-1,11.00,12-05-2025 16:09
1711990,Super,2025-05-12,19:07,Rio de Janeiro,Asuncion,0,0,0,4.00,1.90,4.00,1.90,1.90,3.60,4.00,0-0,7.50,12-05-2025 16:09
1711996,Super,2025-05-12,19:10,Montevideo,La Plata,0,2,2,2.45,2.90,2.45,2.90,2.90,3.30,2.45,0-2,8.50,12-05-2025 16:09
1712004,Super,2025-05-12,19:13,Santos,Buenos Aires,1,2,3,2.60,2.70,2.70,2.60,2.60,3.50,2.70,1-2,7.00,12-05-2025 16:09
1712010,Super,2025-05-12,19:16,Lima,Itaquera,0,3,3,3.20,2.20,2.20,3.20,3.20,3.50,2.20,0-3,7.00,12-05-2025 16:09
1712016,Super,2025-05-12,19:19,Medellin,Buenos Aires,0,1,1,2.35,3.00,2.35,3.00,3.00,3.50,2.35,0-1,7.00,12-05-2025 16:09
1712024,Super,2025-05-12,19:22,Sao Paulo,La Boca,1,2,3,2.62,2.62,2.62,2.62,2.62,3.50,2.62,1-2,7.50,12-05-2025 16:09
1712033,Super,2025-05-12,19:25,Itaquera,Medellin,1,0,1,3.50,2.10,3.50,2.10,2.10,3.40,3.50,1-0,8.50,12-05-2025 16:09
1712039,Super,2025-05-12,19:28,Santiago,Sao Paulo,1,0,1,2.30,2.90,2.30,2.90,2.90,3.60,2.30,1-0,6.00,12-05-2025 16:09
1712045,Super,2025-05-12,19:31,Guayaquil,Lima,1,1,2,3.25,2.15,3.25,2.15,2.15,3.60,3.25,1-1,6.50,12-05-2025 16:09
1712052,Super,2025-05-12,19:34,Belo Horizonte,Montevideo,3,1,4,1.83,4.20,1.83,4.20,1.83,3.80,4.20,3-1,6.50,12-05-2025 16:09
1712059,Super,2025-05-12,19:37,Agua Branca,Rio de Janeiro,0,1,1,2.70,2.55,2.70,2.55,2.55,3.50,2.70,0-1,7.00,12-05-2025 16:09
1712067,Super,2025-05-12,19:40,Guayaquil,Medellin,1,0,1,3.00,2.37,3.00,2.37,2.37,3.40,3.00,1-0,7.50,12-05-2025 16:09
1712073,Super,2025-05-12,19:43,Santiago,La Plata,4,1,5,3.00,2.37,3.00,2.37,3.00,3.40,2.37,4-1,8.00,12-05-2025 16:09
1712079,Super,2025-05-12,19:46,La Boca,Agua Branca,3,2,5,2.55,2.75,2.55,2.75,2.55,3.40,2.75,3-2,7.50,12-05-2025 16:09
1712088,Super,2025-05-12,19:49,Itaquera,Rio de Janeiro,0,2,2,2.60,2.70,2.60,2.70,2.70,3.40,2.60,0-2,7.50,12-05-2025 16:09
1712094,Super,2025-05-12,19:52,Buenos Aires,Guayaquil,0,2,2,3.30,2.10,3.30,2.10,2.10,3.60,3.30,0-2,6.50,12-05-2025 16:09
1712100,Super,2025-05-12,19:55,Asuncion,Quito,2,1,3,2.60,2.70,2.70,2.60,2.60,3.40,2.70,2-1,8.00,12-05-2025 16:09
1712109,Super,2025-05-12,19:58,Buenos Aires,Agua Branca,0,4,4,2.50,2.70,2.50,2.70,2.50,3.60,2.70,0-4,6.50,12-05-2025 16:09
1711834,Super,2025-05-12,18:01,Penarol,La Plata,0,0,0,2.70,2.75,2.70,2.75,2.75,3.20,2.70,0-0,10.00,12-05-2025 16:09
1711843,Super,2025-05-12,18:04,Avellaneda,Porto Alegre,0,2,2,3.00,2.50,3.00,2.50,2.50,3.20,3.00,0-2,10.00,12-05-2025 16:09
1711849,Super,2025-05-12,18:07,Penarol,Guayaquil,2,0,2,2.90,2.45,2.90,2.45,2.45,3.40,2.90,2-0,8.00,12-05-2025 16:09
1711859,Super,2025-05-12,18:10,La Boca,Belo Horizonte,1,1,2,2.50,2.80,2.50,2.80,2.80,3.50,2.50,1-1,7.50,12-05-2025 16:09
1711863,Super,2025-05-12,18:13,Quito,Montevideo,0,0,0,3.10,2.30,3.10,2.30,2.30,3.50,3.10,0-0,7.00,12-05-2025 16:09
1711873,Super,2025-05-12,18:16,La Boca,Penarol,1,3,4,2.15,3.60,2.15,3.60,2.15,3.30,3.60,1-3,9.00,12-05-2025 16:09
1711877,Super,2025-05-12,18:19,Itaquera,Lima,2,3,5,1.95,3.80,1.95,3.80,1.95,3.60,3.80,2-3,7.50,12-05-2025 16:09
1711888,Super,2025-05-12,18:22,Santos,Rio de Janeiro,2,1,3,2.80,2.50,2.50,2.80,2.80,3.40,2.50,2-1,8.00,12-05-2025 16:09
1711892,Super,2025-05-12,18:25,Belo Horizonte,Avellaneda,1,2,3,2.02,3.60,3.60,2.02,2.02,3.60,3.60,1-2,7.00,12-05-2025 16:09
1711898,Super,2025-05-12,18:28,Santiago,Guayaquil,2,1,3,2.62,2.55,2.55,2.62,2.62,3.60,2.55,2-1,6.50,12-05-2025 16:09
1711905,Super,2025-05-12,18:31,Rio de Janeiro,La Boca,3,1,4,2.35,3.10,2.35,3.10,2.35,3.40,3.10,3-1,8.00,12-05-2025 16:09
1711913,Super,2025-05-12,18:34,Quito,Medellin,0,1,1,3.00,2.37,3.00,2.37,2.37,3.40,3.00,0-1,8.50,12-05-2025 16:09
1711920,Super,2025-05-12,18:37,Montevideo,Porto Alegre,0,0,0,2.55,2.80,2.55,2.80,2.80,3.30,2.55,0-0,8.50,12-05-2025 16:09
1711929,Super,2025-05-12,18:40,Quito,Agua Branca,1,2,3,3.00,2.35,2.35,3.00,3.00,3.50,2.35,1-2,7.00,12-05-2025 16:09
1711934,Super,2025-05-12,18:43,La Plata,Guayaquil,1,0,1,3.25,2.25,3.25,2.25,2.25,3.40,3.25,1-0,8.50,12-05-2025 16:09
1711939,Super,2025-05-12,18:46,Itaquera,Bogota,1,1,2,3.30,2.25,3.30,2.25,2.25,3.30,3.30,1-1,9.00,12-05-2025 16:09
1711951,Super,2025-05-12,18:49,Quito,Santiago,2,1,3,2.20,3.20,3.20,2.20,2.20,3.50,3.20,2-1,7.00,12-05-2025 16:09
1711955,Super,2025-05-12,18:52,Medellin,Lima,1,1,2,3.25,2.20,3.25,2.20,2.20,3.50,3.25,1-1,7.50,12-05-2025 16:09
1711961,Super,2025-05-12,18:55,Quito,Buenos Aires,0,2,2,2.40,2.87,2.40,2.87,2.87,3.50,2.40,0-2,7.00,12-05-2025 16:09
1711968,Super,2025-05-12,18:58,Lima,Porto Alegre,2,1,3,3.00,2.40,2.40,3.00,3.00,3.30,2.40,2-1,8.50,12-05-2025 16:09
1711695,Super,2025-05-12,17:01,Medellin,Agua Branca,2,0,2,2.30,3.10,2.30,3.10,3.10,3.50,2.30,2-0,7.50,12-05-2025 16:09
1711703,Super,2025-05-12,17:04,Rio de Janeiro,Guayaquil,0,1,1,3.60,2.00,3.60,2.00,2.00,3.60,3.60,0-1,7.00,12-05-2025 16:09
1711710,Super,2025-05-12,17:07,Agua Branca,Porto Alegre,0,0,0,3.40,2.20,3.40,2.20,2.20,3.30,3.40,0-0,9.00,12-05-2025 16:09
1711716,Super,2025-05-12,17:10,Itaquera,La Plata,1,1,2,3.10,2.40,3.10,2.40,2.40,3.25,3.10,1-1,9.00,12-05-2025 16:09
1711726,Super,2025-05-12,17:13,Penarol,Montevideo,0,2,2,3.10,2.30,3.10,2.30,2.30,3.40,3.10,0-2,8.00,12-05-2025 16:09
1711733,Super,2025-05-12,17:16,Bogota,Belo Horizonte,1,2,3,3.25,2.25,2.25,3.25,3.25,3.40,2.25,1-2,8.00,12-05-2025 16:09
1711740,Super,2025-05-12,17:19,Santiago,Asuncion,2,2,4,2.50,2.75,2.50,2.75,2.50,3.50,2.75,2-2,7.00,12-05-2025 16:09
1711746,Super,2025-05-12,17:22,Santos,Penarol,2,2,4,2.25,3.30,2.25,3.30,2.25,3.30,3.30,2-2,9.00,12-05-2025 16:09
1711750,Super,2025-05-12,17:25,Belo Horizonte,Porto Alegre,0,0,0,3.80,2.02,3.80,2.02,2.02,3.40,3.80,0-0,8.50,12-05-2025 16:09
1711759,Super,2025-05-12,17:28,Rio de Janeiro,Bogota,1,3,4,2.07,3.75,2.07,3.75,2.07,3.40,3.75,1-3,9.00,12-05-2025 16:09
1711771,Super,2025-05-12,17:34,Lima,Avellaneda,0,0,0,2.35,3.00,2.35,3.00,3.00,3.50,2.35,0-0,7.00,12-05-2025 16:09
1711780,Super,2025-05-12,17:37,Bogota,Montevideo,2,1,3,2.20,3.30,3.30,2.20,2.20,3.40,3.30,2-1,8.50,12-05-2025 16:09
1711785,Super,2025-05-12,17:40,Porto Alegre,Santos,1,1,2,2.90,2.55,2.90,2.55,2.55,3.20,2.90,1-1,10.00,12-05-2025 16:09
1711794,Super,2025-05-12,17:43,Lima,Asuncion,0,0,0,2.70,2.60,2.70,2.60,2.60,3.50,2.70,0-0,7.00,12-05-2025 16:09
1711801,Super,2025-05-12,17:46,Penarol,Sao Paulo,2,2,4,2.70,2.60,2.70,2.60,2.70,3.40,2.60,2-2,7.50,12-05-2025 16:09
1711806,Super,2025-05-12,17:49,Medellin,Porto Alegre,0,0,0,2.70,2.75,2.70,2.75,2.75,3.20,2.70,0-0,10.00,12-05-2025 16:09
1711817,Super,2025-05-12,17:52,Sao Paulo,Asuncion,0,1,1,3.40,2.10,3.40,2.10,2.10,3.60,3.40,0-1,7.00,12-05-2025 16:09
1711822,Super,2025-05-12,17:55,Itaquera,Buenos Aires,1,1,2,2.75,2.50,2.75,2.50,2.50,3.50,2.75,1-1,7.00,12-05-2025 16:09
1711831,Super,2025-05-12,17:58,Sao Paulo,Guayaquil,1,2,3,2.20,3.10,3.10,2.20,2.20,3.60,3.10,1-2,6.50,12-05-2025 16:09
1711555,Super,2025-05-12,16:01,Santos,Medellin,2,0,2,3.40,2.20,3.40,2.20,2.20,3.30,3.40,2-0,9.00,12-05-2025 16:09
1711562,Super,2025-05-12,16:04,La Boca,Itaquera,1,0,1,3.00,2.40,3.00,2.40,2.40,3.30,3.00,1-0,8.50,12-05-2025 16:09
1711572,Super,2025-05-12,16:07,Porto Alegre,Guayaquil,2,1,3,2.30,3.20,3.20,2.30,2.30,3.30,3.20,2-1,8.50,12-05-2025 16:09
1711576,Super,2025-05-12,16:10,Buenos Aires,La Boca,1,2,3,2.45,2.80,2.80,2.45,2.45,3.50,2.80,1-2,7.50,12-05-2025 16:09
1711584,Super,2025-05-12,16:13,Rio de Janeiro,Penarol,1,0,1,3.80,2.02,3.80,2.02,2.02,3.40,3.80,1-0,8.50,12-05-2025 16:09
1711591,Super,2025-05-12,16:16,Santos,Asuncion,1,1,2,3.50,2.10,3.50,2.10,2.10,3.40,3.50,1-1,8.50,12-05-2025 16:09
1711598,Super,2025-05-12,16:19,Sao Paulo,Avellaneda,0,1,1,2.90,2.37,2.90,2.37,2.37,3.50,2.90,0-1,7.00,12-05-2025 16:09
1711604,Super,2025-05-12,16:22,Agua Branca,Bogota,3,2,5,2.15,3.50,2.15,3.50,2.15,3.40,3.50,3-2,8.50,12-05-2025 16:09
1711611,Super,2025-05-12,16:25,Belo Horizonte,Medellin,3,1,4,1.86,4.20,1.86,4.20,1.86,3.60,4.20,3-1,7.50,12-05-2025 16:09
1711620,Super,2025-05-12,16:28,Sao Paulo,Rio de Janeiro,1,2,3,2.75,2.45,2.45,2.75,2.75,3.50,2.45,1-2,6.50,12-05-2025 16:09
1711626,Super,2025-05-12,16:31,Quito,Belo Horizonte,0,4,4,3.30,2.15,3.30,2.15,3.30,3.60,2.15,0-4,7.00,12-05-2025 16:09
1711634,Super,2025-05-12,16:34,Buenos Aires,Sao Paulo,2,2,4,2.30,3.00,2.30,3.00,2.30,3.60,3.00,2-2,6.00,12-05-2025 16:09
1711641,Super,2025-05-12,16:37,Santiago,Santos,0,2,2,2.35,3.00,2.35,3.00,3.00,3.50,2.35,0-2,7.00,12-05-2025 16:09
1711646,Super,2025-05-12,16:40,Buenos Aires,Asuncion,0,1,1,3.60,2.00,3.60,2.00,2.00,3.60,3.60,0-1,7.00,12-05-2025 16:09
1711654,Super,2025-05-12,16:43,La Boca,Guayaquil,0,1,1,3.50,2.10,3.50,2.10,2.10,3.50,3.50,0-1,7.50,12-05-2025 16:09
1711661,Super,2025-05-12,16:46,Avellaneda,Santiago,2,2,4,2.10,3.40,2.10,3.40,2.10,3.60,3.40,2-2,7.00,12-05-2025 16:09
1711666,Super,2025-05-12,16:49,Penarol,Lima,2,0,2,3.40,2.15,3.40,2.15,2.15,3.40,3.40,2-0,8.00,12-05-2025 16:09
1711673,Super,2025-05-12,16:52,Asuncion,Avellaneda,4,2,6,2.80,2.55,2.80,2.55,2.80,3.40,2.55,4-2,8.00,12-05-2025 16:09
1711681,Super,2025-05-12,16:55,Montevideo,Itaquera,2,1,3,3.00,2.35,2.35,3.00,3.00,3.50,2.35,2-1,7.00,12-05-2025 16:09
1711688,Super,2025-05-12,16:58,Bogota,Santos,1,1,2,2.75,2.62,2.75,2.62,2.62,3.20,2.75,1-1,10.00,12-05-2025 16:09
1711415,Super,2025-05-12,15:01,Buenos Aires,Medellin,0,1,1,3.60,2.05,3.60,2.05,2.05,3.50,3.60,0-1,7.50,12-05-2025 16:09
1711423,Super,2025-05-12,15:04,Avellaneda,Agua Branca,2,0,2,2.50,2.80,2.50,2.80,2.80,3.50,2.50,2-0,7.00,12-05-2025 16:09
1711429,Super,2025-05-12,15:07,Penarol,Porto Alegre,1,0,1,2.80,2.70,2.80,2.70,2.70,3.10,2.80,1-0,11.00,12-05-2025 16:09
1711436,Super,2025-05-12,15:10,Rio de Janeiro,Lima,2,0,2,4.33,1.80,4.33,1.80,1.80,3.75,4.33,2-0,7.00,12-05-2025 16:09
1711444,Super,2025-05-12,15:13,Asuncion,Agua Branca,0,3,3,3.20,2.20,2.20,3.20,3.20,3.50,2.20,0-3,7.00,12-05-2025 16:09
1711450,Super,2025-05-12,15:16,Medellin,Avellaneda,0,2,2,2.62,2.70,2.62,2.70,2.70,3.30,2.62,0-2,8.50,12-05-2025 16:09
1711458,Super,2025-05-12,15:19,Santiago,Quito,2,1,3,2.62,2.55,2.55,2.62,2.62,3.50,2.55,2-1,7.00,12-05-2025 16:09
1711463,Super,2025-05-12,15:22,Itaquera,Guayaquil,0,0,0,3.30,2.15,3.30,2.15,2.15,3.50,3.30,0-0,7.50,12-05-2025 16:09
1711471,Super,2025-05-12,15:25,La Plata,Rio de Janeiro,0,2,2,2.55,2.80,2.55,2.80,2.80,3.30,2.55,0-2,8.50,12-05-2025 16:09
1711477,Super,2025-05-12,15:28,Santiago,Avellaneda,0,0,0,2.40,2.87,2.40,2.87,2.87,3.50,2.40,0-0,7.00,12-05-2025 16:09
1711486,Super,2025-05-12,15:31,La Boca,Rio de Janeiro,0,0,0,2.70,2.62,2.70,2.62,2.62,3.40,2.70,0-0,8.00,12-05-2025 16:09
1711493,Super,2025-05-12,15:34,Penarol,Avellaneda,0,0,0,2.75,2.62,2.75,2.62,2.62,3.30,2.75,0-0,8.50,12-05-2025 16:09
1711499,Super,2025-05-12,15:37,Medellin,Guayaquil,0,1,1,2.80,2.50,2.80,2.50,2.50,3.40,2.80,0-1,7.50,12-05-2025 16:09
1711508,Super,2025-05-12,15:40,Belo Horizonte,Itaquera,2,1,3,2.15,3.40,3.40,2.15,2.15,3.50,3.40,2-1,7.00,12-05-2025 16:09
1711514,Super,2025-05-12,15:43,Penarol,Quito,0,0,0,2.90,2.45,2.90,2.45,2.45,3.30,2.90,0-0,8.50,12-05-2025 16:09
1711523,Super,2025-05-12,15:46,Porto Alegre,Rio de Janeiro,0,0,0,2.50,2.90,2.50,2.90,2.90,3.25,2.50,0-0,9.00,12-05-2025 16:09
1711527,Super,2025-05-12,15:49,Itaquera,Santos,1,2,3,2.40,3.00,3.00,2.40,2.40,3.30,3.00,1-2,8.50,12-05-2025 16:09
1711535,Super,2025-05-12,15:52,Porto Alegre,Penarol,0,0,0,3.30,2.35,3.30,2.35,2.35,3.10,3.30,0-0,11.00,12-05-2025 16:09
1711541,Super,2025-05-12,15:55,La Boca,Santiago,1,1,2,3.80,1.95,3.80,1.95,1.95,3.60,3.80,1-1,7.50,12-05-2025 16:09
1711548,Super,2025-05-12,15:58,Avellaneda,Asuncion,1,0,1,3.40,2.15,3.40,2.15,2.15,3.40,3.40,1-0,8.00,12-05-2025 16:09
1711276,Super,2025-05-12,14:01,La Plata,Quito,1,1,2,3.30,2.25,3.30,2.25,2.25,3.30,3.30,1-1,9.00,12-05-2025 16:09
1711282,Super,2025-05-12,14:04,Buenos Aires,Belo Horizonte,2,1,3,2.75,2.45,2.45,2.75,2.75,3.60,2.45,2-1,6.00,12-05-2025 16:09
1711297,Super,2025-05-12,14:10,Sao Paulo,Bogota,1,1,2,3.10,2.30,3.10,2.30,2.30,3.40,3.10,1-1,8.00,12-05-2025 16:09
1711303,Super,2025-05-12,14:13,Penarol,Itaquera,2,2,4,2.80,2.55,2.80,2.55,2.80,3.30,2.55,2-2,8.50,12-05-2025 16:09
1711310,Super,2025-05-12,14:16,Avellaneda,Santos,0,2,2,2.80,2.55,2.80,2.55,2.55,3.30,2.80,0-2,8.50,12-05-2025 16:09
1711317,Super,2025-05-12,14:19,Bogota,Agua Branca,0,3,3,2.90,2.45,2.45,2.90,2.90,3.30,2.45,0-3,8.50,12-05-2025 16:09
1711325,Super,2025-05-12,14:22,Belo Horizonte,Asuncion,2,0,2,4.33,1.83,4.33,1.83,1.83,3.75,4.33,2-0,7.00,12-05-2025 16:09
1711332,Super,2025-05-12,14:25,Bogota,Penarol,0,2,2,3.10,2.40,3.10,2.40,2.40,3.20,3.10,0-2,10.00,12-05-2025 16:09
1711339,Super,2025-05-12,14:28,La Boca,Quito,2,0,2,3.50,2.10,3.50,2.10,2.10,3.40,3.50,2-0,8.50,12-05-2025 16:09
1711345,Super,2025-05-12,14:31,Penarol,Medellin,0,1,1,3.10,2.37,3.10,2.37,2.37,3.25,3.10,0-1,9.00,12-05-2025 16:09
1711355,Super,2025-05-12,14:34,Buenos Aires,Porto Alegre,3,1,4,2.25,3.25,2.25,3.25,2.25,3.40,3.25,3-1,8.50,12-05-2025 16:09
1711360,Super,2025-05-12,14:37,Santos,Belo Horizonte,1,0,1,2.35,3.00,2.35,3.00,3.00,3.50,2.35,1-0,7.00,12-05-2025 16:09
1711367,Super,2025-05-12,14:40,Bogota,Itaquera,2,1,3,2.75,2.62,2.62,2.75,2.75,3.25,2.62,2-1,9.00,12-05-2025 16:09
1711374,Super,2025-05-12,14:43,Penarol,Rio de Janeiro,0,2,2,2.30,3.10,2.30,3.10,3.10,3.40,2.30,0-2,8.50,12-05-2025 16:09
1711381,Super,2025-05-12,14:46,La Plata,Agua Branca,1,1,2,2.62,2.70,2.62,2.70,2.70,3.30,2.62,1-1,8.50,12-05-2025 16:09
1711387,Super,2025-05-12,14:49,Santos,Bogota,1,3,4,2.35,3.20,2.35,3.20,2.35,3.20,3.20,1-3,10.00,12-05-2025 16:09
1711397,Super,2025-05-12,14:52,Avellaneda,Medellin,1,2,3,2.25,3.25,3.25,2.25,2.25,3.40,3.25,1-2,8.50,12-05-2025 16:09
1711401,Super,2025-05-12,14:55,Quito,Bogota,0,1,1,2.87,2.55,2.87,2.55,2.55,3.25,2.87,0-1,9.00,12-05-2025 16:09
1711409,Super,2025-05-12,14:58,Penarol,La Boca,0,0,0,2.50,2.90,2.50,2.90,2.90,3.25,2.50,0-0,9.00,12-05-2025 16:09
