Id da partida,Gols time casa,Gols time contra,Gols totais,Odd Casa Vence,Odd Empate,Odd Visitante Vence,PRED_0,PRED_1,PRED_2,PRED_3,PRED_4,PROBABILIDADE,CONFIDENCE_LEVEL,RECOMMENDED_STAKE,Id da partida.1,Campeonato,Data,Tempo,Time da casa,Time contra,Gols time casa.1,Gols time contra.1,Gols totais.1,Odd Over 2.5,Odd Under 2.5,Odd Over 3.5,Odd Under 3.5,Odd Casa Vence.1,Odd Empate.1,Odd Visitante Vence.1,Placar Exato,Odd Placar Exato,Data das odds,HORA,COLUNA,PROBABILIDADE.1,OUTCOME
1719655.0,2.0,3.0,5.0,2.3,3.5,3.0,0.0039325054857418,2.3006343438898904,2.999476547921351,2.3077050841384947,3.012421093456493,0.5481335952848724,baixa,5.0,1720103,Euro,2025-05-15,,Geórgia,Itália,1,2,3,3.1,2.3,2.3,3.1,3.1,3.4,2.3,1-2,8.5,,,,0.4466457434287955,0
1719436.0,1.0,2.0,3.0,2.6,3.4,2.7,0.001612349659146,2.600044625273134,2.70022599007623,2.6982119923740018,2.6017001482372044,0.5067891373801916,baixa,5.0,1720110,Euro,2025-05-15,,Alemanha,Hungria,3,1,4,2.15,3.4,2.15,3.4,2.15,3.5,3.4,3-1,7.5,,,,0.5818215821956236,0
1720213.0,2.0,0.0,2.0,2.2,3.6,3.1,2.000669952586512,3.0999788620268407,2.2034882259327744,3.088779638103619,2.2003538213114675,0.5625482625482626,baixa,5.0,1720117,Euro,2025-05-15,,Albânia,Eslovênia,1,1,2,3.1,2.5,3.1,2.5,2.5,3.0,3.1,1-1,12.0,,,,0.5366598778004074,2
1720121.0,0.0,0.0,0.0,3.3,3.5,2.15,0.9997401768556164,2.151791857399834,3.297929541966829,2.151275376200473,3.303542109399276,0.423098968284295,baixa,5.0,1720124,Euro,2025-05-15,,Escócia,Polônia,0,1,1,3.0,2.4,3.0,2.4,2.4,3.3,3.0,0-1,8.5,,,,0.5395683453237411,1
1719927.0,0.0,1.0,1.0,2.35,3.1,3.3,0.001060296481868,3.299558923473893,2.3507308499107604,3.3186876124857294,2.343763444624406,0.5582706766917294,baixa,5.0,1720131,Euro,2025-05-15,,Hungria,Dinamarca,0,0,0,2.7,2.62,2.7,2.62,2.62,3.3,2.7,0-0,9.0,,,,0.5053593179049939,0
1719498.0,2.0,1.0,3.0,2.45,3.4,2.9,1.9986754442420127,2.4496020145563464,2.899914932322958,2.884840904649258,2.4854678612218994,0.5302431310535678,baixa,5.0,1720137,Euro,2025-05-15,,Albânia,Turquia,1,3,4,2.7,2.8,2.7,2.8,2.7,3.1,2.8,1-3,11.0,,,,0.5062982527427874,2
1719308.0,1.0,3.0,4.0,2.15,3.6,3.2,0.0045694100356727,2.150221361805866,3.1974370083496715,2.1958112663612974,3.216390772860397,0.5723029839326702,baixa,5.0,1720144,Euro,2025-05-15,,Hungria,Suíça,1,0,1,2.75,2.5,2.75,2.5,2.5,3.4,2.75,1-0,7.5,,,,0.5171890798786655,0
1719366.0,1.0,1.0,2.0,2.25,3.2,3.4,0.999847827528226,3.3993103219041028,2.25185629808633,3.401859903064994,2.249156845090878,0.5715118538670811,baixa,5.0,1720152,Euro,2025-05-15,,Croácia,Alemanha,0,0,0,2.55,2.7,2.55,2.7,2.7,3.5,2.55,0-0,7.0,,,,0.4896080760095012,1
1719952.0,2.0,1.0,3.0,1.83,3.75,4.33,1.998675444242013,1.9392181437067,4.060891395588683,4.320661216926641,1.832454207024292,0.6510931894442671,média,10.0,1720159,Euro,2025-05-15,,Turquia,Albânia,1,2,3,2.35,3.25,3.25,2.35,2.35,3.1,3.25,1-2,11.0,,,,0.5558055805580557,2
1719546.0,1.0,1.0,2.0,2.5,3.5,2.75,0.9998132373725926,2.7496484064532507,2.50006916194877,2.714444780585332,2.487832840031404,0.5173267326732675,baixa,5.0,1720166,Euro,2025-05-15,,Áustria,Espanha,2,1,3,2.7,2.55,2.55,2.7,2.7,3.5,2.55,2-1,7.0,,,,0.4896080760095012,1
1719435.0,2.0,2.0,4.0,2.2,3.25,3.5,0.9993479218055836,2.200566419530265,3.4949264507734616,2.204123219258113,3.507768524062239,0.5805529075309818,baixa,5.0,1720173,Euro,2025-05-15,,Sérvia,Itália,0,1,1,2.7,2.62,2.7,2.62,2.62,3.3,2.7,0-1,9.0,,,,0.5053593179049939,1
1719452.0,2.0,0.0,2.0,2.35,3.4,3.0,2.0007045427421453,2.999284894229925,2.350516334182583,2.99928653742533,2.3403712504238,0.5437797147385103,baixa,5.0,1720180,Euro,2025-05-15,,Dinamarca,Portugal,1,1,2,2.7,2.62,2.7,2.62,2.62,3.4,2.7,1-1,8.0,,,,0.505404975757094,2
1719905.0,3.0,0.0,3.0,2.25,3.3,3.3,2.00512352525923,2.2500654487525837,3.2969247102273007,3.316295225173348,2.251224714987237,0.5673076923076923,baixa,5.0,1720187,Euro,2025-05-15,,Ucrânia,Áustria,0,0,0,2.7,2.62,2.7,2.62,2.62,3.4,2.7,0-0,8.0,,,,0.505404975757094,2
1719388.0,2.0,1.0,3.0,2.5,3.5,2.75,1.998710034397646,2.5009338392998943,2.750476925953336,2.714695028876823,2.487832840031404,0.5173267326732675,baixa,5.0,1720194,Euro,2025-05-15,,Romênia,Suíça,0,0,0,2.62,2.6,2.62,2.6,2.6,3.5,2.62,0-0,6.5,,,,0.5013954230125189,2
1719505.0,0.0,0.0,0.0,2.3,3.2,3.4,0.9997401768556164,3.399429154275007,2.3008588677552475,3.405147594977769,2.296999161930333,0.5675364543361474,baixa,5.0,1720201,Euro,2025-05-15,,Ucrânia,Dinamarca,1,0,1,2.62,2.7,2.62,2.7,2.7,3.3,2.62,1-0,8.5,,,,0.494640682095006,1
1719347.0,2.0,0.0,2.0,2.37,3.4,3.0,2.0007045427421453,2.999284894229925,2.370133748537402,2.99882172393876,2.368478219544515,0.5422185430463576,baixa,5.0,1720208,Euro,2025-05-15,,Eslováquia,Albânia,0,2,2,2.75,2.7,2.75,2.7,2.7,3.2,2.75,0-2,10.0,,,,0.5032173738186205,2
1719590.0,0.0,0.0,0.0,2.7,3.4,2.6,0.9997401768556164,2.6013412545297614,2.699186815794319,2.612496215427264,2.7064285427002086,0.49321086261980834,baixa,5.0,1720215,Euro,2025-05-15,,Ucrânia,Croácia,0,0,0,2.6,2.7,2.6,2.7,2.7,3.4,2.6,0-0,7.5,,,,0.4932108626198083,1
1720075.0,3.0,2.0,5.0,2.6,3.5,2.62,1.998676569067356,2.600222000003493,2.620676128304668,2.655037681760419,2.644743259555455,0.5013954230125189,baixa,5.0,1720222,Euro,2025-05-15,,Albânia,Países Baixos,2,1,3,2.7,2.62,2.62,2.7,2.7,3.3,2.62,2-1,8.5,,,,0.494640682095006,2
1719408.0,0.0,2.0,2.0,2.25,3.6,3.0,0.0016709652330227,2.9994037266008298,2.250804911922696,2.990935658041137,2.2453519177783234,0.5526315789473684,baixa,5.0,1719963,Euro,2025-05-15,,Portugal,Eslovênia,1,1,2,3.6,2.15,3.6,2.15,2.15,3.3,3.6,1-1,9.0,,,,0.5895564289724874,0
1720224.0,2.0,1.0,3.0,2.7,3.3,2.62,1.998675444242013,2.699489664029616,2.62059924232992,2.6273805407892272,2.704855133082884,0.49464068209500606,baixa,5.0,1719970,Euro,2025-05-15,,Escócia,Ucrânia,0,2,2,3.0,2.37,3.0,2.37,2.37,3.4,3.0,0-2,7.5,,,,0.5422185430463576,2
1719420.0,0.0,1.0,1.0,2.9,3.4,2.45,0.0010948866375014,2.450291019955895,2.899170994043608,2.440458004786888,2.896927518346916,0.4697568689464321,baixa,5.0,1719977,Euro,2025-05-15,,Bélgica,Turquia,0,4,4,2.35,3.1,2.35,3.1,2.35,3.4,3.1,0-4,8.0,,,,0.5493898895990703,0
1719746.0,2.0,0.0,2.0,2.02,3.6,3.6,2.000669952586512,3.599323873557093,2.023317330049363,3.601001607353523,2.0252705857145448,0.6034031413612565,média,10.0,1719984,Euro,2025-05-15,,Geórgia,Países Baixos,1,2,3,3.0,2.35,2.35,3.0,3.0,3.5,2.35,1-2,7.0,,,,0.4558680892337536,2
1719598.0,0.0,0.0,0.0,2.4,3.25,3.1,0.9997401768556164,3.100097694397745,2.399685303395499,3.089230369100548,2.3954640361661297,0.5449338336954375,baixa,5.0,1719990,Euro,2025-05-15,,Hungria,França,0,1,1,2.35,3.0,2.35,3.0,3.0,3.5,2.35,0-1,7.0,,,,0.4558680892337536,1
1719411.0,4.0,2.0,6.0,2.7,3.3,2.62,1.9982053584559565,2.699489664029616,2.6181963934370924,2.720560412672105,2.6336985137786177,0.49464068209500606,baixa,5.0,1719998,Euro,2025-05-15,,Países Baixos,Sérvia,1,0,1,3.0,2.4,3.0,2.4,2.4,3.4,3.0,1-0,7.5,,,,0.5399061032863849,2
1719630.0,3.0,1.0,4.0,1.85,3.6,4.2,1.998483296742794,1.9004716252471208,4.068178152896516,1.908554902731738,3.717830902549175,0.6431472081218275,média,10.0,1720005,Euro,2025-05-15,,Turquia,Eslovênia,0,3,3,2.35,3.25,3.25,2.35,2.35,3.1,3.25,0-3,11.0,,,,0.5558055805580557,2
1719930.0,3.0,0.0,3.0,2.6,3.5,2.7,2.00512352525923,2.600044625273134,2.70022599007623,2.680623812014338,2.582723010003624,0.5068439577630035,baixa,5.0,1720012,Euro,2025-05-15,,Sérvia,Inglaterra,1,2,3,2.9,2.45,2.45,2.9,2.9,3.4,2.45,1-2,7.5,,,,0.4697568689464321,2
1719460.0,2.0,1.0,3.0,3.1,3.5,2.25,1.9986754442420127,3.0993611475038976,2.2549320611193,2.301029051424023,3.0907426571381733,0.44212062256809337,baixa,5.0,1720019,Euro,2025-05-15,,Suíça,Alemanha,2,1,3,2.75,2.45,2.45,2.75,2.75,3.5,2.45,2-1,6.5,,,,0.4789473684210527,2
1719690.0,0.0,2.0,2.0,3.1,3.5,2.25,0.0016275581119506,2.2513184013309844,3.0949011371134483,2.286000145199993,3.0926175487312864,0.44212062256809337,baixa,5.0,1720026,Euro,2025-05-15,,Eslovênia,Espanha,1,0,1,2.45,2.9,2.45,2.9,2.9,3.3,2.45,1-0,8.5,,,,0.4700121163166397,0
1719392.0,0.0,0.0,0.0,2.3,3.6,3.0,0.9997747670112498,2.9994037266008298,2.3008588677552475,2.9922731647287817,2.294090576039432,0.548498845265589,baixa,5.0,1720033,Euro,2025-05-15,,Portugal,Turquia,2,0,2,3.25,2.25,3.25,2.25,2.25,3.4,3.25,2-0,8.5,,,,0.5653531955790485,1
1719277.0,1.0,2.0,3.0,2.25,3.4,3.25,0.0013721822442916,2.2500654487525837,3.248247368235762,3.2595025121451973,2.248007773350083,0.5653531955790485,baixa,5.0,1720040,Euro,2025-05-15,,Geórgia,Romênia,1,2,3,2.7,2.6,2.6,2.7,2.7,3.4,2.6,1-2,7.5,,,,0.4932108626198083,0
1719339.0,0.0,1.0,1.0,2.7,3.4,2.6,0.0010948866375014,2.6013412545297614,2.699186815794319,2.612691025469281,2.7057542559932504,0.49321086261980834,baixa,5.0,1720045,Euro,2025-05-15,,Escócia,Eslováquia,0,2,2,3.2,2.25,3.2,2.25,2.25,3.5,3.2,0-2,7.5,,,,0.5632730732635584,0
1719780.0,3.0,0.0,3.0,2.07,3.4,3.6,2.0051235252592297,2.0668092377579748,3.600216390034156,3.5973102624352,2.079797487333653,0.5973063973063973,baixa,5.0,1720054,Euro,2025-05-15,,Espanha,Polônia,1,1,2,3.4,2.15,3.4,2.15,2.15,3.5,3.4,1-1,7.5,,,,0.5818215821956236,2
1719649.0,0.0,3.0,3.0,2.87,3.4,2.45,-0.005373015557156,2.870131304694854,2.452679838279774,2.437968267274601,2.8731209647458718,0.47157586735404766,baixa,5.0,1720061,Euro,2025-05-15,,Hungria,Portugal,0,2,2,2.5,2.8,2.5,2.8,2.8,3.4,2.5,0-2,8.0,,,,0.4796163069544364,0
1719842.0,0.0,1.0,1.0,2.0,3.5,3.75,0.001060296481868,3.74923412789051,2.00281252880718,3.751850084288532,2.0096529213504617,0.6108597285067873,média,10.0,1720068,Euro,2025-05-15,,Polônia,Sérvia,1,2,3,2.7,2.75,2.75,2.7,2.7,3.2,2.75,1-2,10.0,,,,0.5032173738186205,0
1719560.0,3.0,0.0,3.0,2.5,3.6,2.7,2.0051235252592297,2.5005677607569576,2.70022599007623,2.6779053829025954,2.474379934520507,0.5141342756183745,baixa,5.0,1720075,Euro,2025-05-15,,Portugal,França,3,2,5,2.6,2.62,2.6,2.62,2.6,3.5,2.62,3-2,6.5,,,,0.5013954230125189,2
1719276.0,2.0,0.0,2.0,2.05,3.75,3.4,2.0005248257732933,3.3993103219041028,2.055450138298904,3.4035629437264614,2.058832312911409,0.5923561069050443,baixa,5.0,1720082,Euro,2025-05-15,,Hungria,Eslováquia,1,1,2,3.25,2.25,3.25,2.25,2.25,3.4,3.25,1-1,8.5,,,,0.5653531955790485,2
1719786.0,1.0,1.0,2.0,3.4,3.5,2.1,0.9998132373725926,2.1286247201673385,3.3545521847591737,2.100658542741721,3.3796471217315376,0.41379310344827597,baixa,5.0,1720089,Euro,2025-05-15,,Ucrânia,Itália,2,2,4,2.8,2.5,2.8,2.5,2.8,3.4,2.5,2-2,8.0,,,,0.4796163069544364,1
1719447.0,0.0,1.0,1.0,2.55,3.3,2.8,0.0010948866375014,2.7997563287486926,2.5492797921286434,2.820830499854337,2.5431059246725907,0.5166364186327888,baixa,5.0,1720096,Euro,2025-05-15,,Turquia,República Tcheca,1,0,1,3.1,2.4,3.1,2.4,2.4,3.2,3.1,1-0,10.0,,,,0.5447284345047924,0
1719599.0,0.0,1.0,1.0,2.7,3.6,2.55,0.001060296481868,2.549886143452673,2.699186815794319,2.529383672760086,2.7007227160995506,0.4895287958115183,baixa,5.0,1719823,Euro,2025-05-15,,República Tcheca,Eslovênia,4,1,5,2.45,3.2,2.45,3.2,2.45,3.1,3.2,4-1,11.0,,,,0.545848944981266,0
1719607.0,1.0,2.0,3.0,2.8,3.4,2.5,0.0014874206417154,2.799571315565671,2.501935099723738,2.516519782115518,2.802989306215528,0.4796163069544364,baixa,5.0,1719830,Euro,2025-05-15,,Bélgica,Croácia,2,0,2,2.9,2.37,2.9,2.37,2.37,3.5,2.9,2-0,7.0,,,,0.5366340153250652,0
1720131.0,0.0,0.0,0.0,2.62,3.3,2.7,0.9997401768556164,2.7001038863403384,2.619498408844164,2.709348649531282,2.601945418692247,0.5053593179049939,baixa,5.0,1719837,Euro,2025-05-15,,Dinamarca,Inglaterra,1,1,2,2.5,2.8,2.5,2.8,2.8,3.5,2.5,1-1,7.5,,,,0.4794520547945206,1
1719396.0,1.0,3.0,4.0,3.0,3.4,2.37,0.0045694100356727,2.9995531077935293,2.3515580436352,2.9775612715792645,2.353575988769282,0.45778145695364236,baixa,5.0,1719844,Euro,2025-05-15,,Suíça,Áustria,1,3,4,2.45,2.8,2.45,2.8,2.45,3.5,2.8,1-3,7.5,,,,0.5242718446601942,0
1720084.0,3.0,3.0,6.0,2.45,3.5,2.8,0.8799825279328152,2.450209889008849,2.79603423032669,2.522971836191984,2.828069197457114,0.5242718446601942,baixa,5.0,1719851,Euro,2025-05-15,,Países Baixos,Croácia,2,0,2,2.8,2.45,2.8,2.45,2.45,3.5,2.8,2-0,6.5,,,,0.5242718446601942,1
1719711.0,1.0,0.0,1.0,2.37,3.5,2.9,1.998887151152412,2.900046527437505,2.370133748537402,2.8802460495592994,2.366701154606588,0.5366340153250652,baixa,5.0,1719858,Euro,2025-05-15,,Turquia,França,1,1,2,2.45,2.9,2.45,2.9,2.9,3.4,2.45,1-1,7.5,,,,0.4697568689464321,2
1719363.0,1.0,1.0,2.0,2.3,3.4,3.1,0.999847827528226,3.0999788620268407,2.3013118538843944,3.0872304177788057,2.2971332890373146,0.5533542565712045,baixa,5.0,1719865,Euro,2025-05-15,,Espanha,Geórgia,2,0,2,3.8,1.95,3.8,1.95,1.95,3.6,3.8,2-0,7.5,,,,0.6184631803628603,1
1719986.0,1.0,1.0,2.0,2.4,3.3,3.0,0.9998132373725926,2.999284894229925,2.3994707876673216,2.9981196267872674,2.3961512973822425,0.5395683453237411,baixa,5.0,1719873,Euro,2025-05-15,,Escócia,República Tcheca,1,0,1,2.9,2.5,2.9,2.5,2.5,3.3,2.9,1-0,9.0,,,,0.5263262863980853,1
1719860.0,0.0,1.0,1.0,2.1,3.5,3.5,0.001060296481868,3.499563778589796,2.101667715516545,3.5045913139303257,2.1049824815154845,0.590909090909091,baixa,5.0,1719879,Euro,2025-05-15,,França,Turquia,1,1,2,3.4,2.15,3.4,2.15,2.15,3.5,3.4,1-1,8.0,,,,0.5818215821956236,0
1719956.0,1.0,0.0,1.0,2.55,3.3,2.8,1.998887151152412,2.7996374963777884,2.549065276400466,2.8201120087593914,2.543999943080482,0.5166364186327888,baixa,5.0,1719885,Euro,2025-05-15,,Inglaterra,Croácia,2,1,3,2.2,3.2,3.2,2.2,2.2,3.6,3.2,2-1,7.0,,,,0.56797583081571,2
1719315.0,2.0,1.0,3.0,2.62,3.3,2.75,1.998710034397646,2.6197265385665625,2.750476925953336,2.7305258964352355,2.6019370513958395,0.5086054721977052,baixa,5.0,1719894,Euro,2025-05-15,,Geórgia,Polônia,2,0,2,2.62,2.75,2.62,2.75,2.75,3.25,2.62,2-0,9.0,,,,0.4914326269897597,2
1719508.0,1.0,0.0,1.0,2.3,3.6,3.0,1.998887151152412,2.999284894229925,2.3013118538843944,2.991084364394645,2.294024890724468,0.548498845265589,baixa,5.0,1719900,Euro,2025-05-15,,Áustria,Romênia,1,1,2,3.1,2.3,3.1,2.3,2.3,3.5,3.1,1-1,7.5,,,,0.5537840952746832,2
1720019.0,2.0,1.0,3.0,2.75,3.5,2.45,1.998675444242013,2.7506153474238038,2.452347949779582,2.424551796775633,2.7476807101773595,0.4789473684210527,baixa,5.0,1719907,Euro,2025-05-15,,Ucrânia,Eslovênia,1,0,1,3.0,2.5,3.0,2.5,2.5,3.2,3.0,1-0,10.0,,,,0.5318725099601593,2
1720227.0,2.0,2.0,4.0,2.15,3.4,3.4,0.9993074492386056,2.150704188728857,3.383392823359133,2.148919455009971,3.397089428591105,0.5811688311688311,baixa,5.0,1719914,Euro,2025-05-15,,Inglaterra,Espanha,0,4,4,2.3,2.9,2.3,2.9,2.3,3.6,2.9,0-4,6.0,,,,0.5425364316660103,1
1719677.0,1.0,2.0,3.0,2.15,3.4,3.5,0.0014874206417154,2.150704188728857,3.494849564798713,3.500345082282428,2.154499962017981,0.5858425285206658,baixa,5.0,1719921,Euro,2025-05-15,,Eslováquia,Portugal,1,1,2,2.3,3.1,2.3,3.1,3.1,3.4,2.3,1-1,7.5,,,,0.4466457434287955,0
1719297.0,2.0,0.0,2.0,2.1,3.5,3.5,2.000565096000728,3.499444946218892,2.1030742539492184,3.5041415644889247,2.101011724784923,0.590909090909091,baixa,5.0,1719928,Euro,2025-05-15,,Croácia,Itália,1,3,4,2.55,2.75,2.55,2.75,2.55,3.4,2.75,1-3,7.5,,,,0.5135823429541597,2
1719899.0,1.0,1.0,2.0,2.07,3.4,3.75,0.9998132373725926,3.749115295519606,2.071331835365235,3.747006892777316,2.075237791949803,0.6036641803234062,média,10.0,1719935,Euro,2025-05-15,,Sérvia,Escócia,0,0,0,3.0,2.37,3.0,2.37,2.37,3.3,3.0,0-0,8.5,,,,0.5418629938383472,1
1719581.0,0.0,0.0,0.0,2.7,3.3,2.62,0.9997401768556164,2.6201712772984336,2.699186815794319,2.6233241646390555,2.7061565110339982,0.49464068209500606,baixa,5.0,1719942,Euro,2025-05-15,,França,Albânia,0,0,0,3.8,2.02,3.8,2.02,2.02,3.4,3.8,0-0,8.5,,,,0.6101806000582581,1
1719961.0,1.0,2.0,3.0,2.87,3.5,2.4,0.0010228657615399,2.870255566672105,2.4036201225088525,2.3878472654112866,2.869145693633965,0.4675324675324675,baixa,5.0,1719948,Euro,2025-05-15,,Escócia,Hungria,1,3,4,2.45,2.87,2.45,2.87,2.45,3.4,2.87,1-3,8.0,,,,0.5284241326459523,0
1720070.0,3.0,3.0,6.0,2.37,3.4,3.0,0.8805315392634435,2.3730215562937524,2.996762067509746,2.3887737598940904,3.0367629403763217,0.5422185430463576,baixa,5.0,1719956,Euro,2025-05-15,,República Tcheca,Suíça,1,0,1,2.8,2.55,2.8,2.55,2.55,3.3,2.8,1-0,8.5,,,,0.5166364186327888,1
1719796.0,1.0,0.0,1.0,2.37,3.6,2.87,1.998887151152412,2.8697479428657404,2.370133748537402,2.8616955703695943,2.366701154606588,0.5350659824903861,baixa,5.0,1719683,Euro,2025-05-15,,Sérvia,Romênia,2,2,4,2.3,3.1,2.3,3.1,2.3,3.4,3.1,2-2,8.0,,,,0.5533542565712045,2
1719981.0,1.0,1.0,2.0,2.9,3.6,2.3,0.9998132373725926,2.301989871863784,2.901056666017372,2.27326786192402,2.897472383934139,0.45746356833398977,baixa,5.0,1719690,Euro,2025-05-15,,Eslováquia,Espanha,0,2,2,2.25,3.1,2.25,3.1,3.1,3.5,2.25,0-2,7.0,,,,0.4421206225680933,1
1719758.0,2.0,1.0,3.0,2.45,3.4,2.9,1.9986754442420127,2.4496020145563464,2.899914932322958,2.884392485106141,2.487572054223768,0.5302431310535678,baixa,5.0,1719696,Euro,2025-05-15,,Áustria,Alemanha,2,1,3,2.8,2.5,2.5,2.8,2.8,3.5,2.5,2-1,7.5,,,,0.4794520547945206,2
1719614.0,0.0,0.0,0.0,2.0,3.6,3.6,0.9997401768556164,3.599442705927997,2.00281252880718,3.6021534539464164,2.006726570012244,0.6052631578947368,média,10.0,1719703,Euro,2025-05-15,,Polônia,Turquia,2,1,3,2.7,2.75,2.75,2.7,2.7,3.2,2.75,2-1,10.0,,,,0.5032173738186205,1
1719688.0,0.0,0.0,0.0,2.25,3.6,3.1,0.9997401768556164,3.100097694397745,2.250804911922696,3.084412365888446,2.2471560463645144,0.5583190394511148,baixa,5.0,1719711,Euro,2025-05-15,,Itália,Países Baixos,1,0,1,2.9,2.37,2.9,2.37,2.37,3.5,2.9,1-0,7.0,,,,0.5366340153250652,1
1719431.0,3.0,2.0,5.0,2.05,3.6,3.6,1.9992660529649615,2.049985824437865,3.598095641068838,2.0323129461566274,3.5796053514520145,0.6006493506493505,média,10.0,1719718,Euro,2025-05-15,,Polônia,República Tcheca,1,1,2,2.87,2.6,2.87,2.6,2.6,3.2,2.87,1-1,10.0,,,,0.5173035328046143,2
1720219.0,1.0,1.0,2.0,3.5,3.6,2.05,0.9998132373725926,2.064321801803871,3.344717809765991,2.116361208527938,3.3951847581714274,0.40388510403240657,baixa,5.0,1719725,Euro,2025-05-15,,Bélgica,Alemanha,0,3,3,2.6,2.62,2.62,2.6,2.6,3.5,2.62,0-3,6.5,,,,0.5013954230125189,1
1719549.0,2.0,2.0,4.0,2.45,3.6,2.75,0.999222992788153,2.4497270620858576,2.750553811928084,2.558240695886349,2.818103389161794,0.5212118236276146,baixa,5.0,1719732,Euro,2025-05-15,,Albânia,Itália,3,0,3,2.87,2.6,2.6,2.87,2.87,3.2,2.6,3-0,10.0,,,,0.4826964671953857,1
1720103.0,1.0,2.0,3.0,3.1,3.4,2.3,0.0010228657615399,3.0993611475038976,2.3041917287310696,2.3066372060175366,3.096528650052308,0.4466457434287955,baixa,5.0,1719739,Euro,2025-05-15,,Eslováquia,Suíça,0,1,1,2.5,2.75,2.5,2.75,2.75,3.5,2.5,0-1,7.0,,,,0.4826732673267327,0
1720031.0,3.0,4.0,7.0,2.7,3.5,2.55,0.8792960090149199,2.700757055672104,2.5485344919701816,2.7585048971870125,2.531427263747568,0.4896080760095012,baixa,5.0,1719745,Euro,2025-05-15,,República Tcheca,Portugal,0,3,3,2.8,2.55,2.55,2.8,2.8,3.3,2.55,0-3,8.5,,,,0.4833635813672111,0
1719652.0,1.0,1.0,2.0,2.75,3.2,2.7,0.9998132373725926,2.700228148317589,2.7490800969400326,2.713673632134211,2.757421757850614,0.49678262618137947,baixa,5.0,1719752,Euro,2025-05-15,,Geórgia,Alemanha,0,1,1,2.15,3.3,2.15,3.3,3.3,3.5,2.15,0-1,7.5,,,,0.423098968284295,1
1720201.0,1.0,0.0,1.0,2.7,3.3,2.62,1.998887151152412,2.620295539275684,2.698854927294127,2.6289160710505874,2.704855133082884,0.49464068209500606,baixa,5.0,1719760,Euro,2025-05-15,,Bélgica,Ucrânia,0,1,1,3.3,2.2,3.3,2.2,2.2,3.5,3.3,0-1,7.5,,,,0.5726141078838175,2
1719907.0,1.0,0.0,1.0,2.5,3.2,3.0,1.998887151152412,2.999284894229925,2.50006916194877,3.0042743741725584,2.499979579062052,0.5318725099601593,baixa,5.0,1719768,Euro,2025-05-15,,Suíça,Escócia,2,1,3,2.37,2.9,2.9,2.37,2.37,3.5,2.9,2-1,7.0,,,,0.5366340153250652,2
1719483.0,2.0,1.0,3.0,2.0,3.6,3.6,1.9986754442420127,2.000657000253286,3.5980187550940896,3.602168517991586,2.0059865979903213,0.6052631578947368,média,10.0,1719774,Euro,2025-05-15,,Sérvia,Espanha,0,3,3,2.7,2.6,2.6,2.7,2.7,3.4,2.6,0-3,7.5,,,,0.4932108626198083,2
1719708.0,3.0,0.0,3.0,2.9,3.3,2.45,2.0051235252592297,2.899359219485357,2.4524653225515967,2.4393327363392534,2.900448234090074,0.47001211631663975,baixa,5.0,1719780,Euro,2025-05-15,,França,República Tcheca,3,0,3,2.07,3.6,3.6,2.07,2.07,3.4,3.6,3-0,8.0,,,,0.5973063973063973,2
1719807.0,0.0,3.0,3.0,2.1,3.6,3.4,-0.0066261012171819,2.101211422150215,3.395124824227084,3.397133526767945,2.1056456811489945,0.5868596881959911,baixa,5.0,1719788,Euro,2025-05-15,,Ucrânia,Eslováquia,0,1,1,3.1,2.3,3.1,2.3,2.3,3.4,3.1,0-1,8.0,,,,0.5533542565712045,0
1719511.0,1.0,2.0,3.0,2.45,3.5,2.87,0.0014874206417154,2.4496020145563464,2.8712970252223986,2.8629424181229526,2.4815866032821043,0.5286532951289398,baixa,5.0,1719796,Euro,2025-05-15,,França,Alemanha,1,0,1,2.87,2.37,2.87,2.37,2.37,3.6,2.87,1-0,6.5,,,,0.5350659824903861,0
1720035.0,0.0,0.0,0.0,2.1,3.3,3.6,0.9997401768556164,3.599442705927997,2.0987278722837823,3.5969381338550117,2.103754878674941,0.5938566552901022,baixa,5.0,1719802,Euro,2025-05-15,,Romênia,Sérvia,4,0,4,2.62,2.7,2.62,2.7,2.62,3.4,2.7,4-0,8.0,,,,0.505404975757094,1
1719774.0,0.0,3.0,3.0,2.7,3.4,2.6,-0.005373015557156,2.6993654020523654,2.601032929247419,2.612787007014472,2.7089352509035938,0.49321086261980834,baixa,5.0,1719809,Euro,2025-05-15,,Geórgia,Albânia,1,0,1,2.7,2.75,2.7,2.75,2.75,3.2,2.7,1-0,10.0,,,,0.4967826261813794,0
1719863.0,1.0,0.0,1.0,3.1,3.4,2.3,1.998887151152412,2.301425633447626,3.093749286229865,2.299809486201244,3.0990256289484392,0.4466457434287955,baixa,5.0,1719816,Euro,2025-05-15,,Croácia,Romênia,2,3,5,2.25,3.1,2.25,3.1,2.25,3.5,3.1,2-3,7.0,,,,0.5578793774319065,2
1719492.0,1.0,1.0,2.0,2.3,3.5,3.1,0.9998132373725926,3.0999788620268407,2.3013118538843944,3.0865977656844503,2.294024890724468,0.5537840952746832,baixa,5.0,1719544,Euro,2025-05-15,,Bélgica,Albânia,0,0,0,3.4,2.2,3.4,2.2,2.2,3.3,3.4,0-0,9.0,,,,0.576271186440678,1
1719871.0,1.0,0.0,1.0,1.85,3.75,4.2,1.998887151152412,4.20241885536287,1.8500424142683167,4.196574163065048,1.866452064116968,0.6446688007879832,média,10.0,1719551,Euro,2025-05-15,,Polônia,Portugal,0,2,2,2.45,2.9,2.45,2.9,2.9,3.3,2.45,0-2,8.5,,,,0.4700121163166397,2
1719401.0,2.0,2.0,4.0,3.0,3.4,2.37,0.9993479218055836,2.9995531077935293,2.3515580436352,2.979062777325724,2.351786304537142,0.45778145695364236,baixa,5.0,1719565,Euro,2025-05-15,,França,Portugal,1,3,4,2.3,3.0,2.3,3.0,2.3,3.5,3.0,1-3,7.0,,,,0.5481335952848724,1
1720115.0,0.0,2.0,2.0,2.37,3.5,2.9,0.0016304926660449,2.900165359808409,2.3702308914935646,2.880608363022024,2.364421412009392,0.5366340153250652,baixa,5.0,1719571,Euro,2025-05-15,,República Tcheca,Sérvia,1,0,1,2.87,2.6,2.87,2.6,2.6,3.2,2.87,1-0,10.0,,,,0.5173035328046143,0
1719851.0,2.0,0.0,2.0,2.45,3.5,2.8,2.000669952586512,2.7996374963777884,2.449560614022329,2.8052024472535866,2.4835404434700497,0.5242718446601942,baixa,5.0,1719577,Euro,2025-05-15,,Hungria,Albânia,1,0,1,3.1,2.4,3.1,2.4,2.4,3.2,3.1,1-0,10.0,,,,0.5447284345047924,2
1719610.0,2.0,2.0,4.0,2.9,3.3,2.45,0.999222992788153,2.899359219485357,2.452542208526345,2.9146678598236835,2.467866936926955,0.47001211631663975,baixa,5.0,1719584,Euro,2025-05-15,,Suíça,República Tcheca,0,2,2,3.0,2.4,3.0,2.4,2.4,3.3,3.0,0-2,8.5,,,,0.5395683453237411,1
1719920.0,1.0,0.0,1.0,1.95,3.5,4.0,1.998887151152412,3.9936982607158975,1.957176696115856,3.9972569125354154,1.9504014869123896,0.6253275109170306,média,10.0,1719592,Euro,2025-05-15,,Eslovênia,França,0,3,3,3.1,2.3,2.3,3.1,3.1,3.4,2.3,0-3,8.5,,,,0.4466457434287955,2
1720198.0,1.0,0.0,1.0,2.05,3.5,3.6,1.998887151152412,3.599323873557093,2.0519481040401337,3.602504886662762,2.052512416974541,0.5998895231080832,baixa,5.0,1719599,Euro,2025-05-15,,Suíça,Espanha,0,1,1,2.55,2.7,2.55,2.7,2.7,3.6,2.55,0-1,6.5,,,,0.4895287958115183,2
1719413.0,0.0,0.0,0.0,2.25,3.6,3.1,0.9997747670112498,3.100097694397745,2.250804911922696,3.085601166222583,2.2453519177783234,0.5583190394511148,baixa,5.0,1719605,Euro,2025-05-15,,Romênia,Albânia,1,1,2,2.9,2.5,2.9,2.5,2.5,3.3,2.9,1-1,9.0,,,,0.5263262863980853,1
1720126.0,0.0,0.0,0.0,2.3,3.6,3.0,0.9997401768556164,2.9994037266008298,2.300741494983233,2.996603483202711,2.293849341129139,0.548498845265589,baixa,5.0,1719612,Euro,2025-05-15,,Croácia,Turquia,0,1,1,3.0,2.4,3.0,2.4,2.4,3.3,3.0,0-1,8.5,,,,0.5395683453237411,1
1719940.0,1.0,0.0,1.0,2.6,3.5,2.7,1.998887151152412,2.700228148317589,2.5992617618415235,2.6918990899348936,2.5961759155145203,0.5068439577630035,baixa,5.0,1719620,Euro,2025-05-15,,Itália,Bélgica,1,1,2,2.8,2.45,2.8,2.45,2.45,3.5,2.8,1-1,7.5,,,,0.5242718446601942,2
1719869.0,1.0,1.0,2.0,2.35,3.6,2.9,0.9998132373725926,2.900046527437505,2.350516334182583,2.876205376120625,2.335865444103562,0.5384989305852614,baixa,5.0,1719627,Euro,2025-05-15,,Inglaterra,Suíça,0,1,1,3.3,2.1,3.3,2.1,2.1,3.6,3.3,0-1,6.5,,,,0.5819112627986349,1
1719692.0,4.0,1.0,5.0,2.1,3.4,3.5,2.003499825469747,2.101575416702302,3.4949264507734616,2.102163359709366,3.5051041013574946,0.590185676392573,baixa,5.0,1719634,Euro,2025-05-15,,Romênia,Países Baixos,2,2,4,2.62,2.55,2.62,2.55,2.62,3.6,2.55,2-2,6.5,,,,0.4950183845332699,2
1719737.0,1.0,0.0,1.0,2.4,3.3,3.0,1.998887151152412,2.999284894229925,2.3994707876673216,2.998545712224826,2.397111869769519,0.5395683453237411,baixa,5.0,1719641,Euro,2025-05-15,,Polônia,Geórgia,2,1,3,2.25,3.3,3.3,2.25,2.25,3.3,3.3,2-1,9.0,,,,0.5673076923076923,2
1720149.0,2.0,1.0,3.0,2.1,3.6,3.3,1.998675444242013,2.1010925897793107,3.296807337455286,3.315753880673906,2.102607803429817,0.5819112627986349,baixa,5.0,1719646,Euro,2025-05-15,,República Tcheca,Romênia,2,2,4,2.37,3.0,2.37,3.0,2.37,3.4,3.0,2-2,8.5,,,,0.5422185430463576,2
1719687.0,3.0,1.0,4.0,2.0,3.6,3.75,1.998483296742794,2.000657000253286,3.746941219848684,1.9893428553373131,3.7210569391774935,0.6117021276595744,média,10.0,1719655,Euro,2025-05-15,,Bélgica,Áustria,2,3,5,2.3,3.0,2.3,3.0,2.3,3.5,3.0,2-3,7.5,,,,0.5481335952848724,2
1720171.0,0.0,1.0,1.0,2.87,3.4,2.45,0.001060296481868,2.450291019955895,2.864660658308631,2.4459552232670925,2.874220050699273,0.47157586735404766,baixa,5.0,1719662,Euro,2025-05-15,,República Tcheca,Polônia,1,1,2,3.1,2.4,3.1,2.4,2.4,3.2,3.1,1-1,10.0,,,,0.5447284345047924,0
1719865.0,2.0,0.0,2.0,1.95,3.6,3.8,2.000669952586512,3.798563291209635,1.957176696115856,3.798128143798733,1.9607516762246984,0.6184631803628603,média,10.0,1719669,Euro,2025-05-15,,Eslováquia,Dinamarca,1,1,2,2.45,2.9,2.45,2.9,2.9,3.3,2.45,1-1,8.5,,,,0.4700121163166397,2
1719540.0,2.0,1.0,3.0,2.5,3.4,2.8,1.9986754442420127,2.5009338392998943,2.7986718247635465,2.810949148936438,2.4977183268896583,0.5203836930455635,baixa,5.0,1719675,Euro,2025-05-15,,Inglaterra,Ucrânia,1,1,2,3.6,2.02,3.6,2.02,2.02,3.6,3.6,1-1,7.0,,,,0.6034031413612565,2
1719343.0,0.0,1.0,1.0,2.9,3.25,2.5,0.0010948866375014,2.5004258908124326,2.899170994043608,2.526207972148672,2.8905169767762997,0.47379032258064524,baixa,5.0,1719406,Euro,2025-05-15,,Áustria,República Tcheca,0,0,0,3.1,2.4,3.1,2.4,2.4,3.25,3.1,0-0,9.0,,,,0.5449338336954375,0
1719720.0,1.0,3.0,4.0,1.9,3.6,4.0,0.0044444810182421,1.901582000394344,3.973583640250841,1.9022070575411725,3.9070061829011817,0.6310679611650486,média,10.0,1719413,Euro,2025-05-15,,Alemanha,Países Baixos,0,0,0,3.1,2.25,3.1,2.25,2.25,3.6,3.1,0-0,6.5,,,,0.5583190394511148,0
1719812.0,0.0,2.0,2.0,3.3,3.5,2.15,0.001163003231775,2.151791857399834,3.298046914738844,2.145144736884659,3.306095680538772,0.423098968284295,baixa,5.0,1719420,Euro,2025-05-15,,Ucrânia,Portugal,0,1,1,2.45,2.9,2.45,2.9,2.9,3.4,2.45,0-1,7.5,,,,0.4697568689464321,0
1719326.0,4.0,2.0,6.0,3.4,3.5,2.1,1.6227231300449616,3.3977977483579,2.099223414994761,3.462849116743881,2.063301552697208,0.41379310344827597,baixa,5.0,1719427,Euro,2025-05-15,,França,Sérvia,1,0,1,3.4,2.15,3.4,2.15,2.15,3.5,3.4,1-0,8.0,,,,0.5818215821956236,2
1719715.0,0.0,1.0,1.0,2.5,3.2,3.0,0.001060296481868,2.9994037266008298,2.500283677676947,3.0042743741725584,2.499743745611998,0.5318725099601593,baixa,5.0,1719433,Euro,2025-05-15,,Espanha,Romênia,2,0,2,3.3,2.1,3.3,2.1,2.1,3.6,3.3,2-0,6.5,,,,0.5819112627986349,0
1719582.0,2.0,1.0,3.0,2.55,3.25,2.87,1.9986754442420127,2.550655172827512,2.8712970252223986,2.883744097626753,2.5444363993597365,0.520855475565003,baixa,5.0,1719441,Euro,2025-05-15,,Geórgia,Sérvia,4,2,6,2.9,2.5,2.9,2.5,2.9,3.25,2.5,4-2,9.0,,,,0.4737903225806452,2
1720210.0,0.0,3.0,3.0,2.2,3.4,3.3,-0.0066261012171819,2.2006852519011697,3.2954007990226133,3.322622408994858,2.2050727714307428,0.5720338983050847,baixa,5.0,1719447,Euro,2025-05-15,,Ucrânia,Hungria,0,1,1,2.8,2.55,2.8,2.55,2.55,3.3,2.8,0-1,8.5,,,,0.5166364186327888,0
1720051.0,0.0,2.0,2.0,2.35,3.4,3.0,0.0016304926660449,2.9994037266008298,2.350613477138746,2.9966873331316526,2.3392336740918536,0.5437797147385103,baixa,5.0,1719455,Euro,2025-05-15,,Bélgica,Suíça,1,0,1,3.0,2.3,3.0,2.3,2.3,3.6,3.0,1-0,6.5,,,,0.548498845265589,0
1719925.0,3.0,0.0,3.0,3.0,3.4,2.37,2.00512352525923,2.9995531077935293,2.3514811576604515,2.366328804360196,2.994253795253614,0.45778145695364236,baixa,5.0,1719462,Euro,2025-05-15,,Romênia,República Tcheca,0,2,2,2.8,2.55,2.8,2.55,2.55,3.3,2.8,0-2,8.5,,,,0.5166364186327888,2
1720086.0,1.0,1.0,2.0,2.62,3.3,2.7,0.9998132373725926,2.700228148317589,2.6192838931159867,2.7124844362429283,2.601995880901224,0.5053593179049939,baixa,5.0,1719469,Euro,2025-05-15,,Dinamarca,Eslovênia,1,0,1,3.4,2.3,3.4,2.3,2.3,3.2,3.4,1-0,10.0,,,,0.5675364543361474,1
1719577.0,1.0,0.0,1.0,2.4,3.2,3.1,1.998887151152412,3.0999788620268407,2.3994707876673216,3.091635185527219,2.3956860908808246,0.5447284345047924,baixa,5.0,1719476,Euro,2025-05-15,,Turquia,Áustria,0,0,0,2.9,2.45,2.9,2.45,2.45,3.3,2.9,0-0,9.0,,,,0.5299878836833603,2
1720173.0,0.0,1.0,1.0,2.62,3.3,2.7,0.001060296481868,2.7001038863403384,2.619498408844164,2.709348649531282,2.601945418692247,0.5053593179049939,baixa,5.0,1719483,Euro,2025-05-15,,Espanha,Eslováquia,2,1,3,2.0,3.6,3.6,2.0,2.0,3.6,3.6,2-1,7.0,,,,0.6052631578947368,0
1720049.0,0.0,1.0,1.0,1.76,3.8,4.5,-0.0008602701333056,4.179551430338017,2.3455251440045397,4.478352946278686,1.774720813787584,0.6641856944619653,média,10.0,1719490,Euro,2025-05-15,,Inglaterra,Romênia,0,1,1,3.6,2.0,3.6,2.0,2.0,3.6,3.6,0-1,6.5,,,,0.6052631578947368,0
,,,,,,,,,,,,,,,1719496,Euro,2025-05-15,,Países Baixos,República Tcheca,1,1,2,3.1,2.35,3.1,2.35,2.35,3.4,3.1,1-1,8.0,,,,0.5493898895990703,0
,,,,,,,,,,,,,,,1719503,Euro,2025-05-15,,Bélgica,Eslováquia,3,1,4,2.05,3.6,2.05,3.6,2.05,3.5,3.6,3-1,7.5,,,,0.5998895231080832,0
,,,,,,,,,,,,,,,1719511,Euro,2025-05-15,,Dinamarca,Países Baixos,1,2,3,2.45,2.87,2.87,2.45,2.45,3.5,2.87,1-2,7.5,,,,0.5286532951289398,0
,,,,,,,,,,,,,,,1719517,Euro,2025-05-15,,Geórgia,Ucrânia,1,1,2,2.62,2.7,2.62,2.7,2.7,3.3,2.62,1-1,8.5,,,,0.494640682095006,0
,,,,,,,,,,,,,,,1719525,Euro,2025-05-15,,Croácia,República Tcheca,3,2,5,2.35,3.1,2.35,3.1,2.35,3.3,3.1,3-2,9.0,,,,0.5489711119905025,0
,,,,,,,,,,,,,,,1719532,Euro,2025-05-15,,Hungria,Eslovênia,0,1,1,3.1,2.4,3.1,2.4,2.4,3.2,3.1,0-1,10.0,,,,0.5447284345047924,0
,,,,,,,,,,,,,,,1719266,Euro,2025-05-15,,Espanha,Ucrânia,1,2,3,2.1,3.4,3.4,2.1,2.1,3.6,3.4,1-2,7.0,,,,0.5868596881959911,0
,,,,,,,,,,,,,,,1719273,Euro,2025-05-15,,Hungria,Países Baixos,1,1,2,2.7,2.6,2.7,2.6,2.6,3.5,2.7,1-1,7.0,,,,0.5068439577630035,0
,,,,,,,,,,,,,,,1719280,Euro,2025-05-15,,República Tcheca,Dinamarca,0,2,2,2.75,2.7,2.75,2.7,2.7,3.2,2.75,0-2,10.0,,,,0.5032173738186205,0
,,,,,,,,,,,,,,,1719286,Euro,2025-05-15,,Itália,Portugal,0,0,0,2.75,2.55,2.75,2.55,2.55,3.4,2.75,0-0,7.5,,,,0.5135823429541597,0
,,,,,,,,,,,,,,,1719294,Euro,2025-05-15,,Alemanha,Eslováquia,1,2,3,1.95,3.8,3.8,1.95,1.95,3.6,3.8,1-2,7.5,,,,0.6184631803628603,0
,,,,,,,,,,,,,,,1719300,Euro,2025-05-15,,Espanha,Sérvia,2,1,3,2.25,3.2,3.2,2.25,2.25,3.4,3.2,2-1,7.5,,,,0.5627671978235522,0
,,,,,,,,,,,,,,,1719308,Euro,2025-05-15,,Inglaterra,Países Baixos,1,3,4,2.15,3.2,2.15,3.2,2.15,3.6,3.2,1-3,6.0,,,,0.5723029839326702,0
,,,,,,,,,,,,,,,1719315,Euro,2025-05-15,,Albânia,Suíça,2,1,3,2.62,2.75,2.75,2.62,2.62,3.3,2.75,2-1,8.5,,,,0.5086054721977052,0
,,,,,,,,,,,,,,,1719322,Euro,2025-05-15,,Hungria,Escócia,1,3,4,2.45,2.9,2.45,2.9,2.45,3.4,2.9,1-3,8.0,,,,0.5302431310535678,0
,,,,,,,,,,,,,,,1719329,Euro,2025-05-15,,Eslováquia,Albânia,1,2,3,2.7,2.75,2.75,2.7,2.7,3.2,2.75,1-2,10.0,,,,0.5032173738186205,0
,,,,,,,,,,,,,,,1719335,Euro,2025-05-15,,Alemanha,Espanha,0,1,1,2.87,2.37,2.87,2.37,2.37,3.6,2.87,0-1,6.5,,,,0.5350659824903861,0
,,,,,,,,,,,,,,,1719343,Euro,2025-05-15,,Eslovênia,Portugal,0,1,1,2.5,2.9,2.5,2.9,2.9,3.25,2.5,0-1,9.0,,,,0.4737903225806452,0
,,,,,,,,,,,,,,,1719350,Euro,2025-05-15,,República Tcheca,Croácia,1,0,1,2.75,2.62,2.75,2.62,2.62,3.3,2.75,1-0,8.5,,,,0.5086054721977052,0
,,,,,,,,,,,,,,,1719357,Euro,2025-05-15,,Bélgica,Escócia,1,1,2,3.1,2.25,3.1,2.25,2.25,3.5,3.1,1-1,7.0,,,,0.5578793774319065,0
,,,,,,,,,,,,,,,1719363,Euro,2025-05-15,,Suíça,Polônia,1,1,2,3.1,2.3,3.1,2.3,2.3,3.4,3.1,1-1,8.0,,,,0.5533542565712045,0
,,,,,,,,,,,,,,,1719371,Euro,2025-05-15,,Portugal,Escócia,1,1,2,3.3,2.2,3.3,2.2,2.2,3.5,3.3,1-1,7.5,,,,0.5726141078838175,0
,,,,,,,,,,,,,,,1719378,Euro,2025-05-15,,Itália,Croácia,2,1,3,2.37,3.0,3.0,2.37,2.37,3.4,3.0,2-1,7.5,,,,0.5422185430463576,0
,,,,,,,,,,,,,,,1719385,Euro,2025-05-15,,Eslovênia,Inglaterra,0,1,1,2.3,3.1,2.3,3.1,3.1,3.4,2.3,0-1,8.5,,,,0.4466457434287955,0
,,,,,,,,,,,,,,,1719392,Euro,2025-05-15,,Espanha,Países Baixos,0,0,0,3.0,2.3,3.0,2.3,2.3,3.6,3.0,0-0,6.0,,,,0.548498845265589,0
,,,,,,,,,,,,,,,1719399,Euro,2025-05-15,,Geórgia,Suíça,0,3,3,2.87,2.45,2.45,2.87,2.87,3.4,2.45,0-3,7.5,,,,0.4715758673540476,0
,,,,,,,,,,,,,,,1720100,Copa,2025-05-15,,Japão,Marrocos,1,0,1,2.9,2.45,2.9,2.45,2.45,3.3,2.9,1-0,8.5,,,,0.5299878836833603,0
,,,,,,,,,,,,,,,1720109,Copa,2025-05-15,,Austrália,Senegal,1,1,2,2.45,2.9,2.45,2.9,2.9,3.3,2.45,1-1,8.5,,,,0.4700121163166397,0
,,,,,,,,,,,,,,,1720114,Copa,2025-05-15,,Argentina,Gana,0,2,2,3.8,1.95,3.8,1.95,1.95,3.6,3.8,0-2,7.5,,,,0.6184631803628603,0
,,,,,,,,,,,,,,,1720121,Copa,2025-05-15,,País de Gales,Inglaterra,0,0,0,2.15,3.3,2.15,3.3,3.3,3.5,2.15,0-0,7.5,,,,0.423098968284295,0
,,,,,,,,,,,,,,,1720128,Copa,2025-05-15,,Países Baixos,Canadá,2,1,3,2.0,3.75,3.75,2.0,2.0,3.5,3.75,2-1,7.5,,,,0.6108597285067873,0
,,,,,,,,,,,,,,,1720135,Copa,2025-05-15,,Arábia Saudita,Uruguai,1,1,2,2.3,3.0,2.3,3.0,3.0,3.5,2.3,1-1,7.0,,,,0.4518664047151276,0
,,,,,,,,,,,,,,,1720143,Copa,2025-05-15,,Países Baixos,Marrocos,3,1,4,2.1,3.5,2.1,3.5,2.1,3.5,3.5,3-1,7.5,,,,0.590909090909091,0
,,,,,,,,,,,,,,,1720148,Copa,2025-05-15,,Gana,Bélgica,1,2,3,3.1,2.3,2.3,3.1,3.1,3.4,2.3,1-2,7.5,,,,0.4466457434287955,0
,,,,,,,,,,,,,,,1720156,Copa,2025-05-15,,Equador,Suíça,3,1,4,2.6,2.7,2.6,2.7,2.6,3.5,2.7,3-1,7.0,,,,0.5068439577630035,0
,,,,,,,,,,,,,,,1720164,Copa,2025-05-15,,França,Espanha,1,2,3,2.37,2.87,2.87,2.37,2.37,3.6,2.87,1-2,6.5,,,,0.5350659824903861,0
,,,,,,,,,,,,,,,1720170,Copa,2025-05-15,,Arábia Saudita,Costa Rica,3,1,4,2.5,2.75,2.5,2.75,2.5,3.5,2.75,3-1,7.0,,,,0.5173267326732675,0
,,,,,,,,,,,,,,,1720177,Copa,2025-05-15,,França,Alemanha,0,3,3,2.3,3.0,3.0,2.3,2.3,3.5,3.0,0-3,7.0,,,,0.5481335952848724,0
,,,,,,,,,,,,,,,1720184,Copa,2025-05-15,,Dinamarca,Brasil,0,2,2,2.37,2.87,2.37,2.87,2.87,3.6,2.37,0-2,6.5,,,,0.4649340175096139,0
,,,,,,,,,,,,,,,1720191,Copa,2025-05-15,,Qatar,Sérvia,2,4,6,2.87,2.6,2.87,2.6,2.87,3.2,2.6,2-4,10.0,,,,0.4826964671953857,0
,,,,,,,,,,,,,,,1720200,Copa,2025-05-15,,Dinamarca,Polônia,2,0,2,3.0,2.3,3.0,2.3,2.3,3.5,3.0,2-0,7.5,,,,0.5481335952848724,0
,,,,,,,,,,,,,,,1720205,Copa,2025-05-15,,Uruguai,Costa Rica,2,0,2,3.6,2.05,3.6,2.05,2.05,3.5,3.6,2-0,7.5,,,,0.5998895231080832,0
,,,,,,,,,,,,,,,1720212,Copa,2025-05-15,,França,Portugal,1,0,1,3.1,2.25,3.1,2.25,2.25,3.6,3.1,1-0,6.5,,,,0.5583190394511148,0
,,,,,,,,,,,,,,,1720220,Copa,2025-05-15,,Croácia,Coreia do Sul,2,0,2,3.75,2.05,3.75,2.05,2.05,3.4,3.75,2-0,9.0,,,,0.6054455897108456,0
,,,,,,,,,,,,,,,1720226,Copa,2025-05-15,,Tunísia,Inglaterra,1,2,3,3.4,2.1,2.1,3.4,3.4,3.5,2.1,1-2,7.0,,,,0.4137931034482759,0
,,,,,,,,,,,,,,,1719961,Copa,2025-05-15,,Marrocos,Portugal,1,2,3,2.87,2.4,2.4,2.87,2.87,3.5,2.4,1-2,7.0,,,,0.4675324675324675,0
,,,,,,,,,,,,,,,1719967,Copa,2025-05-15,,País de Gales,Tunísia,0,1,1,3.0,2.37,3.0,2.37,2.37,3.4,3.0,0-1,8.5,,,,0.5422185430463576,0
,,,,,,,,,,,,,,,1719973,Copa,2025-05-15,,Suíça,França,1,0,1,2.4,2.87,2.4,2.87,2.87,3.5,2.4,1-0,7.0,,,,0.4675324675324675,0
,,,,,,,,,,,,,,,1719982,Copa,2025-05-15,,Polônia,País de Gales,0,0,0,3.25,2.25,3.25,2.25,2.25,3.4,3.25,0-0,8.5,,,,0.5653531955790485,0
,,,,,,,,,,,,,,,1719992,Copa,2025-05-15,,Arábia Saudita,Marrocos,2,1,3,2.75,2.5,2.5,2.75,2.75,3.5,2.5,2-1,7.0,,,,0.4826732673267327,0
,,,,,,,,,,,,,,,1719995,Copa,2025-05-15,,México,Gana,0,1,1,3.2,2.25,3.2,2.25,2.25,3.5,3.2,0-1,7.5,,,,0.5632730732635584,0
,,,,,,,,,,,,,,,1720003,Copa,2025-05-15,,Coreia do Sul,Alemanha,0,0,0,2.2,3.2,2.2,3.2,3.2,3.5,2.2,0-0,7.0,,,,0.4325366229760987,0
,,,,,,,,,,,,,,,1720011,Copa,2025-05-15,,Bélgica,Brasil,0,1,1,2.55,2.7,2.55,2.7,2.7,3.5,2.55,0-1,7.0,,,,0.4896080760095012,0
,,,,,,,,,,,,,,,1720016,Copa,2025-05-15,,Equador,Senegal,2,1,3,2.62,2.7,2.7,2.62,2.62,3.3,2.7,2-1,9.0,,,,0.5053593179049939,0
,,,,,,,,,,,,,,,1720023,Copa,2025-05-15,,Portugal,Canadá,0,2,2,3.6,2.0,3.6,2.0,2.0,3.6,3.6,0-2,7.0,,,,0.6052631578947368,0
,,,,,,,,,,,,,,,1720029,Copa,2025-05-15,,EUA,Alemanha,2,1,3,2.8,2.55,2.55,2.8,2.8,3.3,2.55,2-1,8.5,,,,0.4833635813672111,0
,,,,,,,,,,,,,,,1720037,Copa,2025-05-15,,Tunísia,Dinamarca,2,0,2,2.35,3.0,2.35,3.0,3.0,3.5,2.35,2-0,7.0,,,,0.4558680892337536,0
,,,,,,,,,,,,,,,1720044,Copa,2025-05-15,,Uruguai,Coreia do Sul,0,1,1,3.5,2.1,3.5,2.1,2.1,3.5,3.5,0-1,7.5,,,,0.590909090909091,0
,,,,,,,,,,,,,,,1720051,Copa,2025-05-15,,Marrocos,Gana,0,2,2,3.0,2.35,3.0,2.35,2.35,3.4,3.0,0-2,7.5,,,,0.5437797147385103,0
,,,,,,,,,,,,,,,1720058,Copa,2025-05-15,,Países Baixos,Alemanha,1,3,4,2.5,2.75,2.5,2.75,2.5,3.5,2.75,1-3,7.0,,,,0.5173267326732675,0
,,,,,,,,,,,,,,,1720067,Copa,2025-05-15,,Camarões,EUA,2,1,3,2.8,2.55,2.55,2.8,2.8,3.3,2.55,2-1,8.5,,,,0.4833635813672111,0
,,,,,,,,,,,,,,,1720072,Copa,2025-05-15,,Qatar,Croácia,2,4,6,3.0,2.4,3.0,2.4,3.0,3.3,2.4,2-4,8.5,,,,0.460431654676259,0
,,,,,,,,,,,,,,,1720081,Copa,2025-05-15,,Suíça,Austrália,2,1,3,2.1,3.4,3.4,2.1,2.1,3.6,3.4,2-1,7.0,,,,0.5868596881959911,0
,,,,,,,,,,,,,,,1720086,Copa,2025-05-15,,Polônia,Croácia,1,1,2,2.7,2.62,2.7,2.62,2.62,3.3,2.7,1-1,9.0,,,,0.5053593179049939,0
,,,,,,,,,,,,,,,1720095,Copa,2025-05-15,,Gana,Espanha,2,2,4,3.2,2.2,3.2,2.2,3.2,3.6,2.2,2-2,6.5,,,,0.43202416918429,0
,,,,,,,,,,,,,,,1719820,Copa,2025-05-15,,Irã,Gana,1,3,4,2.62,2.6,2.62,2.6,2.62,3.5,2.6,1-3,7.0,,,,0.498604576987481,0
,,,,,,,,,,,,,,,1719827,Copa,2025-05-15,,Arábia Saudita,Coreia do Sul,1,0,1,2.7,2.6,2.7,2.6,2.6,3.5,2.7,1-0,7.0,,,,0.5068439577630035,0
,,,,,,,,,,,,,,,1719834,Copa,2025-05-15,,Dinamarca,Países Baixos,1,2,3,2.5,2.75,2.75,2.5,2.5,3.5,2.75,1-2,7.0,,,,0.5173267326732675,0
,,,,,,,,,,,,,,,1719841,Copa,2025-05-15,,EUA,Suíça,1,1,2,2.87,2.55,2.87,2.55,2.55,3.25,2.87,1-1,9.0,,,,0.520855475565003,0
,,,,,,,,,,,,,,,1719849,Copa,2025-05-15,,Argentina,Tunísia,1,3,4,1.9,4.0,1.9,4.0,1.9,3.6,4.0,1-3,7.5,,,,0.6310679611650486,0
,,,,,,,,,,,,,,,1719857,Copa,2025-05-15,,Polônia,Espanha,0,0,0,2.4,2.87,2.4,2.87,2.87,3.5,2.4,0-0,7.0,,,,0.4675324675324675,0
,,,,,,,,,,,,,,,1719862,Copa,2025-05-15,,Equador,Uruguai,1,3,4,2.6,2.7,2.6,2.7,2.6,3.5,2.7,1-3,7.0,,,,0.5068439577630035,0
,,,,,,,,,,,,,,,1719871,Copa,2025-05-15,,Alemanha,Irã,1,0,1,4.2,1.85,4.2,1.85,1.85,3.75,4.2,1-0,6.5,,,,0.6446688007879832,0
,,,,,,,,,,,,,,,1719875,Copa,2025-05-15,,Bélgica,Inglaterra,1,1,2,2.62,2.62,2.62,2.62,2.62,3.5,2.62,1-1,7.5,,,,0.5,0
,,,,,,,,,,,,,,,1719882,Copa,2025-05-15,,Uruguai,Senegal,0,2,2,2.9,2.5,2.9,2.5,2.5,3.3,2.9,0-2,9.0,,,,0.5263262863980853,0
,,,,,,,,,,,,,,,1719893,Copa,2025-05-15,,Coreia do Sul,Irã,2,1,3,2.25,3.1,3.1,2.25,2.25,3.5,3.1,2-1,7.0,,,,0.5578793774319065,0
,,,,,,,,,,,,,,,1719899,Copa,2025-05-15,,Inglaterra,Sérvia,1,1,2,3.75,2.07,3.75,2.07,2.07,3.4,3.75,1-1,9.0,,,,0.6036641803234062,0
,,,,,,,,,,,,,,,1719904,Copa,2025-05-15,,Uruguai,Portugal,2,1,3,2.6,2.62,2.62,2.6,2.6,3.5,2.62,2-1,6.5,,,,0.5013954230125189,0
,,,,,,,,,,,,,,,1719911,Copa,2025-05-15,,Japão,Costa Rica,0,2,2,3.3,2.2,3.3,2.2,2.2,3.4,3.3,0-2,8.5,,,,0.5720338983050847,0
,,,,,,,,,,,,,,,1719920,Copa,2025-05-15,,Bélgica,Tunísia,1,0,1,4.0,1.95,4.0,1.95,1.95,3.5,4.0,1-0,8.0,,,,0.6253275109170306,0
,,,,,,,,,,,,,,,1719927,Copa,2025-05-15,,Sérvia,Japão,0,1,1,3.3,2.35,3.3,2.35,2.35,3.1,3.3,0-1,11.0,,,,0.5582706766917294,0
,,,,,,,,,,,,,,,1719934,Copa,2025-05-15,,Senegal,Costa Rica,1,0,1,3.75,2.05,3.75,2.05,2.05,3.4,3.75,1-0,8.5,,,,0.6054455897108456,0
,,,,,,,,,,,,,,,1719940,Copa,2025-05-15,,Irã,Coreia do Sul,1,0,1,2.7,2.6,2.7,2.6,2.6,3.5,2.7,1-0,7.0,,,,0.5068439577630035,0
,,,,,,,,,,,,,,,1719946,Copa,2025-05-15,,Senegal,Argentina,2,0,2,2.55,2.8,2.55,2.8,2.8,3.3,2.55,2-0,8.5,,,,0.4833635813672111,0
,,,,,,,,,,,,,,,1719952,Copa,2025-05-15,,Brasil,Tunísia,2,1,3,1.83,4.33,4.33,1.83,1.83,3.75,4.33,2-1,7.0,,,,0.6510931894442671,0
,,,,,,,,,,,,,,,1719682,Copa,2025-05-15,,Dinamarca,Marrocos,2,1,3,2.15,3.3,3.3,2.15,2.15,3.5,3.3,2-1,7.5,,,,0.576901031715705,0
,,,,,,,,,,,,,,,1719688,Copa,2025-05-15,,Inglaterra,Portugal,0,0,0,3.1,2.25,3.1,2.25,2.25,3.6,3.1,0-0,6.5,,,,0.5583190394511148,0
,,,,,,,,,,,,,,,1719698,Copa,2025-05-15,,Austrália,Marrocos,0,1,1,2.7,2.6,2.7,2.6,2.6,3.5,2.7,0-1,7.0,,,,0.5068439577630035,0
,,,,,,,,,,,,,,,1719701,Copa,2025-05-15,,Costa Rica,Bélgica,1,1,2,2.15,3.3,2.15,3.3,3.3,3.5,2.15,1-1,7.5,,,,0.423098968284295,0
,,,,,,,,,,,,,,,1719710,Copa,2025-05-15,,Austrália,Brasil,1,1,2,2.02,3.5,2.02,3.5,3.5,3.75,2.02,1-1,6.5,,,,0.4000720201656463,0
,,,,,,,,,,,,,,,1719715,Copa,2025-05-15,,Polônia,Sérvia,0,1,1,3.0,2.5,3.0,2.5,2.5,3.2,3.0,0-1,10.0,,,,0.5318725099601593,0
,,,,,,,,,,,,,,,1719722,Copa,2025-05-15,,Tunísia,Portugal,1,3,4,3.0,2.3,3.0,2.3,3.0,3.5,2.3,1-3,7.0,,,,0.4518664047151276,0
,,,,,,,,,,,,,,,1719729,Copa,2025-05-15,,Qatar,Espanha,1,1,2,2.15,3.3,2.15,3.3,3.3,3.6,2.15,1-1,7.0,,,,0.4225154407636159,0
,,,,,,,,,,,,,,,1719736,Copa,2025-05-15,,Países Baixos,Croácia,0,0,0,3.0,2.4,3.0,2.4,2.4,3.3,3.0,0-0,8.5,,,,0.5395683453237411,0
,,,,,,,,,,,,,,,1719744,Copa,2025-05-15,,Argentina,França,1,0,1,2.7,2.55,2.7,2.55,2.55,3.5,2.7,1-0,7.0,,,,0.5103919239904988,0
,,,,,,,,,,,,,,,1719750,Copa,2025-05-15,,Austrália,Uruguai,2,1,3,2.87,2.4,2.4,2.87,2.87,3.5,2.4,2-1,7.0,,,,0.4675324675324675,0
,,,,,,,,,,,,,,,1719758,Copa,2025-05-15,,Polônia,México,2,1,3,2.45,2.9,2.9,2.45,2.45,3.4,2.9,2-1,8.0,,,,0.5302431310535678,0
,,,,,,,,,,,,,,,1719766,Copa,2025-05-15,,Equador,País de Gales,0,0,0,3.1,2.3,3.1,2.3,2.3,3.4,3.1,0-0,8.0,,,,0.5533542565712045,0
,,,,,,,,,,,,,,,1719771,Copa,2025-05-15,,EUA,Argentina,2,0,2,2.5,2.9,2.5,2.9,2.9,3.25,2.5,2-0,9.0,,,,0.4737903225806452,0
,,,,,,,,,,,,,,,1719782,Copa,2025-05-15,,Croácia,Marrocos,0,2,2,3.4,2.2,3.4,2.2,2.2,3.3,3.4,0-2,9.0,,,,0.576271186440678,0
,,,,,,,,,,,,,,,1719786,Copa,2025-05-15,,Coreia do Sul,Inglaterra,1,1,2,2.1,3.4,2.1,3.4,3.4,3.5,2.1,1-1,7.0,,,,0.4137931034482759,0
,,,,,,,,,,,,,,,1719792,Copa,2025-05-15,,França,EUA,1,1,2,3.75,2.07,3.75,2.07,2.07,3.4,3.75,1-1,9.0,,,,0.6036641803234062,0
,,,,,,,,,,,,,,,1719799,Copa,2025-05-15,,Bélgica,Croácia,0,0,0,3.1,2.35,3.1,2.35,2.35,3.3,3.1,0-0,9.0,,,,0.5489711119905025,0
,,,,,,,,,,,,,,,1719807,Copa,2025-05-15,,Equador,Irã,0,3,3,2.1,3.4,3.4,2.1,2.1,3.6,3.4,0-3,7.0,,,,0.5868596881959911,0
,,,,,,,,,,,,,,,1719815,Copa,2025-05-15,,Coreia do Sul,País de Gales,0,2,2,2.8,2.5,2.8,2.5,2.5,3.3,2.8,0-2,8.5,,,,0.5202123315639036,0
,,,,,,,,,,,,,,,1719541,Copa,2025-05-15,,EUA,Coreia do Sul,1,2,3,2.2,3.5,3.5,2.2,2.2,3.25,3.5,1-2,10.0,,,,0.5805529075309818,0
,,,,,,,,,,,,,,,1719548,Copa,2025-05-15,,França,México,1,2,3,2.07,3.5,3.5,2.07,2.07,3.5,3.5,1-2,7.5,,,,0.5935863874345549,0
,,,,,,,,,,,,,,,1719556,Copa,2025-05-15,,Países Baixos,Equador,2,0,2,3.3,2.15,3.3,2.15,2.15,3.5,3.3,2-0,7.5,,,,0.576901031715705,0
,,,,,,,,,,,,,,,1719562,Copa,2025-05-15,,Alemanha,Coreia do Sul,1,0,1,3.8,1.95,3.8,1.95,1.95,3.6,3.8,1-0,7.5,,,,0.6184631803628603,0
,,,,,,,,,,,,,,,1719570,Copa,2025-05-15,,Bélgica,Irã,1,0,1,4.2,1.85,4.2,1.85,1.85,3.6,4.2,1-0,7.5,,,,0.6431472081218275,0
,,,,,,,,,,,,,,,1719578,Copa,2025-05-15,,Alemanha,Países Baixos,0,0,0,2.9,2.37,2.9,2.37,2.37,3.5,2.9,0-0,7.0,,,,0.5366340153250652,0
,,,,,,,,,,,,,,,1719582,Copa,2025-05-15,,México,Senegal,2,1,3,2.55,2.87,2.87,2.55,2.55,3.25,2.87,2-1,9.0,,,,0.520855475565003,0
,,,,,,,,,,,,,,,1719589,Copa,2025-05-15,,Bélgica,Camarões,2,2,4,1.95,3.8,1.95,3.8,1.95,3.6,3.8,2-2,7.5,,,,0.6184631803628603,0
,,,,,,,,,,,,,,,1719598,Copa,2025-05-15,,Uruguai,EUA,0,0,0,3.1,2.4,3.1,2.4,2.4,3.25,3.1,0-0,9.0,,,,0.5449338336954375,0
,,,,,,,,,,,,,,,1719607,Copa,2025-05-15,,Polônia,Bélgica,1,2,3,2.8,2.5,2.5,2.8,2.8,3.4,2.5,1-2,8.0,,,,0.4796163069544364,0
,,,,,,,,,,,,,,,1719610,Copa,2025-05-15,,Sérvia,Espanha,2,2,4,2.9,2.45,2.9,2.45,2.9,3.3,2.45,2-2,8.5,,,,0.4700121163166397,0
,,,,,,,,,,,,,,,1719618,Copa,2025-05-15,,Croácia,Dinamarca,0,1,1,2.9,2.45,2.9,2.45,2.45,3.4,2.9,0-1,8.0,,,,0.5302431310535678,0
,,,,,,,,,,,,,,,1719623,Copa,2025-05-15,,País de Gales,EUA,1,2,3,2.75,2.7,2.7,2.75,2.75,3.2,2.7,1-2,10.0,,,,0.4967826261813794,0
,,,,,,,,,,,,,,,1719630,Copa,2025-05-15,,Inglaterra,Canadá,3,1,4,1.85,4.2,1.85,4.2,1.85,3.6,4.2,3-1,7.5,,,,0.6431472081218275,0
,,,,,,,,,,,,,,,1719640,Copa,2025-05-15,,Dinamarca,Alemanha,1,0,1,2.62,2.6,2.62,2.6,2.6,3.5,2.62,1-0,6.5,,,,0.5013954230125189,0
,,,,,,,,,,,,,,,1719649,Copa,2025-05-15,,Costa Rica,Polônia,0,3,3,2.87,2.45,2.45,2.87,2.87,3.4,2.45,0-3,7.5,,,,0.4715758673540476,0
,,,,,,,,,,,,,,,1719653,Copa,2025-05-15,,Senegal,Países Baixos,2,4,6,2.62,2.75,2.62,2.75,2.62,3.3,2.75,2-4,8.5,,,,0.5086054721977052,0
,,,,,,,,,,,,,,,1719661,Copa,2025-05-15,,Sérvia,Bélgica,2,2,4,2.87,2.6,2.87,2.6,2.87,3.2,2.6,2-2,10.0,,,,0.4826964671953857,0
,,,,,,,,,,,,,,,1719666,Copa,2025-05-15,,Irã,Canadá,2,1,3,2.6,2.7,2.7,2.6,2.6,3.5,2.7,2-1,7.0,,,,0.5068439577630035,0
,,,,,,,,,,,,,,,1719677,Copa,2025-05-15,,França,Senegal,1,2,3,2.15,3.5,3.5,2.15,2.15,3.4,3.5,1-2,8.5,,,,0.5858425285206658,0
,,,,,,,,,,,,,,,1719405,Copa,2025-05-15,,Portugal,Croácia,1,1,2,3.0,2.4,3.0,2.4,2.4,3.4,3.0,1-1,7.5,,,,0.5399061032863849,0
,,,,,,,,,,,,,,,1719410,Copa,2025-05-15,,Camarões,Bélgica,1,4,5,3.2,2.2,3.2,2.2,3.2,3.5,2.2,1-4,7.0,,,,0.4325366229760987,0
,,,,,,,,,,,,,,,1719417,Copa,2025-05-15,,Suíça,Países Baixos,1,2,3,2.6,2.62,2.62,2.6,2.6,3.5,2.62,1-2,7.5,,,,0.5013954230125189,0
,,,,,,,,,,,,,,,1719424,Copa,2025-05-15,,País de Gales,Costa Rica,0,0,0,3.1,2.3,3.1,2.3,2.3,3.4,3.1,0-0,8.0,,,,0.5533542565712045,0
,,,,,,,,,,,,,,,1719435,Copa,2025-05-15,,Bélgica,EUA,2,2,4,2.2,3.5,2.2,3.5,2.2,3.25,3.5,2-2,10.0,,,,0.5805529075309818,0
,,,,,,,,,,,,,,,1719439,Copa,2025-05-15,,Coreia do Sul,Canadá,1,0,1,2.9,2.45,2.9,2.45,2.45,3.4,2.9,1-0,8.0,,,,0.5302431310535678,0
,,,,,,,,,,,,,,,1719445,Copa,2025-05-15,,México,Equador,1,0,1,3.0,2.37,3.0,2.37,2.37,3.4,3.0,1-0,7.5,,,,0.5422185430463576,0
,,,,,,,,,,,,,,,1719454,Copa,2025-05-15,,Senegal,Espanha,0,0,0,2.5,2.8,2.5,2.8,2.8,3.4,2.5,0-0,8.0,,,,0.4796163069544364,0
,,,,,,,,,,,,,,,1719458,Copa,2025-05-15,,Austrália,Dinamarca,3,2,5,2.9,2.35,2.9,2.35,2.9,3.6,2.35,3-2,6.5,,,,0.4615010694147384,0
,,,,,,,,,,,,,,,1719468,Copa,2025-05-15,,Coreia do Sul,Suíça,2,1,3,2.87,2.45,2.45,2.87,2.87,3.4,2.45,2-1,7.5,,,,0.4715758673540476,0
,,,,,,,,,,,,,,,1719475,Copa,2025-05-15,,Camarões,Polônia,2,0,2,2.5,2.75,2.5,2.75,2.75,3.5,2.5,2-0,7.0,,,,0.4826732673267327,0
,,,,,,,,,,,,,,,1719480,Copa,2025-05-15,,França,Irã,3,0,3,1.76,4.5,4.5,1.76,1.76,3.8,4.5,3-0,6.5,,,,0.6641856944619653,0
,,,,,,,,,,,,,,,1719488,Copa,2025-05-15,,Costa Rica,Suíça,0,1,1,2.35,3.0,2.35,3.0,3.0,3.5,2.35,0-1,7.0,,,,0.4558680892337536,0
,,,,,,,,,,,,,,,1719494,Copa,2025-05-15,,Inglaterra,Alemanha,2,2,4,2.3,3.0,2.3,3.0,2.3,3.5,3.0,2-2,7.0,,,,0.5481335952848724,0
,,,,,,,,,,,,,,,1719501,Copa,2025-05-15,,Arábia Saudita,EUA,1,2,3,3.0,2.4,2.4,3.0,3.0,3.3,2.4,1-2,8.5,,,,0.460431654676259,0
,,,,,,,,,,,,,,,1719510,Copa,2025-05-15,,Senegal,País de Gales,0,1,1,3.5,2.2,3.5,2.2,2.2,3.25,3.5,0-1,10.0,,,,0.5805529075309818,0
,,,,,,,,,,,,,,,1719514,Copa,2025-05-15,,Espanha,Uruguai,1,0,1,3.2,2.2,3.2,2.2,2.2,3.6,3.2,1-0,7.0,,,,0.56797583081571,0
,,,,,,,,,,,,,,,1719521,Copa,2025-05-15,,Croácia,México,1,1,2,3.2,2.3,3.2,2.3,2.3,3.3,3.2,1-1,9.0,,,,0.5582124656997256,0
,,,,,,,,,,,,,,,1719529,Copa,2025-05-15,,Senegal,Sérvia,2,1,3,2.45,3.2,3.2,2.45,2.45,3.1,3.2,2-1,11.0,,,,0.545848944981266,0
,,,,,,,,,,,,,,,1719537,Copa,2025-05-15,,Canadá,Suíça,1,2,3,2.87,2.45,2.45,2.87,2.87,3.4,2.45,1-2,7.5,,,,0.4715758673540476,0
,,,,,,,,,,,,,,,1719265,Copa,2025-05-15,,Coreia do Sul,Costa Rica,3,0,3,2.35,3.0,3.0,2.35,2.35,3.4,3.0,3-0,7.5,,,,0.5437797147385103,0
,,,,,,,,,,,,,,,1719272,Copa,2025-05-15,,Suíça,Senegal,1,1,2,2.9,2.5,2.9,2.5,2.5,3.3,2.9,1-1,9.0,,,,0.5263262863980853,0
,,,,,,,,,,,,,,,1719279,Copa,2025-05-15,,Coreia do Sul,Camarões,1,1,2,2.87,2.4,2.87,2.4,2.4,3.5,2.87,1-1,7.0,,,,0.5324675324675325,0
,,,,,,,,,,,,,,,1719285,Copa,2025-05-15,,Arábia Saudita,Brasil,1,2,3,3.8,1.93,1.93,3.8,3.8,3.75,1.93,1-2,6.5,,,,0.3783460264038999,0
,,,,,,,,,,,,,,,1719291,Copa,2025-05-15,,México,Costa Rica,0,1,1,3.5,2.1,3.5,2.1,2.1,3.5,3.5,0-1,7.5,,,,0.590909090909091,0
,,,,,,,,,,,,,,,1719297,Copa,2025-05-15,,Suíça,Canadá,2,0,2,3.5,2.1,3.5,2.1,2.1,3.5,3.5,2-0,7.5,,,,0.590909090909091,0
,,,,,,,,,,,,,,,1719306,Copa,2025-05-15,,Sérvia,Gana,0,1,1,3.3,2.25,3.3,2.25,2.25,3.3,3.3,0-1,9.0,,,,0.5673076923076923,0
,,,,,,,,,,,,,,,1719312,Copa,2025-05-15,,Países Baixos,Senegal,0,1,1,3.1,2.35,3.1,2.35,2.35,3.3,3.1,0-1,9.0,,,,0.5489711119905025,0
,,,,,,,,,,,,,,,1719320,Copa,2025-05-15,,EUA,País de Gales,2,0,2,3.4,2.25,3.4,2.25,2.25,3.2,3.4,2-0,10.0,,,,0.5715118538670811,0
,,,,,,,,,,,,,,,1719325,Copa,2025-05-15,,Senegal,Croácia,1,1,2,2.87,2.6,2.87,2.6,2.6,3.2,2.87,1-1,10.0,,,,0.5173035328046143,0
,,,,,,,,,,,,,,,1719332,Copa,2025-05-15,,Alemanha,Qatar,3,3,6,1.95,3.8,1.95,3.8,1.95,3.6,3.8,3-3,7.5,,,,0.6184631803628603,0
,,,,,,,,,,,,,,,1719339,Copa,2025-05-15,,Gana,Polônia,0,1,1,2.6,2.7,2.6,2.7,2.7,3.4,2.6,0-1,7.5,,,,0.4932108626198083,0
,,,,,,,,,,,,,,,1719348,Copa,2025-05-15,,Japão,Dinamarca,1,0,1,2.55,2.8,2.55,2.8,2.8,3.4,2.55,1-0,8.0,,,,0.4832214765100671,0
,,,,,,,,,,,,,,,1719354,Copa,2025-05-15,,Croácia,EUA,1,0,1,3.25,2.35,3.25,2.35,2.35,3.1,3.25,1-0,11.0,,,,0.5558055805580557,0
,,,,,,,,,,,,,,,1719362,Copa,2025-05-15,,Marrocos,México,3,1,4,2.6,2.7,2.6,2.7,2.6,3.4,2.7,3-1,8.0,,,,0.5067891373801916,0
,,,,,,,,,,,,,,,1719368,Copa,2025-05-15,,Japão,EUA,2,0,2,2.8,2.7,2.8,2.7,2.7,3.1,2.8,2-0,11.0,,,,0.5062982527427874,0
,,,,,,,,,,,,,,,1719376,Copa,2025-05-15,,Alemanha,Dinamarca,2,2,4,2.3,3.0,2.3,3.0,2.3,3.6,3.0,2-2,6.5,,,,0.548498845265589,0
,,,,,,,,,,,,,,,1719384,Copa,2025-05-15,,Croácia,Camarões,1,0,1,3.6,2.05,3.6,2.05,2.05,3.5,3.6,1-0,8.0,,,,0.5998895231080832,0
,,,,,,,,,,,,,,,1719387,Copa,2025-05-15,,EUA,Irã,4,0,4,2.05,3.75,2.05,3.75,2.05,3.4,3.75,4-0,8.5,,,,0.6054455897108456,0
,,,,,,,,,,,,,,,1719397,Copa,2025-05-15,,Arábia Saudita,País de Gales,1,2,3,2.7,2.6,2.6,2.7,2.7,3.4,2.6,1-2,7.5,,,,0.4932108626198083,0
,,,,,,,,,,,,,,,1720105,Premier,2025-05-15,,Liverpool,Burnley,1,1,2,3.75,2.0,3.75,2.0,2.0,3.6,3.75,1-1,7.0,,,,0.6117021276595744,0
,,,,,,,,,,,,,,,1720112,Premier,2025-05-15,,West Ham,Leeds,1,2,3,2.5,3.0,3.0,2.5,2.5,3.1,3.0,1-2,11.0,,,,0.5315682281059063,0
,,,,,,,,,,,,,,,1720119,Premier,2025-05-15,,Watford,Liverpool,1,1,2,2.3,3.1,2.3,3.1,3.1,3.5,2.3,1-1,7.5,,,,0.4462159047253168,0
,,,,,,,,,,,,,,,1720126,Premier,2025-05-15,,Chelsea,Wolverhampton,0,0,0,3.0,2.3,3.0,2.3,2.3,3.6,3.0,0-0,6.5,,,,0.548498845265589,0
,,,,,,,,,,,,,,,1720133,Premier,2025-05-15,,Leeds,Norwich,2,1,3,2.15,3.4,3.4,2.15,2.15,3.4,3.4,2-1,8.5,,,,0.5811688311688311,0
,,,,,,,,,,,,,,,1720140,Premier,2025-05-15,,Leicester,Palace,0,2,2,3.2,2.25,3.2,2.25,2.25,3.5,3.2,0-2,7.5,,,,0.5632730732635584,0
,,,,,,,,,,,,,,,1720150,Premier,2025-05-15,,United,Watford,0,0,0,4.0,1.9,4.0,1.9,1.9,3.6,4.0,0-0,7.5,,,,0.6310679611650486,0
,,,,,,,,,,,,,,,1720154,Premier,2025-05-15,,Tottenham,Liverpool,0,0,0,2.8,2.55,2.8,2.55,2.55,3.3,2.8,0-0,8.5,,,,0.5166364186327888,0
,,,,,,,,,,,,,,,1720168,Premier,2025-05-15,,West Ham,Leicester,1,0,1,2.87,2.55,2.87,2.55,2.55,3.25,2.87,1-0,9.0,,,,0.520855475565003,0
,,,,,,,,,,,,,,,1720175,Premier,2025-05-15,,United,Brighton,2,0,2,4.2,1.85,4.2,1.85,1.85,3.75,4.2,2-0,6.5,,,,0.6446688007879832,0
,,,,,,,,,,,,,,,1720182,Premier,2025-05-15,,Liverpool,Wolverhampton,0,2,2,3.0,2.3,3.0,2.3,2.3,3.6,3.0,0-2,6.5,,,,0.548498845265589,0
,,,,,,,,,,,,,,,1720189,Premier,2025-05-15,,West Ham,City,1,2,3,3.25,2.25,2.25,3.25,3.25,3.4,2.25,1-2,8.0,,,,0.4346468044209515,0
,,,,,,,,,,,,,,,1720196,Premier,2025-05-15,,Burnley,Norwich,1,0,1,2.9,2.35,2.9,2.35,2.35,3.5,2.9,1-0,7.0,,,,0.5382096069868996,0
,,,,,,,,,,,,,,,1720203,Premier,2025-05-15,,Palace,Brighton,0,0,0,3.0,2.25,3.0,2.25,2.25,3.6,3.0,0-0,6.5,,,,0.5526315789473684,0
,,,,,,,,,,,,,,,1720210,Premier,2025-05-15,,Leeds,Burnley,0,3,3,2.2,3.3,3.3,2.2,2.2,3.4,3.3,0-3,8.5,,,,0.5720338983050847,0
,,,,,,,,,,,,,,,1720219,Premier,2025-05-15,,Watford,City,1,1,2,2.05,3.5,2.05,3.5,3.5,3.6,2.05,1-1,7.0,,,,0.4038851040324065,0
,,,,,,,,,,,,,,,1720224,Premier,2025-05-15,,Burnley,Leeds,2,1,3,2.7,2.62,2.62,2.7,2.7,3.3,2.62,2-1,8.5,,,,0.494640682095006,0
,,,,,,,,,,,,,,,1719960,Premier,2025-05-15,,Wolverhampton,Palace,4,0,4,2.15,3.25,2.15,3.25,2.15,3.6,3.25,4-0,6.5,,,,0.5749219562955254,0
,,,,,,,,,,,,,,,1719965,Premier,2025-05-15,,Watford,Leicester,0,1,1,2.55,2.8,2.55,2.8,2.8,3.4,2.55,0-1,8.0,,,,0.4832214765100671,0
,,,,,,,,,,,,,,,1719975,Premier,2025-05-15,,Islington,Chelsea,1,1,2,2.8,2.45,2.8,2.45,2.45,3.5,2.8,1-1,7.5,,,,0.5242718446601942,0
,,,,,,,,,,,,,,,1719979,Premier,2025-05-15,,Newcastle,Burnley,1,1,2,2.9,2.35,2.9,2.35,2.35,3.6,2.9,1-1,6.5,,,,0.5384989305852614,0
,,,,,,,,,,,,,,,1719986,Premier,2025-05-15,,Chelsea,Tottenham,1,1,2,3.0,2.4,3.0,2.4,2.4,3.3,3.0,1-1,8.5,,,,0.5395683453237411,0
,,,,,,,,,,,,,,,1719993,Premier,2025-05-15,,Leeds,Everton,1,0,1,2.8,2.5,2.8,2.5,2.5,3.3,2.8,1-0,8.5,,,,0.5202123315639036,0
,,,,,,,,,,,,,,,1720000,Premier,2025-05-15,,Palace,Norwich,0,0,0,3.1,2.3,3.1,2.3,2.3,3.5,3.1,0-0,7.0,,,,0.5537840952746832,0
,,,,,,,,,,,,,,,1720009,Premier,2025-05-15,,United,Burnley,0,1,1,4.0,1.9,4.0,1.9,1.9,3.6,4.0,0-1,7.0,,,,0.6310679611650486,0
,,,,,,,,,,,,,,,1720013,Premier,2025-05-15,,Wolverhampton,City,3,2,5,2.9,2.3,2.9,2.3,2.9,3.6,2.3,3-2,6.0,,,,0.4574635683339897,0
,,,,,,,,,,,,,,,1720021,Premier,2025-05-15,,Watford,West Ham,1,0,1,2.62,2.75,2.62,2.75,2.75,3.25,2.62,1-0,9.0,,,,0.4914326269897597,0
,,,,,,,,,,,,,,,1720031,Premier,2025-05-15,,Everton,Islington,3,4,7,2.7,2.55,2.7,2.55,2.7,3.5,2.55,3-4,7.0,,,,0.4896080760095012,0
,,,,,,,,,,,,,,,1720035,Premier,2025-05-15,,Tottenham,Aston,0,0,0,3.6,2.1,3.6,2.1,2.1,3.3,3.6,0-0,9.0,,,,0.5938566552901022,0
,,,,,,,,,,,,,,,1720042,Premier,2025-05-15,,Islington,Leeds,1,0,1,3.4,2.2,3.4,2.2,2.2,3.3,3.4,1-0,9.0,,,,0.576271186440678,0
,,,,,,,,,,,,,,,1720049,Premier,2025-05-15,,City,Norwich,0,1,1,4.5,1.76,4.5,1.76,1.76,3.8,4.5,0-1,7.0,,,,0.6641856944619653,0
,,,,,,,,,,,,,,,1720056,Premier,2025-05-15,,Burnley,Liverpool,1,0,1,2.25,3.1,2.25,3.1,3.1,3.5,2.25,1-0,7.0,,,,0.4421206225680933,0
,,,,,,,,,,,,,,,1720063,Premier,2025-05-15,,Wolverhampton,Islington,3,2,5,2.6,2.62,2.6,2.62,2.6,3.5,2.62,3-2,6.5,,,,0.5013954230125189,0
,,,,,,,,,,,,,,,1720070,Premier,2025-05-15,,Aston,Watford,3,3,6,2.37,3.0,2.37,3.0,2.37,3.4,3.0,3-3,8.5,,,,0.5422185430463576,0
,,,,,,,,,,,,,,,1720079,Premier,2025-05-15,,Tottenham,Burnley,2,0,2,3.6,2.05,3.6,2.05,2.05,3.5,3.6,2-0,8.0,,,,0.5998895231080832,0
,,,,,,,,,,,,,,,1720084,Premier,2025-05-15,,Chelsea,Liverpool,3,3,6,2.45,2.8,2.45,2.8,2.45,3.5,2.8,3-3,7.5,,,,0.5242718446601942,0
,,,,,,,,,,,,,,,1720091,Premier,2025-05-15,,Watford,United,1,0,1,2.15,3.3,2.15,3.3,3.3,3.5,2.15,1-0,7.5,,,,0.423098968284295,0
,,,,,,,,,,,,,,,1719818,Premier,2025-05-15,,Islington,City,0,1,1,2.45,2.75,2.45,2.75,2.75,3.5,2.45,0-1,6.5,,,,0.4789473684210527,0
,,,,,,,,,,,,,,,1719825,Premier,2025-05-15,,Leeds,United,0,0,0,2.4,3.0,2.4,3.0,3.0,3.3,2.4,0-0,8.5,,,,0.460431654676259,0
,,,,,,,,,,,,,,,1719832,Premier,2025-05-15,,Islington,Watford,0,1,1,3.75,2.0,3.75,2.0,2.0,3.5,3.75,0-1,7.5,,,,0.6108597285067873,0
,,,,,,,,,,,,,,,1719839,Premier,2025-05-15,,Everton,Leeds,2,1,3,2.4,3.0,3.0,2.4,2.4,3.3,3.0,2-1,8.5,,,,0.5395683453237411,0
,,,,,,,,,,,,,,,1719848,Premier,2025-05-15,,Brighton,Newcastle,1,1,2,2.62,2.55,2.62,2.55,2.55,3.6,2.62,1-1,6.0,,,,0.50498161546673,0
,,,,,,,,,,,,,,,1719853,Premier,2025-05-15,,Southampton,Palace,1,0,1,3.1,2.3,3.1,2.3,2.3,3.4,3.1,1-0,8.0,,,,0.5533542565712045,0
,,,,,,,,,,,,,,,1719860,Premier,2025-05-15,,Tottenham,Newcastle,0,1,1,3.5,2.1,3.5,2.1,2.1,3.5,3.5,0-1,7.5,,,,0.590909090909091,0
,,,,,,,,,,,,,,,1719868,Premier,2025-05-15,,Leeds,Southampton,0,1,1,3.0,2.45,3.0,2.45,2.45,3.2,3.0,0-1,10.0,,,,0.5354981847519161,0
,,,,,,,,,,,,,,,1719877,Premier,2025-05-15,,Norwich,Watford,1,1,2,2.8,2.5,2.8,2.5,2.5,3.4,2.8,1-1,7.5,,,,0.5203836930455635,0
,,,,,,,,,,,,,,,1719883,Premier,2025-05-15,,West Ham,United,0,2,2,2.4,3.0,2.4,3.0,3.0,3.3,2.4,0-2,8.5,,,,0.460431654676259,0
,,,,,,,,,,,,,,,1719890,Premier,2025-05-15,,Palace,Chelsea,1,0,1,2.35,3.0,2.35,3.0,3.0,3.5,2.35,1-0,7.0,,,,0.4558680892337536,0
,,,,,,,,,,,,,,,1719895,Premier,2025-05-15,,Southampton,Burnley,2,2,4,2.2,3.2,2.2,3.2,2.2,3.5,3.2,2-2,7.5,,,,0.5674633770239014,0
,,,,,,,,,,,,,,,1719902,Premier,2025-05-15,,Islington,Newcastle,2,2,4,2.05,3.5,2.05,3.5,2.05,3.6,3.5,2-2,6.5,,,,0.5961148959675934,0
,,,,,,,,,,,,,,,1719909,Premier,2025-05-15,,United,Norwich,1,0,1,4.2,1.85,4.2,1.85,1.85,3.6,4.2,1-0,7.5,,,,0.6431472081218275,0
,,,,,,,,,,,,,,,1719916,Premier,2025-05-15,,City,Leeds,0,1,1,4.0,1.98,4.0,1.98,1.98,3.5,4.0,0-1,8.0,,,,0.6225303292894282,0
,,,,,,,,,,,,,,,1719922,Premier,2025-05-15,,Watford,Everton,1,1,2,2.5,2.75,2.5,2.75,2.75,3.5,2.5,1-1,7.0,,,,0.4826732673267327,0
,,,,,,,,,,,,,,,1719930,Premier,2025-05-15,,Southampton,Wolverhampton,3,0,3,2.6,2.7,2.7,2.6,2.6,3.5,2.7,3-0,7.0,,,,0.5068439577630035,0
,,,,,,,,,,,,,,,1719937,Premier,2025-05-15,,Islington,Palace,1,1,2,3.6,2.05,3.6,2.05,2.05,3.5,3.6,1-1,7.5,,,,0.5998895231080832,0
,,,,,,,,,,,,,,,1719943,Premier,2025-05-15,,Brighton,Southampton,4,1,5,2.75,2.5,2.75,2.5,2.75,3.5,2.5,4-1,7.0,,,,0.4826732673267327,0
,,,,,,,,,,,,,,,1719954,Premier,2025-05-15,,Norwich,Aston,1,3,4,2.6,2.7,2.6,2.7,2.6,3.4,2.7,1-3,8.0,,,,0.5067891373801916,0
,,,,,,,,,,,,,,,1719680,Premier,2025-05-15,,City,Watford,0,0,0,4.33,1.83,4.33,1.83,1.83,3.75,4.33,0-0,7.0,,,,0.6510931894442671,0
,,,,,,,,,,,,,,,1719685,Premier,2025-05-15,,Norwich,Newcastle,1,0,1,2.62,2.55,2.62,2.55,2.55,3.6,2.62,1-0,6.5,,,,0.50498161546673,0
,,,,,,,,,,,,,,,1719692,Premier,2025-05-15,,Tottenham,Palace,4,1,5,2.1,3.5,2.1,3.5,2.1,3.4,3.5,4-1,8.5,,,,0.590185676392573,0
,,,,,,,,,,,,,,,1719699,Premier,2025-05-15,,Brighton,Chelsea,1,2,3,3.2,2.2,2.2,3.2,3.2,3.6,2.2,1-2,6.5,,,,0.43202416918429,0
,,,,,,,,,,,,,,,1719706,Premier,2025-05-15,,Everton,United,2,1,3,2.87,2.4,2.4,2.87,2.87,3.5,2.4,2-1,7.0,,,,0.4675324675324675,0
,,,,,,,,,,,,,,,1719713,Premier,2025-05-15,,Chelsea,Leeds,0,0,0,3.4,2.2,3.4,2.2,2.2,3.3,3.4,0-0,9.0,,,,0.576271186440678,0
,,,,,,,,,,,,,,,1719720,Premier,2025-05-15,,United,Brentford,1,3,4,1.9,4.0,1.9,4.0,1.9,3.6,4.0,1-3,7.5,,,,0.6310679611650486,0
,,,,,,,,,,,,,,,1719727,Premier,2025-05-15,,Brighton,Aston,2,2,4,2.6,2.7,2.6,2.7,2.6,3.5,2.7,2-2,7.0,,,,0.5068439577630035,0
,,,,,,,,,,,,,,,1719734,Premier,2025-05-15,,West Ham,Palace,1,0,1,3.2,2.3,3.2,2.3,2.3,3.3,3.2,1-0,8.5,,,,0.5582124656997256,0
,,,,,,,,,,,,,,,1719748,Premier,2025-05-15,,Newcastle,United,2,1,3,3.2,2.2,2.2,3.2,3.2,3.6,2.2,2-1,6.5,,,,0.43202416918429,0
,,,,,,,,,,,,,,,1719755,Premier,2025-05-15,,Islington,Wolverhampton,0,1,1,3.0,2.3,3.0,2.3,2.3,3.6,3.0,0-1,6.5,,,,0.548498845265589,0
,,,,,,,,,,,,,,,1719762,Premier,2025-05-15,,Aston,West Ham,0,1,1,2.75,2.62,2.75,2.62,2.62,3.2,2.75,0-1,10.0,,,,0.5085284349501824,0
,,,,,,,,,,,,,,,1719769,Premier,2025-05-15,,Islington,Burnley,2,0,2,3.75,2.0,3.75,2.0,2.0,3.6,3.75,2-0,7.0,,,,0.6117021276595744,0
,,,,,,,,,,,,,,,1719776,Premier,2025-05-15,,Leicester,Liverpool,1,2,3,2.7,2.6,2.6,2.7,2.7,3.4,2.6,1-2,7.5,,,,0.4932108626198083,0
,,,,,,,,,,,,,,,1719783,Premier,2025-05-15,,West Ham,Aston,2,0,2,3.25,2.3,3.25,2.3,2.3,3.25,3.25,2-0,10.0,,,,0.5605095541401274,0
,,,,,,,,,,,,,,,1719790,Premier,2025-05-15,,Leicester,Burnley,2,1,3,2.15,3.3,3.3,2.15,2.15,3.5,3.3,2-1,7.0,,,,0.576901031715705,0
,,,,,,,,,,,,,,,1719797,Premier,2025-05-15,,Wolverhampton,Aston,0,2,2,3.3,2.15,3.3,2.15,2.15,3.5,3.3,0-2,7.5,,,,0.576901031715705,0
,,,,,,,,,,,,,,,1719804,Premier,2025-05-15,,Watford,Chelsea,1,3,4,3.1,2.3,3.1,2.3,3.1,3.5,2.3,1-3,7.5,,,,0.4462159047253168,0
,,,,,,,,,,,,,,,1719813,Premier,2025-05-15,,Brentford,Burnley,0,2,2,2.87,2.4,2.87,2.4,2.4,3.5,2.87,0-2,7.0,,,,0.5324675324675325,0
,,,,,,,,,,,,,,,1719542,Premier,2025-05-15,,Chelsea,Burnley,1,1,2,3.75,2.0,3.75,2.0,2.0,3.6,3.75,1-1,7.0,,,,0.6117021276595744,0
,,,,,,,,,,,,,,,1719546,Premier,2025-05-15,,Leicester,Wolverhampton,1,1,2,2.75,2.5,2.75,2.5,2.5,3.5,2.75,1-1,7.0,,,,0.5173267326732675,0
,,,,,,,,,,,,,,,1719555,Premier,2025-05-15,,Brighton,Islington,2,1,3,3.2,2.2,2.2,3.2,3.2,3.6,2.2,2-1,6.5,,,,0.43202416918429,0
,,,,,,,,,,,,,,,1719560,Premier,2025-05-15,,Everton,Wolverhampton,3,0,3,2.5,2.7,2.7,2.5,2.5,3.6,2.7,3-0,6.5,,,,0.5141342756183745,0
,,,,,,,,,,,,,,,1719567,Premier,2025-05-15,,Liverpool,West Ham,0,0,0,3.4,2.2,3.4,2.2,2.2,3.3,3.4,0-0,9.0,,,,0.576271186440678,0
,,,,,,,,,,,,,,,1719572,Premier,2025-05-15,,Palace,Tottenham,3,0,3,2.9,2.45,2.45,2.9,2.9,3.3,2.45,3-0,8.5,,,,0.4700121163166397,0
,,,,,,,,,,,,,,,1719581,Premier,2025-05-15,,Burnley,West Ham,0,0,0,2.62,2.7,2.62,2.7,2.7,3.3,2.62,0-0,8.5,,,,0.494640682095006,0
,,,,,,,,,,,,,,,1719587,Premier,2025-05-15,,United,Palace,0,0,0,3.8,1.95,3.8,1.95,1.95,3.6,3.8,0-0,7.5,,,,0.6184631803628603,0
,,,,,,,,,,,,,,,1719594,Premier,2025-05-15,,City,Aston,1,2,3,1.86,4.2,4.2,1.86,1.86,3.6,4.2,1-2,7.5,,,,0.6421628189550425,0
,,,,,,,,,,,,,,,1719601,Premier,2025-05-15,,Leeds,Palace,0,2,2,3.2,2.3,3.2,2.3,2.3,3.3,3.2,0-2,8.5,,,,0.5582124656997256,0
,,,,,,,,,,,,,,,1719609,Premier,2025-05-15,,Leicester,Islington,2,0,2,2.6,2.7,2.6,2.7,2.7,3.4,2.6,2-0,7.5,,,,0.4932108626198083,0
,,,,,,,,,,,,,,,1719614,Premier,2025-05-15,,City,Everton,0,0,0,3.6,2.0,3.6,2.0,2.0,3.6,3.6,0-0,6.5,,,,0.6052631578947368,0
,,,,,,,,,,,,,,,1719632,Premier,2025-05-15,,Brighton,Palace,3,1,4,2.55,2.62,2.55,2.62,2.55,3.5,2.62,3-1,6.5,,,,0.5049443009363902,0
,,,,,,,,,,,,,,,1719636,Premier,2025-05-15,,Chelsea,Norwich,3,0,3,1.95,3.8,3.8,1.95,1.95,3.6,3.8,3-0,7.5,,,,0.6184631803628603,0
,,,,,,,,,,,,,,,1719643,Premier,2025-05-15,,Tottenham,Brentford,0,1,1,3.75,2.05,3.75,2.05,2.05,3.4,3.75,0-1,9.0,,,,0.6054455897108456,0
,,,,,,,,,,,,,,,1719650,Premier,2025-05-15,,Liverpool,Leicester,2,2,4,2.25,3.2,2.25,3.2,2.25,3.4,3.2,2-2,7.5,,,,0.5627671978235522,0
,,,,,,,,,,,,,,,1719657,Premier,2025-05-15,,Wolverhampton,Watford,3,1,4,2.1,3.4,2.1,3.4,2.1,3.6,3.4,3-1,7.0,,,,0.5868596881959911,0
,,,,,,,,,,,,,,,1719664,Premier,2025-05-15,,Islington,Brighton,0,1,1,3.8,1.95,3.8,1.95,1.95,3.75,3.8,0-1,6.5,,,,0.6197256018638364,0
,,,,,,,,,,,,,,,1719671,Premier,2025-05-15,,West Ham,Wolverhampton,2,0,2,2.7,2.6,2.7,2.6,2.6,3.4,2.7,2-0,8.0,,,,0.5067891373801916,0
,,,,,,,,,,,,,,,1719401,Premier,2025-05-15,,Aston,Chelsea,2,2,4,3.0,2.37,3.0,2.37,3.0,3.4,2.37,2-2,8.0,,,,0.4577814569536423,0
,,,,,,,,,,,,,,,1719408,Premier,2025-05-15,,Newcastle,Brighton,0,2,2,3.0,2.25,3.0,2.25,2.25,3.6,3.0,0-2,6.0,,,,0.5526315789473684,0
,,,,,,,,,,,,,,,1719415,Premier,2025-05-15,,United,Leeds,0,3,3,2.07,3.75,3.75,2.07,2.07,3.4,3.75,0-3,9.0,,,,0.6036641803234062,0
,,,,,,,,,,,,,,,1719422,Premier,2025-05-15,,Newcastle,Leicester,0,3,3,2.7,2.55,2.55,2.7,2.7,3.5,2.55,0-3,7.0,,,,0.4896080760095012,0
,,,,,,,,,,,,,,,1719429,Premier,2025-05-15,,Islington,Norwich,2,2,4,1.95,3.8,1.95,3.8,1.95,3.6,3.8,2-2,7.5,,,,0.6184631803628603,0
,,,,,,,,,,,,,,,1719436,Premier,2025-05-15,,Leeds,Wolverhampton,1,2,3,2.6,2.7,2.7,2.6,2.6,3.4,2.7,1-2,8.0,,,,0.5067891373801916,0
,,,,,,,,,,,,,,,1719443,Premier,2025-05-15,,Aston,Newcastle,1,2,3,2.4,2.87,2.87,2.4,2.4,3.5,2.87,1-2,7.0,,,,0.5324675324675325,0
,,,,,,,,,,,,,,,1719451,Premier,2025-05-15,,Everton,Brighton,1,0,1,3.4,2.1,3.4,2.1,2.1,3.6,3.4,1-0,6.5,,,,0.5868596881959911,0
,,,,,,,,,,,,,,,1719460,Premier,2025-05-15,,Leicester,City,2,1,3,3.1,2.25,2.25,3.1,3.1,3.5,2.25,2-1,7.0,,,,0.4421206225680933,0
,,,,,,,,,,,,,,,1719466,Premier,2025-05-15,,Southampton,Chelsea,1,2,3,2.8,2.5,2.5,2.8,2.8,3.4,2.5,1-2,8.0,,,,0.4796163069544364,0
,,,,,,,,,,,,,,,1719473,Premier,2025-05-15,,Liverpool,Brentford,0,2,2,3.75,2.0,3.75,2.0,2.0,3.5,3.75,0-2,7.5,,,,0.6108597285067873,0
,,,,,,,,,,,,,,,1719478,Premier,2025-05-15,,Brighton,City,2,2,4,3.6,1.98,3.6,1.98,3.6,3.75,1.98,2-2,6.0,,,,0.3917228103946102,0
,,,,,,,,,,,,,,,1719487,Premier,2025-05-15,,West Ham,Everton,2,1,3,2.5,2.8,2.8,2.5,2.5,3.3,2.8,2-1,8.5,,,,0.5202123315639036,0
,,,,,,,,,,,,,,,1719492,Premier,2025-05-15,,Southampton,Newcastle,1,1,2,3.1,2.3,3.1,2.3,2.3,3.5,3.1,1-1,7.0,,,,0.5537840952746832,0
,,,,,,,,,,,,,,,1719498,Premier,2025-05-15,,Palace,Aston,2,1,3,2.45,2.9,2.9,2.45,2.45,3.4,2.9,2-1,8.0,,,,0.5302431310535678,0
,,,,,,,,,,,,,,,1719506,Premier,2025-05-15,,Leicester,Norwich,2,1,3,2.1,3.5,3.5,2.1,2.1,3.5,3.5,2-1,7.5,,,,0.590909090909091,0
,,,,,,,,,,,,,,,1719515,Premier,2025-05-15,,Tottenham,Brighton,1,1,2,3.8,1.98,3.8,1.98,1.98,3.5,3.8,1-1,7.5,,,,0.6147582330474888,0
,,,,,,,,,,,,,,,1719523,Premier,2025-05-15,,Brentford,Islington,0,0,0,2.3,3.1,2.3,3.1,3.1,3.5,2.3,0-0,7.5,,,,0.4462159047253168,0
,,,,,,,,,,,,,,,1719527,Premier,2025-05-15,,Everton,City,0,0,0,2.25,3.0,2.25,3.0,3.0,3.6,2.25,0-0,6.5,,,,0.4473684210526316,0
,,,,,,,,,,,,,,,1719534,Premier,2025-05-15,,United,Newcastle,4,2,6,1.95,3.8,1.95,3.8,1.95,3.6,3.8,4-2,6.5,,,,0.6184631803628603,0
,,,,,,,,,,,,,,,1719260,Premier,2025-05-15,,Wolverhampton,Norwich,0,0,0,3.5,2.05,3.5,2.05,2.05,3.6,3.5,0-0,6.5,,,,0.5961148959675934,0
,,,,,,,,,,,,,,,1719270,Premier,2025-05-15,,Leeds,Tottenham,0,1,1,2.7,2.75,2.7,2.75,2.75,3.2,2.7,0-1,10.0,,,,0.4967826261813794,0
,,,,,,,,,,,,,,,1719277,Premier,2025-05-15,,Leicester,Aston,1,2,3,2.25,3.25,3.25,2.25,2.25,3.4,3.25,1-2,8.5,,,,0.5653531955790485,0
,,,,,,,,,,,,,,,1719281,Premier,2025-05-15,,Burnley,Islington,2,2,4,3.1,2.25,3.1,2.25,3.1,3.5,2.25,2-2,7.0,,,,0.4421206225680933,0
,,,,,,,,,,,,,,,1719289,Premier,2025-05-15,,United,Everton,0,3,3,2.1,3.4,3.4,2.1,2.1,3.6,3.4,0-3,7.0,,,,0.5868596881959911,0
,,,,,,,,,,,,,,,1719298,Premier,2025-05-15,,Tottenham,Leeds,4,1,5,2.25,3.4,2.25,3.4,2.25,3.2,3.4,4-1,10.0,,,,0.5715118538670811,0
,,,,,,,,,,,,,,,1719305,Premier,2025-05-15,,West Ham,Brighton,2,2,4,2.15,3.4,2.15,3.4,2.15,3.4,3.4,2-2,8.0,,,,0.5811688311688311,0
,,,,,,,,,,,,,,,1719310,Premier,2025-05-15,,Islington,Everton,1,1,2,3.1,2.25,3.1,2.25,2.25,3.5,3.1,1-1,7.0,,,,0.5578793774319065,0
,,,,,,,,,,,,,,,1719319,Premier,2025-05-15,,Brentford,Tottenham,1,1,2,2.4,3.0,2.4,3.0,3.0,3.3,2.4,1-1,8.5,,,,0.460431654676259,0
,,,,,,,,,,,,,,,1719327,Premier,2025-05-15,,Liverpool,City,4,0,4,2.75,2.45,2.75,2.45,2.75,3.5,2.45,4-0,6.5,,,,0.4789473684210527,0
,,,,,,,,,,,,,,,1719333,Premier,2025-05-15,,Leeds,Chelsea,2,1,3,2.8,2.55,2.55,2.8,2.8,3.3,2.55,2-1,8.5,,,,0.4833635813672111,0
,,,,,,,,,,,,,,,1719341,Premier,2025-05-15,,United,Islington,3,0,3,2.3,3.0,3.0,2.3,2.3,3.5,3.0,3-0,7.5,,,,0.5481335952848724,0
,,,,,,,,,,,,,,,1719347,Premier,2025-05-15,,Everton,Southampton,2,0,2,3.0,2.37,3.0,2.37,2.37,3.4,3.0,2-0,7.5,,,,0.5422185430463576,0
,,,,,,,,,,,,,,,1719352,Premier,2025-05-15,,Leicester,Tottenham,2,2,4,2.62,2.7,2.62,2.7,2.62,3.3,2.7,2-2,9.0,,,,0.5053593179049939,0
,,,,,,,,,,,,,,,1719360,Premier,2025-05-15,,Norwich,Everton,2,2,4,2.8,2.4,2.8,2.4,2.8,3.5,2.4,2-2,7.0,,,,0.4719101123595505,0
,,,,,,,,,,,,,,,1719366,Premier,2025-05-15,,Tottenham,West Ham,1,1,2,3.4,2.25,3.4,2.25,2.25,3.2,3.4,1-1,10.0,,,,0.5715118538670811,0
,,,,,,,,,,,,,,,1719373,Premier,2025-05-15,,Newcastle,Watford,3,2,5,2.35,2.9,2.35,2.9,2.35,3.5,2.9,3-2,7.0,,,,0.5382096069868996,0
,,,,,,,,,,,,,,,1719380,Premier,2025-05-15,,Palace,West Ham,2,2,4,2.62,2.75,2.62,2.75,2.62,3.3,2.75,2-2,8.5,,,,0.5086054721977052,0
,,,,,,,,,,,,,,,1719389,Premier,2025-05-15,,Liverpool,Norwich,2,1,3,1.95,3.8,3.8,1.95,1.95,3.6,3.8,2-1,7.5,,,,0.6184631803628603,0
,,,,,,,,,,,,,,,1719394,Premier,2025-05-15,,Everton,Burnley,2,3,5,2.15,3.25,2.15,3.25,2.15,3.6,3.25,2-3,6.5,,,,0.5749219562955254,0
,,,,,,,,,,,,,,,1720101,Super,2025-05-15,,Itaquera,Guayaquil,1,2,3,2.15,3.3,3.3,2.15,2.15,3.5,3.3,1-2,7.5,,,,0.576901031715705,0
,,,,,,,,,,,,,,,1720107,Super,2025-05-15,,Belo Horizonte,Bogota,1,0,1,4.0,1.98,4.0,1.98,1.98,3.5,4.0,1-0,8.0,,,,0.6225303292894282,0
,,,,,,,,,,,,,,,1720115,Super,2025-05-15,,Rio de Janeiro,Agua Branca,0,2,2,2.9,2.37,2.9,2.37,2.37,3.5,2.9,0-2,7.0,,,,0.5366340153250652,0
,,,,,,,,,,,,,,,1720122,Super,2025-05-15,,Belo Horizonte,Quito,0,0,0,4.0,1.9,4.0,1.9,1.9,3.6,4.0,0-0,7.0,,,,0.6310679611650486,0
,,,,,,,,,,,,,,,1720129,Super,2025-05-15,,Asuncion,Buenos Aires,2,1,3,3.0,2.3,2.3,3.0,3.0,3.5,2.3,2-1,7.0,,,,0.4518664047151276,0
,,,,,,,,,,,,,,,1720138,Super,2025-05-15,,Bogota,Rio de Janeiro,2,0,2,2.4,3.0,2.4,3.0,3.0,3.3,2.4,2-0,8.5,,,,0.460431654676259,0
,,,,,,,,,,,,,,,1720145,Super,2025-05-15,,Asuncion,Santos,2,0,2,2.45,2.9,2.45,2.9,2.9,3.3,2.45,2-0,8.5,,,,0.4700121163166397,0
,,,,,,,,,,,,,,,1720149,Super,2025-05-15,,Sao Paulo,Montevideo,2,1,3,2.1,3.3,3.3,2.1,2.1,3.6,3.3,2-1,6.5,,,,0.5819112627986349,0
,,,,,,,,,,,,,,,1720157,Super,2025-05-15,,Medellin,Santos,2,0,2,2.55,2.8,2.55,2.8,2.8,3.3,2.55,2-0,8.5,,,,0.4833635813672111,0
,,,,,,,,,,,,,,,1720163,Super,2025-05-15,,Rio de Janeiro,Itaquera,2,2,4,2.25,3.2,2.25,3.2,2.25,3.4,3.2,2-2,7.5,,,,0.5627671978235522,0
,,,,,,,,,,,,,,,1720171,Super,2025-05-15,,Penarol,Buenos Aires,0,1,1,2.45,2.87,2.45,2.87,2.87,3.4,2.45,0-1,7.5,,,,0.4715758673540476,0
,,,,,,,,,,,,,,,1720178,Super,2025-05-15,,Montevideo,Porto Alegre,3,1,4,2.8,2.55,2.8,2.55,2.8,3.3,2.55,3-1,8.5,,,,0.4833635813672111,0
,,,,,,,,,,,,,,,1720185,Super,2025-05-15,,Santiago,Penarol,1,0,1,2.6,2.7,2.6,2.7,2.7,3.4,2.6,1-0,7.5,,,,0.4932108626198083,0
,,,,,,,,,,,,,,,1720192,Super,2025-05-15,,Porto Alegre,Avellaneda,0,2,2,3.0,2.45,3.0,2.45,2.45,3.2,3.0,0-2,10.0,,,,0.5354981847519161,0
,,,,,,,,,,,,,,,1720198,Super,2025-05-15,,La Plata,Santiago,1,0,1,3.6,2.05,3.6,2.05,2.05,3.5,3.6,1-0,8.0,,,,0.5998895231080832,0
,,,,,,,,,,,,,,,1720206,Super,2025-05-15,,Rio de Janeiro,Belo Horizonte,1,2,3,2.6,2.62,2.62,2.6,2.6,3.5,2.62,1-2,6.5,,,,0.5013954230125189,0
,,,,,,,,,,,,,,,1720213,Super,2025-05-15,,Sao Paulo,Guayaquil,2,0,2,3.1,2.2,3.1,2.2,2.2,3.6,3.1,2-0,6.5,,,,0.5625482625482626,0
,,,,,,,,,,,,,,,1720218,Super,2025-05-15,,Itaquera,Medellin,1,2,3,2.1,3.5,3.5,2.1,2.1,3.4,3.5,1-2,8.5,,,,0.590185676392573,0
,,,,,,,,,,,,,,,1720227,Super,2025-05-15,,Porto Alegre,Montevideo,2,2,4,2.15,3.4,2.15,3.4,2.15,3.4,3.4,2-2,8.5,,,,0.5811688311688311,0
,,,,,,,,,,,,,,,1719959,Super,2025-05-15,,Santiago,La Boca,1,1,2,2.2,3.2,2.2,3.2,3.2,3.5,2.2,1-1,7.0,,,,0.4325366229760987,0
,,,,,,,,,,,,,,,1719968,Super,2025-05-15,,Belo Horizonte,Santos,1,1,2,3.5,2.07,3.5,2.07,2.07,3.5,3.5,1-1,7.5,,,,0.5935863874345549,0
,,,,,,,,,,,,,,,1719974,Super,2025-05-15,,Agua Branca,Penarol,0,1,1,3.6,2.07,3.6,2.07,2.07,3.5,3.6,0-1,8.0,,,,0.5980877019452687,0
,,,,,,,,,,,,,,,1719981,Super,2025-05-15,,Santiago,Sao Paulo,1,1,2,2.3,2.9,2.3,2.9,2.9,3.6,2.3,1-1,6.0,,,,0.4574635683339897,0
,,,,,,,,,,,,,,,1719988,Super,2025-05-15,,Itaquera,Penarol,1,2,3,2.2,3.4,3.4,2.2,2.2,3.3,3.4,1-2,9.0,,,,0.576271186440678,0
,,,,,,,,,,,,,,,1719996,Super,2025-05-15,,Guayaquil,Asuncion,3,1,4,2.3,3.1,2.3,3.1,2.3,3.5,3.1,3-1,7.0,,,,0.5537840952746832,0
,,,,,,,,,,,,,,,1720002,Super,2025-05-15,,Lima,Avellaneda,1,3,4,3.0,2.35,3.0,2.35,3.0,3.5,2.35,1-3,7.0,,,,0.4558680892337536,0
,,,,,,,,,,,,,,,1720008,Super,2025-05-15,,Bogota,Guayaquil,2,0,2,3.0,2.37,3.0,2.37,2.37,3.4,3.0,2-0,8.5,,,,0.5422185430463576,0
,,,,,,,,,,,,,,,1720017,Super,2025-05-15,,Santiago,Buenos Aires,2,0,2,2.2,3.1,2.2,3.1,3.1,3.6,2.2,2-0,6.0,,,,0.4374517374517374,0
,,,,,,,,,,,,,,,1720024,Super,2025-05-15,,Montevideo,Asuncion,0,0,0,2.87,2.4,2.87,2.4,2.4,3.5,2.87,0-0,7.0,,,,0.5324675324675325,0
,,,,,,,,,,,,,,,1720030,Super,2025-05-15,,Penarol,Rio de Janeiro,2,3,5,3.1,2.3,3.1,2.3,3.1,3.4,2.3,2-3,8.5,,,,0.4466457434287955,0
,,,,,,,,,,,,,,,1720038,Super,2025-05-15,,Asuncion,Belo Horizonte,4,2,6,3.5,2.05,3.5,2.05,3.5,3.6,2.05,4-2,7.0,,,,0.4038851040324065,0
,,,,,,,,,,,,,,,1720046,Super,2025-05-15,,La Boca,Santos,0,1,1,3.2,2.3,3.2,2.3,2.3,3.3,3.2,0-1,9.0,,,,0.5582124656997256,0
,,,,,,,,,,,,,,,1720052,Super,2025-05-15,,Asuncion,Rio de Janeiro,0,1,1,2.15,3.3,2.15,3.3,3.3,3.5,2.15,0-1,7.5,,,,0.423098968284295,0
,,,,,,,,,,,,,,,1720059,Super,2025-05-15,,La Plata,Buenos Aires,0,0,0,2.7,2.6,2.7,2.6,2.6,3.4,2.7,0-0,8.0,,,,0.5067891373801916,0
,,,,,,,,,,,,,,,1720065,Super,2025-05-15,,Sao Paulo,Porto Alegre,2,1,3,2.4,3.0,3.0,2.4,2.4,3.3,3.0,2-1,8.5,,,,0.5395683453237411,0
,,,,,,,,,,,,,,,1720073,Super,2025-05-15,,Guayaquil,Buenos Aires,0,0,0,2.4,2.8,2.4,2.8,2.8,3.6,2.4,0-0,6.5,,,,0.4716981132075472,0
,,,,,,,,,,,,,,,1720078,Super,2025-05-15,,Sao Paulo,Rio de Janeiro,0,0,0,2.45,2.75,2.45,2.75,2.75,3.5,2.45,0-0,6.5,,,,0.4789473684210527,0
,,,,,,,,,,,,,,,1720087,Super,2025-05-15,,Santiago,Quito,0,0,0,2.55,2.62,2.55,2.62,2.62,3.5,2.55,0-0,7.0,,,,0.4950556990636098,0
,,,,,,,,,,,,,,,1720093,Super,2025-05-15,,La Boca,Avellaneda,1,1,2,3.25,2.25,3.25,2.25,2.25,3.4,3.25,1-1,8.5,,,,0.5653531955790485,0
,,,,,,,,,,,,,,,1719821,Super,2025-05-15,,Penarol,Guayaquil,1,3,4,2.45,2.9,2.45,2.9,2.45,3.4,2.9,1-3,8.0,,,,0.5302431310535678,0
,,,,,,,,,,,,,,,1719828,Super,2025-05-15,,Porto Alegre,Lima,0,0,0,3.75,2.05,3.75,2.05,2.05,3.4,3.75,0-0,8.5,,,,0.6054455897108456,0
,,,,,,,,,,,,,,,1719835,Super,2025-05-15,,Santiago,Belo Horizonte,1,2,3,3.6,1.98,1.98,3.6,3.6,3.75,1.98,1-2,6.0,,,,0.3917228103946102,0
,,,,,,,,,,,,,,,1719842,Super,2025-05-15,,La Boca,Montevideo,0,1,1,3.75,2.0,3.75,2.0,2.0,3.5,3.75,0-1,7.5,,,,0.6108597285067873,0
,,,,,,,,,,,,,,,1719847,Super,2025-05-15,,Medellin,Porto Alegre,2,0,2,2.7,2.75,2.7,2.75,2.75,3.2,2.7,2-0,10.0,,,,0.4967826261813794,0
,,,,,,,,,,,,,,,1719855,Super,2025-05-15,,Rio de Janeiro,Quito,2,2,4,2.0,3.75,2.0,3.75,2.0,3.5,3.75,2-2,7.5,,,,0.6108597285067873,0
,,,,,,,,,,,,,,,1719863,Super,2025-05-15,,Porto Alegre,Belo Horizonte,1,0,1,2.3,3.1,2.3,3.1,3.1,3.4,2.3,1-0,8.5,,,,0.4466457434287955,0
,,,,,,,,,,,,,,,1719869,Super,2025-05-15,,Montevideo,Santiago,1,1,2,2.9,2.35,2.9,2.35,2.35,3.6,2.9,1-1,6.5,,,,0.5384989305852614,0
,,,,,,,,,,,,,,,1719876,Super,2025-05-15,,Asuncion,Agua Branca,2,1,3,3.2,2.2,2.2,3.2,3.2,3.5,2.2,2-1,7.0,,,,0.4325366229760987,0
,,,,,,,,,,,,,,,1719886,Super,2025-05-15,,Penarol,Lima,2,2,4,2.15,3.4,2.15,3.4,2.15,3.4,3.4,2-2,8.0,,,,0.5811688311688311,0
,,,,,,,,,,,,,,,1719889,Super,2025-05-15,,La Boca,Medellin,2,0,2,3.75,2.05,3.75,2.05,2.05,3.4,3.75,2-0,9.0,,,,0.6054455897108456,0
,,,,,,,,,,,,,,,1719897,Super,2025-05-15,,Itaquera,Sao Paulo,4,0,4,2.35,2.9,2.35,2.9,2.35,3.5,2.9,4-0,7.0,,,,0.5382096069868996,0
,,,,,,,,,,,,,,,1719905,Super,2025-05-15,,Santos,Penarol,3,0,3,2.25,3.3,3.3,2.25,2.25,3.3,3.3,3-0,9.0,,,,0.5673076923076923,0
,,,,,,,,,,,,,,,1719912,Super,2025-05-15,,Bogota,Porto Alegre,1,3,4,2.6,2.9,2.6,2.9,2.6,3.1,2.9,1-3,11.0,,,,0.5189101260675071,0
,,,,,,,,,,,,,,,1719919,Super,2025-05-15,,Guayaquil,Lima,0,0,0,3.25,2.15,3.25,2.15,2.15,3.6,3.25,0-0,6.5,,,,0.5749219562955254,0
,,,,,,,,,,,,,,,1719925,Super,2025-05-15,,Asuncion,Itaquera,3,0,3,3.0,2.37,2.37,3.0,3.0,3.4,2.37,3-0,8.0,,,,0.4577814569536423,0
,,,,,,,,,,,,,,,1719932,Super,2025-05-15,,Agua Branca,Buenos Aires,1,0,1,2.87,2.35,2.87,2.35,2.35,3.6,2.87,1-0,6.5,,,,0.5366534176570791,0
,,,,,,,,,,,,,,,1719939,Super,2025-05-15,,Medellin,La Boca,1,1,2,2.4,3.0,2.4,3.0,3.0,3.3,2.4,1-1,8.5,,,,0.460431654676259,0
,,,,,,,,,,,,,,,1719949,Super,2025-05-15,,Asuncion,Bogota,2,2,4,2.75,2.62,2.75,2.62,2.75,3.25,2.62,2-2,9.0,,,,0.4914326269897597,0
,,,,,,,,,,,,,,,1719953,Super,2025-05-15,,Santos,Porto Alegre,3,2,5,2.4,3.1,2.4,3.1,2.4,3.2,3.1,3-2,10.0,,,,0.5447284345047924,0
,,,,,,,,,,,,,,,1719679,Super,2025-05-15,,Lima,Asuncion,2,1,3,2.6,2.7,2.7,2.6,2.6,3.5,2.7,2-1,7.0,,,,0.5068439577630035,0
,,,,,,,,,,,,,,,1719687,Super,2025-05-15,,Itaquera,Santiago,3,1,4,2.0,3.75,2.0,3.75,2.0,3.6,3.75,3-1,7.0,,,,0.6117021276595744,0
,,,,,,,,,,,,,,,1719694,Super,2025-05-15,,Avellaneda,Porto Alegre,3,1,4,2.5,3.0,2.5,3.0,2.5,3.2,3.0,3-1,10.0,,,,0.5318725099601593,0
,,,,,,,,,,,,,,,1719704,Super,2025-05-15,,Montevideo,Belo Horizonte,1,0,1,2.02,3.5,2.02,3.5,3.5,3.75,2.02,1-0,6.5,,,,0.4000720201656463,0
,,,,,,,,,,,,,,,1719708,Super,2025-05-15,,Santiago,Porto Alegre,3,0,3,2.9,2.45,2.45,2.9,2.9,3.3,2.45,3-0,8.5,,,,0.4700121163166397,0
,,,,,,,,,,,,,,,1719716,Super,2025-05-15,,Agua Branca,Belo Horizonte,1,1,2,2.55,2.7,2.55,2.7,2.7,3.6,2.55,1-1,6.5,,,,0.4895287958115183,0
,,,,,,,,,,,,,,,1719723,Super,2025-05-15,,Bogota,La Plata,1,0,1,2.8,2.7,2.8,2.7,2.7,3.1,2.8,1-0,11.0,,,,0.5062982527427874,0
,,,,,,,,,,,,,,,1719730,Super,2025-05-15,,Montevideo,Lima,3,2,5,2.25,3.0,2.25,3.0,2.25,3.6,3.0,3-2,6.5,,,,0.5526315789473684,0
,,,,,,,,,,,,,,,1719737,Super,2025-05-15,,La Boca,Itaquera,1,0,1,3.0,2.4,3.0,2.4,2.4,3.3,3.0,1-0,8.5,,,,0.5395683453237411,0
,,,,,,,,,,,,,,,1719746,Super,2025-05-15,,Belo Horizonte,Avellaneda,2,0,2,3.6,2.02,3.6,2.02,2.02,3.6,3.6,2-0,7.0,,,,0.6034031413612565,0
,,,,,,,,,,,,,,,1719753,Super,2025-05-15,,Porto Alegre,Bogota,1,0,1,3.2,2.4,3.2,2.4,2.4,3.1,3.2,1-0,11.0,,,,0.549520766773163,0
,,,,,,,,,,,,,,,1719757,Super,2025-05-15,,La Plata,Guayaquil,2,0,2,3.25,2.25,3.25,2.25,2.25,3.4,3.25,2-0,8.5,,,,0.5653531955790485,0
,,,,,,,,,,,,,,,1719764,Super,2025-05-15,,Asuncion,Lima,2,2,4,2.25,3.1,2.25,3.1,2.25,3.5,3.1,2-2,7.0,,,,0.5578793774319065,0
,,,,,,,,,,,,,,,1719772,Super,2025-05-15,,Buenos Aires,Santos,1,2,3,2.3,3.0,3.0,2.3,2.3,3.5,3.0,1-2,7.5,,,,0.5481335952848724,0
,,,,,,,,,,,,,,,1719778,Super,2025-05-15,,Bogota,Belo Horizonte,0,2,2,2.25,3.25,2.25,3.25,3.25,3.4,2.25,0-2,8.0,,,,0.4346468044209515,0
,,,,,,,,,,,,,,,1719785,Super,2025-05-15,,Rio de Janeiro,Buenos Aires,3,1,4,2.3,3.0,2.3,3.0,2.3,3.6,3.0,3-1,6.5,,,,0.548498845265589,0
,,,,,,,,,,,,,,,1719794,Super,2025-05-15,,Asuncion,Medellin,0,3,3,2.5,2.8,2.8,2.5,2.5,3.3,2.8,0-3,8.5,,,,0.5202123315639036,0
,,,,,,,,,,,,,,,1719800,Super,2025-05-15,,Porto Alegre,La Boca,3,1,4,2.75,2.7,2.75,2.7,2.75,3.2,2.7,3-1,10.0,,,,0.4967826261813794,0
,,,,,,,,,,,,,,,1719806,Super,2025-05-15,,Agua Branca,Quito,3,0,3,2.05,3.6,3.6,2.05,2.05,3.5,3.6,3-0,7.5,,,,0.5998895231080832,0
,,,,,,,,,,,,,,,1719812,Super,2025-05-15,,Lima,La Boca,0,2,2,2.15,3.3,2.15,3.3,3.3,3.5,2.15,0-2,7.5,,,,0.423098968284295,0
,,,,,,,,,,,,,,,1719540,Super,2025-05-15,,Montevideo,Medellin,2,1,3,2.5,2.8,2.8,2.5,2.5,3.4,2.8,2-1,7.5,,,,0.5203836930455635,0
,,,,,,,,,,,,,,,1719549,Super,2025-05-15,,Lima,Santiago,2,2,4,2.45,2.75,2.45,2.75,2.45,3.6,2.75,2-2,6.5,,,,0.5212118236276146,0
,,,,,,,,,,,,,,,1719554,Super,2025-05-15,,Bogota,Avellaneda,3,2,5,2.55,2.87,2.55,2.87,2.55,3.25,2.87,3-2,9.0,,,,0.520855475565003,0
,,,,,,,,,,,,,,,1719563,Super,2025-05-15,,Santos,Quito,1,0,1,3.25,2.25,3.25,2.25,2.25,3.4,3.25,1-0,8.5,,,,0.5653531955790485,0
,,,,,,,,,,,,,,,1719568,Super,2025-05-15,,Itaquera,La Plata,1,1,2,3.1,2.4,3.1,2.4,2.4,3.25,3.1,1-1,9.0,,,,0.5449338336954375,0
,,,,,,,,,,,,,,,1719575,Super,2025-05-15,,Buenos Aires,Asuncion,2,0,2,3.6,2.0,3.6,2.0,2.0,3.6,3.6,2-0,7.0,,,,0.6052631578947368,0
,,,,,,,,,,,,,,,1719585,Super,2025-05-15,,Avellaneda,La Boca,0,2,2,2.62,2.7,2.62,2.7,2.7,3.3,2.62,0-2,8.5,,,,0.494640682095006,0
,,,,,,,,,,,,,,,1719590,Super,2025-05-15,,Lima,Medellin,0,0,0,2.6,2.7,2.6,2.7,2.7,3.4,2.6,0-0,7.5,,,,0.4932108626198083,0
,,,,,,,,,,,,,,,1719596,Super,2025-05-15,,Itaquera,Rio de Janeiro,3,2,5,2.7,2.6,2.7,2.6,2.7,3.4,2.6,3-2,7.5,,,,0.4932108626198083,0
,,,,,,,,,,,,,,,1719603,Super,2025-05-15,,Buenos Aires,Sao Paulo,1,2,3,2.3,3.0,3.0,2.3,2.3,3.6,3.0,1-2,6.0,,,,0.548498845265589,0
,,,,,,,,,,,,,,,1719613,Super,2025-05-15,,Agua Branca,Rio de Janeiro,0,1,1,2.7,2.55,2.7,2.55,2.55,3.5,2.7,0-1,7.0,,,,0.5103919239904988,0
,,,,,,,,,,,,,,,1719617,Super,2025-05-15,,Montevideo,La Boca,0,2,2,2.3,3.1,2.3,3.1,3.1,3.4,2.3,0-2,7.5,,,,0.4466457434287955,0
,,,,,,,,,,,,,,,1719624,Super,2025-05-15,,Santos,Agua Branca,1,1,2,2.6,2.7,2.6,2.7,2.7,3.4,2.6,1-1,7.5,,,,0.4932108626198083,0
,,,,,,,,,,,,,,,1719631,Super,2025-05-15,,Porto Alegre,Itaquera,2,0,2,2.75,2.62,2.75,2.62,2.62,3.2,2.75,2-0,10.0,,,,0.5085284349501824,0
,,,,,,,,,,,,,,,1719638,Super,2025-05-15,,La Boca,Quito,2,1,3,2.1,3.5,3.5,2.1,2.1,3.4,3.5,2-1,8.5,,,,0.590185676392573,0
,,,,,,,,,,,,,,,1719647,Super,2025-05-15,,Lima,Guayaquil,0,3,3,2.75,2.5,2.5,2.75,2.75,3.6,2.5,0-3,6.5,,,,0.4825412221144521,0
,,,,,,,,,,,,,,,1719652,Super,2025-05-15,,Penarol,La Plata,1,1,2,2.7,2.75,2.7,2.75,2.75,3.2,2.7,1-1,10.0,,,,0.4967826261813794,0
,,,,,,,,,,,,,,,1719659,Super,2025-05-15,,Rio de Janeiro,Sao Paulo,0,1,1,3.25,2.15,3.25,2.15,2.15,3.6,3.25,0-1,6.5,,,,0.5749219562955254,0
,,,,,,,,,,,,,,,1719667,Super,2025-05-15,,Porto Alegre,Penarol,1,2,3,2.35,3.3,3.3,2.35,2.35,3.1,3.3,1-2,11.0,,,,0.5582706766917294,0
,,,,,,,,,,,,,,,1719673,Super,2025-05-15,,La Boca,Rio de Janeiro,1,2,3,2.62,2.7,2.7,2.62,2.62,3.4,2.7,1-2,8.0,,,,0.505404975757094,0
,,,,,,,,,,,,,,,1719403,Super,2025-05-15,,Porto Alegre,Santos,0,0,0,2.9,2.55,2.9,2.55,2.55,3.2,2.9,0-0,10.0,,,,0.5225488222266962,0
,,,,,,,,,,,,,,,1719411,Super,2025-05-15,,Guayaquil,La Plata,4,2,6,2.7,2.62,2.7,2.62,2.7,3.3,2.62,4-2,8.5,,,,0.494640682095006,0
,,,,,,,,,,,,,,,1719418,Super,2025-05-15,,Rio de Janeiro,La Boca,1,0,1,3.1,2.35,3.1,2.35,2.35,3.4,3.1,1-0,8.0,,,,0.5493898895990703,0
,,,,,,,,,,,,,,,1719431,Super,2025-05-15,,Avellaneda,Lima,3,2,5,2.05,3.6,2.05,3.6,2.05,3.6,3.6,3-2,7.0,,,,0.6006493506493505,0
,,,,,,,,,,,,,,,1719438,Super,2025-05-15,,Agua Branca,Itaquera,1,0,1,3.0,2.3,3.0,2.3,2.3,3.5,3.0,1-0,7.5,,,,0.5481335952848724,0
,,,,,,,,,,,,,,,1719449,Super,2025-05-15,,Buenos Aires,Santiago,3,2,5,1.95,3.75,1.95,3.75,1.95,3.75,3.75,3-2,6.0,,,,0.6176470588235294,0
,,,,,,,,,,,,,,,1719452,Super,2025-05-15,,Medellin,Montevideo,2,0,2,3.0,2.35,3.0,2.35,2.35,3.4,3.0,2-0,7.5,,,,0.5437797147385103,0
,,,,,,,,,,,,,,,1719459,Super,2025-05-15,,Avellaneda,Asuncion,2,0,2,3.4,2.15,3.4,2.15,2.15,3.4,3.4,2-0,8.0,,,,0.5811688311688311,0
,,,,,,,,,,,,,,,1719465,Super,2025-05-15,,Belo Horizonte,Lima,4,1,5,1.72,4.75,1.72,4.75,1.72,3.8,4.75,4-1,6.5,,,,0.675754060324826,0
,,,,,,,,,,,,,,,1719472,Super,2025-05-15,,Guayaquil,Santiago,2,0,2,3.1,2.2,3.1,2.2,2.2,3.6,3.1,2-0,6.5,,,,0.5625482625482626,0
,,,,,,,,,,,,,,,1719481,Super,2025-05-15,,La Plata,Itaquera,2,0,2,2.87,2.55,2.87,2.55,2.55,3.25,2.87,2-0,9.0,,,,0.520855475565003,0
,,,,,,,,,,,,,,,1719486,Super,2025-05-15,,Montevideo,Agua Branca,3,1,4,3.2,2.2,3.2,2.2,3.2,3.6,2.2,3-1,6.5,,,,0.43202416918429,0
,,,,,,,,,,,,,,,1719497,Super,2025-05-15,,Guayaquil,Itaquera,1,0,1,2.5,2.8,2.5,2.8,2.8,3.5,2.5,1-0,7.0,,,,0.4794520547945206,0
,,,,,,,,,,,,,,,1719505,Super,2025-05-15,,La Boca,Porto Alegre,0,0,0,3.4,2.3,3.4,2.3,2.3,3.2,3.4,0-0,10.0,,,,0.5675364543361474,0
,,,,,,,,,,,,,,,1719508,Super,2025-05-15,,Guayaquil,Montevideo,1,0,1,3.0,2.3,3.0,2.3,2.3,3.6,3.0,1-0,6.5,,,,0.548498845265589,0
,,,,,,,,,,,,,,,1719519,Super,2025-05-15,,Rio de Janeiro,Penarol,1,2,3,2.02,3.8,3.8,2.02,2.02,3.4,3.8,1-2,8.5,,,,0.6101806000582581,0
,,,,,,,,,,,,,,,1719522,Super,2025-05-15,,Porto Alegre,Santiago,0,0,0,3.6,2.1,3.6,2.1,2.1,3.4,3.6,0-0,8.5,,,,0.5946547884187083,0
,,,,,,,,,,,,,,,1719530,Super,2025-05-15,,Sao Paulo,Penarol,2,1,3,2.25,3.2,3.2,2.25,2.25,3.4,3.2,2-1,7.5,,,,0.5627671978235522,0
,,,,,,,,,,,,,,,1719263,Super,2025-05-15,,Belo Horizonte,Santiago,0,2,2,4.33,1.76,4.33,1.76,1.76,3.8,4.33,0-2,6.0,,,,0.6587306747110145,0
,,,,,,,,,,,,,,,1719269,Super,2025-05-15,,Bogota,Asuncion,0,1,1,3.3,2.25,3.3,2.25,2.25,3.3,3.3,0-1,9.0,,,,0.5673076923076923,0
,,,,,,,,,,,,,,,1719276,Super,2025-05-15,,Sao Paulo,Santiago,2,0,2,3.4,2.05,3.4,2.05,2.05,3.75,3.4,2-0,6.0,,,,0.5923561069050443,0
,,,,,,,,,,,,,,,1719287,Super,2025-05-15,,Asuncion,Penarol,3,0,3,2.62,2.75,2.75,2.62,2.62,3.3,2.75,3-0,8.5,,,,0.5086054721977052,0
,,,,,,,,,,,,,,,1719292,Super,2025-05-15,,Belo Horizonte,Rio de Janeiro,0,2,2,3.0,2.3,3.0,2.3,2.3,3.5,3.0,0-2,7.0,,,,0.5481335952848724,0
,,,,,,,,,,,,,,,1719302,Super,2025-05-15,,Avellaneda,Santos,2,1,3,2.55,2.8,2.8,2.55,2.55,3.3,2.8,2-1,8.5,,,,0.5166364186327888,0
,,,,,,,,,,,,,,,1719304,Super,2025-05-15,,Agua Branca,Asuncion,2,1,3,1.95,3.8,3.8,1.95,1.95,3.6,3.8,2-1,7.5,,,,0.6184631803628603,0
,,,,,,,,,,,,,,,1719313,Super,2025-05-15,,Penarol,Itaquera,1,0,1,2.55,2.8,2.55,2.8,2.8,3.3,2.55,1-0,8.5,,,,0.4833635813672111,0
,,,,,,,,,,,,,,,1719326,Super,2025-05-15,,Medellin,Belo Horizonte,4,2,6,3.4,2.1,3.4,2.1,3.4,3.5,2.1,4-2,7.0,,,,0.4137931034482759,0
,,,,,,,,,,,,,,,1719336,Super,2025-05-15,,Asuncion,Porto Alegre,0,0,0,2.6,2.87,2.6,2.87,2.87,3.2,2.6,0-0,10.0,,,,0.4826964671953857,0
,,,,,,,,,,,,,,,1719340,Super,2025-05-15,,Penarol,Medellin,2,2,4,2.37,3.1,2.37,3.1,2.37,3.25,3.1,2-2,9.0,,,,0.5472148699476607,0
,,,,,,,,,,,,,,,1719346,Super,2025-05-15,,Sao Paulo,Avellaneda,1,1,2,2.9,2.37,2.9,2.37,2.37,3.5,2.9,1-1,7.0,,,,0.5366340153250652,0
,,,,,,,,,,,,,,,1719355,Super,2025-05-15,,Medellin,La Plata,1,2,3,2.87,2.6,2.6,2.87,2.87,3.2,2.6,1-2,10.0,,,,0.4826964671953857,0
,,,,,,,,,,,,,,,1719364,Super,2025-05-15,,Santos,Asuncion,0,0,0,3.5,2.1,3.5,2.1,2.1,3.4,3.5,0-0,8.5,,,,0.590185676392573,0
,,,,,,,,,,,,,,,1719369,Super,2025-05-15,,Lima,Belo Horizonte,2,1,3,3.8,1.93,1.93,3.8,3.8,3.75,1.93,2-1,6.5,,,,0.3783460264038999,0
,,,,,,,,,,,,,,,1719375,Super,2025-05-15,,Bogota,Quito,3,0,3,2.37,3.1,3.1,2.37,2.37,3.25,3.1,3-0,9.0,,,,0.5472148699476607,0
,,,,,,,,,,,,,,,1719382,Super,2025-05-15,,Itaquera,Santos,0,0,0,3.0,2.4,3.0,2.4,2.4,3.3,3.0,0-0,8.5,,,,0.5395683453237411,0
,,,,,,,,,,,,,,,1719388,Super,2025-05-15,,Avellaneda,Sao Paulo,2,1,3,2.5,2.75,2.75,2.5,2.5,3.5,2.75,2-1,7.0,,,,0.5173267326732675,0
,,,,,,,,,,,,,,,1719396,Super,2025-05-15,,Penarol,Agua Branca,1,3,4,3.0,2.37,3.0,2.37,3.0,3.4,2.37,1-3,8.0,,,,0.4577814569536423,0
