Id da partida,Campeonato,Data,Tempo,Time da casa,Time contra,Gols time casa,Gols time contra,Gols totais,Odd Over 2.5,Odd Under 2.5,Odd Over 3.5,Odd Under 3.5,Odd Casa Vence,Odd Empate,Odd Visitante Vence,Placar Exato,Odd Placar Exato,Data das odds,PREDICTION,PROBABILITY
1701353,Euro,2025-05-09,15:02,Turquia,Áustria,1,1,2,2.9,2.45,2.9,2.45,2.45,3.3,2.9,1-1,9.0,09-05-2025 11:46,1,0.582236081133284
1701357,Euro,2025-05-09,15:05,Escócia,Sérvia,2,0,2,2.8,2.55,2.8,2.55,2.55,3.3,2.8,2-0,8.5,09-05-2025 11:46,1,0.6031106940322298
1701363,Euro,2025-05-09,15:08,Eslováquia,Dinamarca,3,0,3,2.9,2.45,2.45,2.9,2.9,3.3,2.45,3-0,8.5,09-05-2025 11:46,0,0.4667146572292637
1701370,Euro,2025-05-09,15:11,Áustria,Espanha,0,1,1,2.55,2.7,2.55,2.7,2.7,3.5,2.55,0-1,7.0,09-05-2025 11:46,1,0.5282938008139977
1701378,Euro,2025-05-09,15:14,Hungria,Eslováquia,2,1,3,2.25,3.25,3.25,2.25,2.25,3.4,3.25,2-1,8.5,09-05-2025 11:46,1,0.6005278152910718
1701385,Euro,2025-05-09,15:17,Eslovênia,Itália,0,0,0,2.6,2.87,2.6,2.87,2.87,3.2,2.6,0-0,10.0,09-05-2025 11:46,1,0.5000272530210929
1701392,Euro,2025-05-09,15:20,Ucrânia,Turquia,0,2,2,2.7,2.62,2.7,2.62,2.62,3.3,2.7,0-2,9.0,09-05-2025 11:46,1,0.5418191094433072
1701399,Euro,2025-05-09,15:23,Países Baixos,Dinamarca,3,1,4,2.45,2.8,2.45,2.8,2.45,3.5,2.8,3-1,7.5,09-05-2025 11:46,1,0.609891214280544
1701406,Euro,2025-05-09,15:26,Albânia,Suíça,2,0,2,2.75,2.62,2.75,2.62,2.62,3.3,2.75,2-0,8.5,09-05-2025 11:46,1,0.5328034607307238
1701413,Euro,2025-05-09,15:29,Sérvia,Áustria,1,0,1,2.9,2.45,2.9,2.45,2.45,3.3,2.9,1-0,9.0,09-05-2025 11:46,1,0.5960606805838646
1701420,Euro,2025-05-09,15:32,Eslováquia,Escócia,1,2,3,2.7,2.6,2.6,2.7,2.7,3.4,2.6,1-2,7.5,09-05-2025 11:46,1,0.5015212546520997
1701427,Euro,2025-05-09,15:35,Ucrânia,Países Baixos,1,1,2,2.55,2.7,2.55,2.7,2.7,3.5,2.55,1-1,7.0,09-05-2025 11:46,1,0.5052850407252647
1701434,Euro,2025-05-09,15:38,Dinamarca,Albânia,1,3,4,2.3,3.4,2.3,3.4,2.3,3.2,3.4,1-3,10.0,09-05-2025 11:46,1,0.6105584681566839
1701441,Euro,2025-05-09,15:41,Polônia,Geórgia,1,1,2,3.3,2.25,3.3,2.25,2.25,3.3,3.3,1-1,9.0,09-05-2025 11:46,1,0.6018698259836487
1701448,Euro,2025-05-09,15:44,Inglaterra,Romênia,2,1,3,2.0,3.6,3.6,2.0,2.0,3.6,3.6,2-1,6.5,09-05-2025 11:46,1,0.5705392617663761
1701210,Euro,2025-05-09,14:02,França,República Tcheca,0,0,0,3.6,2.07,3.6,2.07,2.07,3.4,3.6,0-0,8.0,09-05-2025 11:46,1,0.5297668222544198
1701217,Euro,2025-05-09,14:05,Alemanha,Bélgica,1,1,2,3.0,2.3,3.0,2.3,2.3,3.5,3.0,1-1,7.0,09-05-2025 11:46,1,0.6188142021243883
1701224,Euro,2025-05-09,14:08,Suíça,Eslovênia,1,0,1,3.1,2.35,3.1,2.35,2.35,3.3,3.1,1-0,9.0,09-05-2025 11:46,1,0.6216454983149795
1701231,Euro,2025-05-09,14:11,Espanha,Dinamarca,3,1,4,2.3,3.0,2.3,3.0,2.3,3.5,3.0,3-1,7.5,09-05-2025 11:46,1,0.6223361434125747
1701238,Euro,2025-05-09,14:14,Alemanha,Croácia,2,0,2,3.1,2.25,3.1,2.25,2.25,3.5,3.1,2-0,7.0,09-05-2025 11:46,1,0.6161171249531706
1701245,Euro,2025-05-09,14:17,Turquia,Países Baixos,2,2,4,2.5,2.75,2.5,2.75,2.5,3.4,2.75,2-2,7.5,09-05-2025 11:46,1,0.634977207724311
1701252,Euro,2025-05-09,14:20,Polônia,França,0,3,3,3.1,2.3,2.3,3.1,3.1,3.4,2.3,0-3,7.5,09-05-2025 11:46,0,0.47258075767570934
1701259,Euro,2025-05-09,14:23,Eslováquia,Ucrânia,2,0,2,2.7,2.6,2.7,2.6,2.6,3.4,2.7,2-0,8.0,09-05-2025 11:46,1,0.6177714565780799
1701266,Euro,2025-05-09,14:26,Alemanha,Suíça,2,2,4,2.2,3.2,2.2,3.2,2.2,3.6,3.2,2-2,7.0,09-05-2025 11:46,1,0.6053173903489888
1701273,Euro,2025-05-09,14:29,Bélgica,Albânia,1,1,2,3.4,2.2,3.4,2.2,2.2,3.3,3.4,1-1,9.0,09-05-2025 11:46,1,0.6046252230285483
1701279,Euro,2025-05-09,14:32,República Tcheca,Alemanha,0,1,1,2.45,2.9,2.45,2.9,2.9,3.3,2.45,0-1,8.5,09-05-2025 11:46,0,0.4368500422598432
1701286,Euro,2025-05-09,14:35,Hungria,Ucrânia,3,1,4,2.37,3.0,2.37,3.0,2.37,3.3,3.0,3-1,8.5,09-05-2025 11:46,1,0.6219821582534224
1701294,Euro,2025-05-09,14:38,França,Eslovênia,0,0,0,3.8,2.02,3.8,2.02,2.02,3.4,3.8,0-0,8.5,09-05-2025 11:46,1,0.5724801441126242
1701301,Euro,2025-05-09,14:41,Países Baixos,Suíça,4,2,6,2.35,2.87,2.35,2.87,2.35,3.6,2.87,4-2,6.5,09-05-2025 11:46,1,0.6133915598036305
1701308,Euro,2025-05-09,14:44,Croácia,Escócia,4,2,6,2.3,3.0,2.3,3.0,2.3,3.5,3.0,4-2,7.5,09-05-2025 11:46,1,0.6155607838087106
1701322,Euro,2025-05-09,14:50,Albânia,Sérvia,1,0,1,2.8,2.7,2.8,2.7,2.7,3.1,2.8,1-0,11.0,09-05-2025 11:46,1,0.533702509818496
1701329,Euro,2025-05-09,14:53,Espanha,Escócia,1,0,1,3.2,2.2,3.2,2.2,2.2,3.6,3.2,1-0,7.0,09-05-2025 11:46,1,0.5999652496046166
1701336,Euro,2025-05-09,14:56,França,Geórgia,2,0,2,4.2,1.86,4.2,1.86,1.86,3.6,4.2,2-0,7.5,09-05-2025 11:46,1,0.5943111617200183
1701343,Euro,2025-05-09,14:59,Alemanha,Eslovênia,2,1,3,2.07,3.75,3.75,2.07,2.07,3.4,3.75,2-1,9.0,09-05-2025 11:46,1,0.5895487683943719
1701070,Euro,2025-05-09,13:02,República Tcheca,França,1,2,3,3.0,2.37,2.37,3.0,3.0,3.4,2.37,1-2,8.0,09-05-2025 11:46,0,0.3668389127561313
1701077,Euro,2025-05-09,13:05,Escócia,Itália,2,0,2,2.6,2.7,2.6,2.7,2.7,3.4,2.6,2-0,7.5,09-05-2025 11:46,1,0.5389990763479467
1701084,Euro,2025-05-09,13:08,Ucrânia,República Tcheca,3,0,3,2.55,2.87,2.87,2.55,2.55,3.25,2.87,3-0,9.0,09-05-2025 11:46,1,0.5999702611123197
1701090,Euro,2025-05-09,13:11,Hungria,Sérvia,0,3,3,2.55,2.87,2.87,2.55,2.55,3.25,2.87,0-3,9.0,09-05-2025 11:46,1,0.5946489726064373
1701098,Euro,2025-05-09,13:14,Suíça,Países Baixos,0,0,0,2.7,2.5,2.7,2.5,2.5,3.6,2.7,0-0,6.5,09-05-2025 11:46,1,0.6024947679336811
1701104,Euro,2025-05-09,13:17,Ucrânia,Escócia,2,0,2,2.75,2.5,2.75,2.5,2.5,3.4,2.75,2-0,7.5,09-05-2025 11:46,1,0.6335170077552017
1701112,Euro,2025-05-09,13:20,Romênia,Itália,1,1,2,2.5,2.8,2.5,2.8,2.8,3.5,2.5,1-1,7.5,09-05-2025 11:46,1,0.5242385887295484
1701119,Euro,2025-05-09,13:23,Inglaterra,Sérvia,1,0,1,3.4,2.15,3.4,2.15,2.15,3.5,3.4,1-0,8.0,09-05-2025 11:46,1,0.5951410087645332
1701126,Euro,2025-05-09,13:26,Polônia,Ucrânia,1,0,1,2.9,2.45,2.9,2.45,2.45,3.3,2.9,1-0,8.5,09-05-2025 11:46,1,0.6098976096849558
1701133,Euro,2025-05-09,13:29,Países Baixos,Inglaterra,2,1,3,2.75,2.45,2.45,2.75,2.75,3.6,2.45,2-1,6.0,09-05-2025 11:46,1,0.5343337342440446
1701140,Euro,2025-05-09,13:32,Romênia,França,1,1,2,2.25,3.0,2.25,3.0,3.0,3.6,2.25,1-1,6.5,09-05-2025 11:46,0,0.4182853279715975
1701147,Euro,2025-05-09,13:35,Itália,Ucrânia,2,1,3,2.2,3.3,3.3,2.2,2.2,3.4,3.3,2-1,8.0,09-05-2025 11:46,1,0.6087860484091039
1701153,Euro,2025-05-09,13:38,Inglaterra,Espanha,1,0,1,2.9,2.3,2.9,2.3,2.3,3.6,2.9,1-0,6.0,09-05-2025 11:46,1,0.6195839227262733
1701160,Euro,2025-05-09,13:41,Hungria,Geórgia,1,2,3,2.2,3.4,3.4,2.2,2.2,3.3,3.4,1-2,9.0,09-05-2025 11:46,1,0.6053483756315132
1701168,Euro,2025-05-09,13:44,Romênia,Turquia,1,1,2,2.7,2.62,2.7,2.62,2.62,3.4,2.7,1-1,8.0,09-05-2025 11:46,1,0.5314546832099061
1701174,Euro,2025-05-09,13:47,Inglaterra,Portugal,1,2,3,2.3,3.0,3.0,2.3,2.3,3.5,3.0,1-2,7.0,09-05-2025 11:46,1,0.5834486279323562
1701182,Euro,2025-05-09,13:50,Áustria,Polônia,3,1,4,2.3,3.2,2.3,3.2,2.3,3.3,3.2,3-1,9.0,09-05-2025 11:46,1,0.6011978670820831
1701189,Euro,2025-05-09,13:53,Bélgica,Croácia,2,1,3,2.37,2.9,2.9,2.37,2.37,3.5,2.9,2-1,7.0,09-05-2025 11:46,1,0.5985823117285154
1701196,Euro,2025-05-09,13:56,França,Eslováquia,1,1,2,4.0,1.9,4.0,1.9,1.9,3.6,4.0,1-1,7.0,09-05-2025 11:46,1,0.5748182074852746
1701203,Euro,2025-05-09,13:59,Alemanha,Itália,3,2,5,2.3,3.0,2.3,3.0,2.3,3.5,3.0,3-2,7.5,09-05-2025 11:46,1,0.6263503684660927
1700930,Euro,2025-05-09,12:02,Áustria,Bélgica,3,2,5,2.6,2.62,2.6,2.62,2.6,3.5,2.62,3-2,7.5,09-05-2025 11:46,1,0.5475816030409075
1700937,Euro,2025-05-09,12:05,Portugal,Inglaterra,2,1,3,2.6,2.62,2.62,2.6,2.6,3.5,2.62,2-1,6.5,09-05-2025 11:46,1,0.5607173202003244
1700944,Euro,2025-05-09,12:08,Eslováquia,Áustria,1,4,5,2.8,2.5,2.8,2.5,2.8,3.4,2.5,1-4,8.0,09-05-2025 11:46,0,0.4777721528334547
1700951,Euro,2025-05-09,12:11,Países Baixos,Ucrânia,1,0,1,3.1,2.25,3.1,2.25,2.25,3.5,3.1,1-0,7.0,09-05-2025 11:46,1,0.588469749871878
1700958,Euro,2025-05-09,12:14,Hungria,Espanha,2,3,5,2.8,2.5,2.8,2.5,2.8,3.5,2.5,2-3,7.0,09-05-2025 11:46,0,0.46703950807672084
1700964,Euro,2025-05-09,12:17,Países Baixos,Escócia,1,0,1,3.0,2.3,3.0,2.3,2.3,3.6,3.0,1-0,6.5,09-05-2025 11:46,1,0.6082498511648043
1700972,Euro,2025-05-09,12:20,Espanha,Eslováquia,0,0,0,3.6,2.0,3.6,2.0,2.0,3.6,3.6,0-0,7.0,09-05-2025 11:46,1,0.5755625351682949
1700979,Euro,2025-05-09,12:23,Eslovênia,Croácia,0,1,1,2.62,2.75,2.62,2.75,2.75,3.25,2.62,0-1,9.0,09-05-2025 11:46,1,0.5228757672290699
1700986,Euro,2025-05-09,12:26,França,Espanha,1,0,1,2.9,2.3,2.9,2.3,2.3,3.6,2.9,1-0,6.0,09-05-2025 11:46,1,0.5893371391332753
1700993,Euro,2025-05-09,12:29,Portugal,Dinamarca,0,1,1,3.1,2.35,3.1,2.35,2.35,3.4,3.1,0-1,8.0,09-05-2025 11:46,1,0.5753329629908794
1701000,Euro,2025-05-09,12:32,França,Países Baixos,2,0,2,3.2,2.15,3.2,2.15,2.15,3.6,3.2,2-0,6.0,09-05-2025 11:46,1,0.5533011495496899
1701006,Euro,2025-05-09,12:35,Dinamarca,Ucrânia,1,2,3,2.25,3.25,3.25,2.25,2.25,3.4,3.25,1-2,8.5,09-05-2025 11:46,1,0.5846221709773538
1701014,Euro,2025-05-09,12:38,Itália,Portugal,0,0,0,2.75,2.55,2.75,2.55,2.55,3.4,2.75,0-0,7.5,09-05-2025 11:46,1,0.5587159147498112
1701021,Euro,2025-05-09,12:41,Turquia,República Tcheca,0,1,1,3.1,2.4,3.1,2.4,2.4,3.2,3.1,0-1,10.0,09-05-2025 11:46,1,0.5532032547449001
1701027,Euro,2025-05-09,12:44,Eslováquia,Países Baixos,0,0,0,2.4,2.87,2.4,2.87,2.87,3.5,2.4,0-0,7.0,09-05-2025 11:46,0,0.4104158542448787
1701035,Euro,2025-05-09,12:47,Sérvia,Turquia,1,2,3,2.5,3.0,3.0,2.5,2.5,3.2,3.0,1-2,10.0,09-05-2025 11:46,1,0.5354939235950202
1701042,Euro,2025-05-09,12:50,República Tcheca,Croácia,1,0,1,2.75,2.62,2.75,2.62,2.62,3.3,2.75,1-0,8.5,09-05-2025 11:46,0,0.4869312936931925
1701049,Euro,2025-05-09,12:53,Turquia,França,0,3,3,2.9,2.45,2.45,2.9,2.9,3.4,2.45,0-3,7.5,09-05-2025 11:46,0,0.3991462726398078
1701056,Euro,2025-05-09,12:56,Itália,República Tcheca,2,1,3,2.25,3.3,3.3,2.25,2.25,3.25,3.3,2-1,9.0,09-05-2025 11:46,1,0.566591470446679
1701063,Euro,2025-05-09,12:59,Alemanha,Turquia,1,1,2,3.3,2.2,3.3,2.2,2.2,3.4,3.3,1-1,8.0,09-05-2025 11:46,1,0.5761430508919471
1700790,Euro,2025-05-09,11:02,Bélgica,Geórgia,0,2,2,3.75,2.0,3.75,2.0,2.0,3.5,3.75,0-2,7.5,09-05-2025 11:46,0,0.48150662556694285
1700797,Euro,2025-05-09,11:05,Portugal,Romênia,2,2,4,2.1,3.4,2.1,3.4,2.1,3.6,3.4,2-2,7.0,09-05-2025 11:46,0,0.4871174696660529
1700804,Euro,2025-05-09,11:08,Escócia,Croácia,1,2,3,2.6,2.62,2.62,2.6,2.6,3.5,2.62,1-2,7.5,09-05-2025 11:46,1,0.5418784558383183
1700811,Euro,2025-05-09,11:11,Romênia,Suíça,1,1,2,2.62,2.6,2.62,2.6,2.6,3.5,2.62,1-1,6.5,09-05-2025 11:46,1,0.5240690285239769
1700818,Euro,2025-05-09,11:14,Sérvia,República Tcheca,1,2,3,2.4,3.1,3.1,2.4,2.4,3.2,3.1,1-2,10.0,09-05-2025 11:46,1,0.5268549832417172
1700824,Euro,2025-05-09,11:17,Bélgica,Áustria,1,1,2,3.0,2.3,3.0,2.3,2.3,3.5,3.0,1-1,7.5,09-05-2025 11:46,1,0.5763643802935342
1700832,Euro,2025-05-09,11:20,Ucrânia,Romênia,1,2,3,2.45,2.87,2.87,2.45,2.45,3.5,2.87,1-2,7.0,09-05-2025 11:46,1,0.5550772801998302
1700839,Euro,2025-05-09,11:23,Bélgica,Portugal,2,0,2,2.7,2.55,2.7,2.55,2.55,3.5,2.7,2-0,7.0,09-05-2025 11:46,1,0.5454015628593349
1700846,Euro,2025-05-09,11:26,Espanha,Geórgia,1,2,3,1.95,3.8,3.8,1.95,1.95,3.6,3.8,1-2,7.5,09-05-2025 11:46,1,0.5283753879857729
1700852,Euro,2025-05-09,11:29,Hungria,Áustria,0,0,0,2.8,2.55,2.8,2.55,2.55,3.3,2.8,0-0,8.5,09-05-2025 11:46,1,0.5305497772926511
1700860,Euro,2025-05-09,11:32,Portugal,Eslovênia,2,0,2,3.6,2.15,3.6,2.15,2.15,3.3,3.6,2-0,9.0,09-05-2025 11:46,1,0.5226380988874386
1700866,Euro,2025-05-09,11:35,Turquia,Polônia,3,1,4,2.35,3.2,2.35,3.2,2.35,3.2,3.2,3-1,10.0,09-05-2025 11:46,1,0.5419260070649842
1700874,Euro,2025-05-09,11:38,Escócia,Portugal,3,3,6,2.8,2.5,2.8,2.5,2.8,3.5,2.5,3-3,7.5,09-05-2025 11:46,0,0.4639342753808642
1700881,Euro,2025-05-09,11:41,Hungria,Albânia,0,0,0,3.1,2.4,3.1,2.4,2.4,3.2,3.1,0-0,10.0,09-05-2025 11:46,1,0.5243935733107525
1700888,Euro,2025-05-09,11:44,Romênia,Países Baixos,0,2,2,2.55,2.62,2.55,2.62,2.62,3.6,2.55,0-2,6.5,09-05-2025 11:46,0,0.4576623021242014
1700895,Euro,2025-05-09,11:47,Itália,Sérvia,1,4,5,2.35,3.1,2.35,3.1,2.35,3.3,3.1,1-4,9.0,09-05-2025 11:46,0,0.4924231526402705
1700902,Euro,2025-05-09,11:50,Portugal,Suíça,0,1,1,3.1,2.25,3.1,2.25,2.25,3.5,3.1,0-1,7.0,09-05-2025 11:46,1,0.5208007722545233
1700908,Euro,2025-05-09,11:53,Bélgica,Romênia,3,3,6,2.15,3.25,2.15,3.25,2.15,3.6,3.25,3-3,6.5,09-05-2025 11:46,0,0.49988890030202754
1700916,Euro,2025-05-09,11:56,Inglaterra,Albânia,0,3,3,2.02,3.8,3.8,2.02,2.02,3.4,3.8,0-3,8.5,09-05-2025 11:46,1,0.5021024033860093
1700923,Euro,2025-05-09,11:59,Croácia,Geórgia,1,0,1,3.6,2.05,3.6,2.05,2.05,3.5,3.6,1-0,8.0,09-05-2025 11:46,1,0.5176500372897103
1700650,Euro,2025-05-09,10:02,Polônia,Turquia,0,0,0,2.75,2.7,2.75,2.7,2.7,3.2,2.75,0-0,10.0,09-05-2025 11:46,0,0.4689270458191029
1700656,Euro,2025-05-09,10:05,Suíça,Croácia,0,1,1,2.75,2.5,2.75,2.5,2.5,3.5,2.75,0-1,7.0,09-05-2025 11:46,1,0.5266036043747169
1700664,Euro,2025-05-09,10:08,Turquia,Bélgica,1,0,1,2.7,2.62,2.7,2.62,2.62,3.4,2.7,1-0,8.0,09-05-2025 11:46,1,0.5192369791561382
1700671,Euro,2025-05-09,10:11,Alemanha,Hungria,0,3,3,2.15,3.4,3.4,2.15,2.15,3.5,3.4,0-3,7.5,09-05-2025 11:46,1,0.5288481812143422
1700678,Euro,2025-05-09,10:14,Turquia,Escócia,0,1,1,3.0,2.37,3.0,2.37,2.37,3.3,3.0,0-1,8.5,09-05-2025 11:46,1,0.5282879904621788
1700685,Euro,2025-05-09,10:17,Geórgia,Suíça,2,1,3,2.87,2.45,2.45,2.87,2.87,3.4,2.45,2-1,7.5,09-05-2025 11:46,0,0.49065555209722306
1700691,Euro,2025-05-09,10:20,Países Baixos,Hungria,3,2,5,2.3,3.0,2.3,3.0,2.3,3.5,3.0,3-2,7.5,09-05-2025 11:46,1,0.5715009154855185
1700698,Euro,2025-05-09,10:23,Suíça,Escócia,3,0,3,2.37,2.9,2.9,2.37,2.37,3.5,2.9,3-0,7.0,09-05-2025 11:46,1,0.5513387356988294
1700706,Euro,2025-05-09,10:26,Turquia,Romênia,0,1,1,3.1,2.3,3.1,2.3,2.3,3.4,3.1,0-1,8.0,09-05-2025 11:46,1,0.5488770548156652
1700713,Euro,2025-05-09,10:29,Áustria,Sérvia,1,1,2,2.9,2.5,2.9,2.5,2.5,3.3,2.9,1-1,9.0,09-05-2025 11:46,1,0.5530315350293692
1700720,Euro,2025-05-09,10:32,Croácia,Albânia,1,2,3,2.25,3.3,3.3,2.25,2.25,3.25,3.3,1-2,9.0,09-05-2025 11:46,1,0.5441160407887851
1700726,Euro,2025-05-09,10:35,Suíça,Turquia,1,0,1,2.87,2.45,2.87,2.45,2.45,3.4,2.87,1-0,8.0,09-05-2025 11:46,1,0.5359447948857539
1700734,Euro,2025-05-09,10:38,Romênia,Espanha,0,1,1,2.37,2.87,2.37,2.87,2.87,3.6,2.37,0-1,6.5,09-05-2025 11:46,0,0.42400054916377494
1700741,Euro,2025-05-09,10:41,Bélgica,Itália,1,1,2,2.8,2.45,2.8,2.45,2.45,3.5,2.8,1-1,7.5,09-05-2025 11:46,1,0.5216309000387651
1700748,Euro,2025-05-09,10:44,Inglaterra,Polônia,0,0,0,3.75,2.02,3.75,2.02,2.02,3.5,3.75,0-0,8.0,09-05-2025 11:46,1,0.5263496922064694
1700754,Euro,2025-05-09,10:47,República Tcheca,Dinamarca,1,1,2,2.75,2.7,2.75,2.7,2.7,3.2,2.75,1-1,10.0,09-05-2025 11:46,0,0.4616645299859438
1700762,Euro,2025-05-09,10:50,Países Baixos,Albânia,1,2,3,2.25,3.25,3.25,2.25,2.25,3.4,3.25,1-2,8.5,09-05-2025 11:46,1,0.5139551898237599
1700770,Euro,2025-05-09,10:53,República Tcheca,Eslováquia,1,1,2,3.3,2.25,3.3,2.25,2.25,3.3,3.3,1-1,9.0,09-05-2025 11:46,1,0.5245055920869963
1700776,Euro,2025-05-09,10:56,Ucrânia,Suíça,1,1,2,2.7,2.6,2.7,2.6,2.6,3.5,2.7,1-1,7.0,09-05-2025 11:46,1,0.5095997999328805
1700783,Euro,2025-05-09,10:59,Países Baixos,República Tcheca,1,2,3,2.35,3.1,3.1,2.35,2.35,3.4,3.1,1-2,8.0,09-05-2025 11:46,1,0.5198839861049926
1700510,Euro,2025-05-09,9:02,Albânia,Alemanha,1,1,2,2.4,3.0,2.4,3.0,3.0,3.3,2.4,1-1,8.5,09-05-2025 11:46,0,0.3456780069725432
1700516,Euro,2025-05-09,9:05,Áustria,Escócia,3,3,6,2.37,3.0,2.37,3.0,2.37,3.4,3.0,3-3,7.5,09-05-2025 11:46,0,0.4945412064836162
1700523,Euro,2025-05-09,9:08,Eslováquia,Romênia,1,0,1,2.7,2.6,2.7,2.6,2.6,3.5,2.7,1-0,7.0,09-05-2025 11:46,1,0.5745594660669411
1700531,Euro,2025-05-09,9:11,Áustria,Países Baixos,1,0,1,2.75,2.5,2.75,2.5,2.5,3.5,2.75,1-0,7.0,09-05-2025 11:46,1,0.5704935434889074
1700538,Euro,2025-05-09,9:14,Romênia,Ucrânia,2,4,6,2.45,2.87,2.45,2.87,2.45,3.5,2.87,2-4,7.5,09-05-2025 11:46,1,0.5550880839814026
1700545,Euro,2025-05-09,9:17,Polônia,República Tcheca,3,2,5,2.6,2.87,2.6,2.87,2.6,3.2,2.87,3-2,10.0,09-05-2025 11:46,1,0.6114599979877611
1700552,Euro,2025-05-09,9:20,Croácia,Romênia,0,0,0,3.1,2.25,3.1,2.25,2.25,3.5,3.1,0-0,7.0,09-05-2025 11:46,1,0.6134495293190451
1700559,Euro,2025-05-09,9:23,Portugal,Espanha,1,0,1,2.8,2.45,2.8,2.45,2.45,3.5,2.8,1-0,6.5,09-05-2025 11:46,1,0.6007999734742081
1700566,Euro,2025-05-09,9:26,Dinamarca,Albânia,4,1,5,2.3,3.4,2.3,3.4,2.3,3.2,3.4,4-1,10.0,09-05-2025 11:46,1,0.5865817992630543
1700573,Euro,2025-05-09,9:29,Suíça,Sérvia,2,0,2,2.87,2.45,2.87,2.45,2.45,3.4,2.87,2-0,8.0,09-05-2025 11:46,1,0.5789547966821594
1700580,Euro,2025-05-09,9:32,França,Bélgica,2,0,2,3.1,2.25,3.1,2.25,2.25,3.6,3.1,2-0,6.5,09-05-2025 11:46,1,0.583098931573176
1700587,Euro,2025-05-09,9:35,Portugal,Sérvia,1,0,1,3.25,2.25,3.25,2.25,2.25,3.4,3.25,1-0,8.5,09-05-2025 11:46,1,0.5908908563695394
1700594,Euro,2025-05-09,9:38,Escócia,Polônia,0,0,0,3.0,2.4,3.0,2.4,2.4,3.3,3.0,0-0,8.5,09-05-2025 11:46,1,0.5637022643746937
1700601,Euro,2025-05-09,9:41,Turquia,Eslovênia,0,0,0,3.25,2.35,3.25,2.35,2.35,3.1,3.25,0-0,11.0,09-05-2025 11:46,1,0.5562923140900952
1700610,Euro,2025-05-09,9:44,Alemanha,Albânia,1,0,1,3.75,2.07,3.75,2.07,2.07,3.4,3.75,1-0,9.0,09-05-2025 11:46,1,0.5608860585334531
1700615,Euro,2025-05-09,9:47,Turquia,Sérvia,2,0,2,3.0,2.5,3.0,2.5,2.5,3.2,3.0,2-0,10.0,09-05-2025 11:46,1,0.5507195340596143
1700622,Euro,2025-05-09,9:50,França,Dinamarca,1,1,2,3.25,2.2,3.25,2.2,2.2,3.5,3.25,1-1,7.5,09-05-2025 11:46,1,0.5484965374850862
1700629,Euro,2025-05-09,9:53,Escócia,Áustria,2,2,4,2.55,2.75,2.55,2.75,2.55,3.4,2.75,2-2,7.5,09-05-2025 11:46,1,0.5380802926367917
1700636,Euro,2025-05-09,9:56,Dinamarca,Geórgia,1,2,3,2.05,3.75,3.75,2.05,2.05,3.4,3.75,1-2,9.0,09-05-2025 11:46,0,0.48038564850286974
1700643,Euro,2025-05-09,9:59,Albânia,Ucrânia,0,0,0,3.0,2.45,3.0,2.45,2.45,3.2,3.0,0-0,10.0,09-05-2025 11:46,1,0.5225513734172675
1701347,Copa,2025-05-09,15:01,México,Austrália,0,2,2,3.3,2.15,3.3,2.15,2.15,3.5,3.3,0-2,7.0,09-05-2025 11:45,0,0.37271068879171315
1701356,Copa,2025-05-09,15:04,Brasil,Irã,2,2,4,1.72,4.75,1.72,4.75,1.72,3.8,4.75,2-2,6.5,09-05-2025 11:45,0,0.460396554226963
1701361,Copa,2025-05-09,15:07,Bélgica,Países Baixos,0,0,0,3.0,2.37,3.0,2.37,2.37,3.4,3.0,0-0,7.5,09-05-2025 11:45,0,0.4819874578488882
1701368,Copa,2025-05-09,15:10,Polônia,Tunísia,1,0,1,3.4,2.15,3.4,2.15,2.15,3.4,3.4,1-0,8.0,09-05-2025 11:45,0,0.4471728106098716
1701374,Copa,2025-05-09,15:13,Dinamarca,Costa Rica,2,3,5,2.0,3.75,2.0,3.75,2.0,3.6,3.75,2-3,7.0,09-05-2025 11:45,0,0.4684761278104495
1701384,Copa,2025-05-09,15:16,Tunísia,Senegal,3,1,4,2.9,2.5,2.9,2.5,2.9,3.25,2.5,3-1,9.0,09-05-2025 11:45,0,0.39676167801735707
1701390,Copa,2025-05-09,15:19,Polônia,Equador,3,1,4,2.37,3.0,2.37,3.0,2.37,3.4,3.0,3-1,7.5,09-05-2025 11:45,0,0.4951897550962008
1701397,Copa,2025-05-09,15:22,Qatar,Costa Rica,0,1,1,3.0,2.35,3.0,2.35,2.35,3.4,3.0,0-1,7.5,09-05-2025 11:45,0,0.49204108433767496
1701402,Copa,2025-05-09,15:25,Senegal,Inglaterra,1,3,4,2.9,2.45,2.9,2.45,2.9,3.3,2.45,1-3,8.5,09-05-2025 11:45,0,0.394666905413251
1701410,Copa,2025-05-09,15:28,Qatar,Portugal,0,1,1,2.3,3.0,2.3,3.0,3.0,3.5,2.3,0-1,7.0,09-05-2025 11:45,0,0.3786178722122948
1701417,Copa,2025-05-09,15:31,Marrocos,Sérvia,1,2,3,2.7,2.75,2.75,2.7,2.7,3.2,2.75,1-2,10.0,09-05-2025 11:45,0,0.41413454854014786
1701423,Copa,2025-05-09,15:34,México,Gana,1,0,1,3.2,2.25,3.2,2.25,2.25,3.5,3.2,1-0,7.5,09-05-2025 11:45,0,0.4794336338871274
1701430,Copa,2025-05-09,15:37,Uruguai,Portugal,3,1,4,2.6,2.62,2.6,2.62,2.6,3.5,2.62,3-1,6.5,09-05-2025 11:45,0,0.48400232775234164
1701438,Copa,2025-05-09,15:40,Sérvia,Austrália,1,0,1,3.4,2.15,3.4,2.15,2.15,3.4,3.4,1-0,8.5,09-05-2025 11:45,0,0.46713108401711007
1701445,Copa,2025-05-09,15:43,Japão,Dinamarca,0,0,0,2.55,2.8,2.55,2.8,2.8,3.4,2.55,0-0,8.0,09-05-2025 11:45,0,0.4285684858405245
1701209,Copa,2025-05-09,14:01,França,Uruguai,0,2,2,3.4,2.1,3.4,2.1,2.1,3.6,3.4,0-2,7.0,09-05-2025 11:45,0,0.34641487676123545
1701216,Copa,2025-05-09,14:04,Senegal,Qatar,0,0,0,3.6,2.1,3.6,2.1,2.1,3.3,3.6,0-0,9.0,09-05-2025 11:45,0,0.37025445690404113
1701221,Copa,2025-05-09,14:07,Polônia,Coreia do Sul,1,0,1,3.4,2.15,3.4,2.15,2.15,3.4,3.4,1-0,8.0,09-05-2025 11:45,0,0.43809903535484707
1701228,Copa,2025-05-09,14:10,Brasil,Portugal,1,2,3,2.15,3.2,3.2,2.15,2.15,3.6,3.2,1-2,6.0,09-05-2025 11:45,0,0.4334980754584603
1701235,Copa,2025-05-09,14:13,Uruguai,Argentina,1,2,3,2.8,2.5,2.5,2.8,2.8,3.5,2.5,1-2,7.5,09-05-2025 11:45,0,0.3740050646837062
1701242,Copa,2025-05-09,14:16,Costa Rica,Gana,0,2,2,2.7,2.6,2.7,2.6,2.6,3.5,2.7,0-2,7.0,09-05-2025 11:45,0,0.4625452513452877
1701251,Copa,2025-05-09,14:19,País de Gales,EUA,0,1,1,2.7,2.75,2.7,2.75,2.75,3.2,2.7,0-1,10.0,09-05-2025 11:45,0,0.4272043280382102
1701258,Copa,2025-05-09,14:22,Canadá,Alemanha,0,4,4,3.2,2.2,3.2,2.2,3.2,3.5,2.2,0-4,7.0,09-05-2025 11:45,0,0.3603176908449246
1701262,Copa,2025-05-09,14:25,Países Baixos,Croácia,2,1,3,2.4,3.0,3.0,2.4,2.4,3.3,3.0,2-1,8.5,09-05-2025 11:45,0,0.48520608293479456
1701270,Copa,2025-05-09,14:28,Equador,Arábia Saudita,2,4,6,2.1,3.4,2.1,3.4,2.1,3.6,3.4,2-4,7.0,09-05-2025 11:45,0,0.4276846323146175
1701281,Copa,2025-05-09,14:31,Tunísia,Portugal,0,2,2,2.3,3.0,2.3,3.0,3.0,3.5,2.3,0-2,7.0,09-05-2025 11:45,0,0.3519261053556022
1701285,Copa,2025-05-09,14:34,França,Austrália,2,0,2,4.2,1.85,4.2,1.85,1.85,3.75,4.2,2-0,6.5,09-05-2025 11:45,1,0.5063233052376709
1701291,Copa,2025-05-09,14:37,Polônia,Espanha,1,1,2,2.4,2.87,2.4,2.87,2.87,3.5,2.4,1-1,7.0,09-05-2025 11:45,0,0.38200626549027467
1701298,Copa,2025-05-09,14:40,Irã,País de Gales,0,0,0,2.6,2.7,2.6,2.7,2.7,3.4,2.6,0-0,7.5,09-05-2025 11:45,0,0.4271000193981326
1701307,Copa,2025-05-09,14:43,Gana,Portugal,1,0,1,2.35,2.9,2.35,2.9,2.9,3.6,2.35,1-0,6.5,09-05-2025 11:45,0,0.3722055011622007
1701312,Copa,2025-05-09,14:46,Marrocos,Japão,0,2,2,2.9,2.45,2.9,2.45,2.45,3.3,2.9,0-2,8.5,09-05-2025 11:45,0,0.45699131497556655
1701319,Copa,2025-05-09,14:49,Países Baixos,Equador,2,1,3,2.15,3.3,3.3,2.15,2.15,3.5,3.3,2-1,7.5,09-05-2025 11:45,0,0.46826720935965077
1701328,Copa,2025-05-09,14:52,México,Brasil,4,1,5,3.1,2.25,3.1,2.25,3.1,3.5,2.25,4-1,7.0,09-05-2025 11:45,0,0.4139463832739997
1701333,Copa,2025-05-09,14:55,Uruguai,Senegal,0,1,1,2.9,2.5,2.9,2.5,2.5,3.3,2.9,0-1,9.0,09-05-2025 11:45,0,0.49976102821432966
1701340,Copa,2025-05-09,14:58,Coreia do Sul,Inglaterra,2,2,4,3.4,2.1,3.4,2.1,3.4,3.5,2.1,2-2,7.0,09-05-2025 11:45,0,0.36821223058848845
1701068,Copa,2025-05-09,13:01,Equador,Croácia,1,3,4,2.7,2.62,2.7,2.62,2.7,3.3,2.62,1-3,8.5,09-05-2025 11:45,0,0.3837307821017268
1701076,Copa,2025-05-09,13:04,Suíça,Bélgica,2,2,4,2.7,2.6,2.7,2.6,2.7,3.4,2.6,2-2,7.5,09-05-2025 11:45,0,0.39605266664696154
1701081,Copa,2025-05-09,13:07,País de Gales,Arábia Saudita,0,0,0,3.25,2.2,3.25,2.2,2.2,3.5,3.25,0-0,7.5,09-05-2025 11:45,0,0.45881188408295287
1701088,Copa,2025-05-09,13:10,Portugal,Tunísia,1,1,2,3.6,2.0,3.6,2.0,2.0,3.6,3.6,1-1,7.0,09-05-2025 11:45,0,0.459697746183714
1701095,Copa,2025-05-09,13:13,Brasil,Senegal,3,2,5,2.07,3.6,2.07,3.6,2.07,3.4,3.6,3-2,8.0,09-05-2025 11:45,0,0.4220131589487648
1701102,Copa,2025-05-09,13:16,Gana,Coreia do Sul,0,1,1,3.0,2.35,3.0,2.35,2.35,3.4,3.0,0-1,7.5,09-05-2025 11:45,0,0.46635002150856486
1701109,Copa,2025-05-09,13:19,Uruguai,Irã,0,1,1,3.75,2.0,3.75,2.0,2.0,3.6,3.75,0-1,7.0,09-05-2025 11:45,0,0.4738473725301278
1701116,Copa,2025-05-09,13:22,Coreia do Sul,Sérvia,1,1,2,2.6,2.87,2.6,2.87,2.87,3.2,2.6,1-1,10.0,09-05-2025 11:45,0,0.38343024569791956
1701123,Copa,2025-05-09,13:25,Austrália,País de Gales,2,1,3,2.5,2.8,2.8,2.5,2.5,3.4,2.8,2-1,7.5,09-05-2025 11:45,0,0.4997253854310968
1701132,Copa,2025-05-09,13:28,Irã,Senegal,1,1,2,2.3,3.1,2.3,3.1,3.1,3.4,2.3,1-1,8.5,09-05-2025 11:45,0,0.38473615512764225
1701139,Copa,2025-05-09,13:31,Portugal,Argentina,1,3,4,2.6,2.62,2.6,2.62,2.6,3.5,2.62,1-3,6.5,09-05-2025 11:45,0,0.44419725427212314
1701144,Copa,2025-05-09,13:34,Sérvia,Coreia do Sul,1,1,2,3.5,2.2,3.5,2.2,2.2,3.25,3.5,1-1,10.0,09-05-2025 11:45,0,0.44989794752244344
1701150,Copa,2025-05-09,13:37,Polônia,Croácia,1,0,1,2.7,2.62,2.7,2.62,2.62,3.3,2.7,1-0,9.0,09-05-2025 11:45,0,0.4255032982055458
1701158,Copa,2025-05-09,13:40,Qatar,Sérvia,0,1,1,2.6,2.87,2.6,2.87,2.87,3.2,2.6,0-1,10.0,09-05-2025 11:45,0,0.36501455562269747
1701167,Copa,2025-05-09,13:43,Alemanha,País de Gales,0,0,0,3.75,2.0,3.75,2.0,2.0,3.5,3.75,0-0,7.5,09-05-2025 11:45,0,0.45260350575014674
1701172,Copa,2025-05-09,13:46,Gana,Arábia Saudita,0,3,3,2.2,3.2,3.2,2.2,2.2,3.5,3.2,0-3,7.0,09-05-2025 11:45,0,0.4470591090910711
1701179,Copa,2025-05-09,13:49,Países Baixos,Sérvia,3,0,3,2.25,3.3,3.3,2.25,2.25,3.25,3.3,3-0,9.0,09-05-2025 11:45,0,0.48177997736642697
1701186,Copa,2025-05-09,13:52,Croácia,Arábia Saudita,2,1,3,1.93,4.0,4.0,1.93,1.93,3.5,4.0,2-1,8.0,09-05-2025 11:45,1,0.5059875732766763
1701192,Copa,2025-05-09,13:55,Camarões,México,3,1,4,2.75,2.5,2.75,2.5,2.75,3.5,2.5,3-1,7.0,09-05-2025 11:45,0,0.43769157639021683
1701200,Copa,2025-05-09,13:58,Gana,País de Gales,2,0,2,2.9,2.45,2.9,2.45,2.45,3.4,2.9,2-0,8.0,09-05-2025 11:45,1,0.5074201282313179
1700929,Copa,2025-05-09,12:01,Costa Rica,Equador,2,0,2,2.5,2.75,2.5,2.75,2.75,3.5,2.5,2-0,7.0,09-05-2025 11:45,0,0.3910055859876387
1700934,Copa,2025-05-09,12:04,Senegal,País de Gales,1,2,3,2.2,3.5,3.5,2.2,2.2,3.25,3.5,1-2,10.0,09-05-2025 11:45,0,0.3841436634252796
1700941,Copa,2025-05-09,12:07,Costa Rica,México,2,1,3,2.87,2.45,2.45,2.87,2.87,3.4,2.45,2-1,7.5,09-05-2025 11:45,0,0.40748751880309575
1700948,Copa,2025-05-09,12:10,País de Gales,Países Baixos,1,2,3,3.0,2.37,2.37,3.0,3.0,3.4,2.37,1-2,8.0,09-05-2025 11:45,0,0.3373349325218609
1700955,Copa,2025-05-09,12:13,Austrália,Camarões,1,3,4,2.4,2.8,2.4,2.8,2.4,3.6,2.8,1-3,6.5,09-05-2025 11:45,0,0.43740878414792184
1700961,Copa,2025-05-09,12:16,Alemanha,Suíça,1,1,2,3.1,2.25,3.1,2.25,2.25,3.5,3.1,1-1,7.0,09-05-2025 11:45,0,0.47583546710356833
1700971,Copa,2025-05-09,12:19,País de Gales,Bélgica,1,0,1,2.3,3.1,2.3,3.1,3.1,3.4,2.3,1-0,8.5,09-05-2025 11:45,0,0.4235530618741384
1700976,Copa,2025-05-09,12:22,Tunísia,Camarões,3,2,5,2.4,2.87,2.4,2.87,2.4,3.5,2.87,3-2,7.0,09-05-2025 11:45,0,0.468782288132413
1700983,Copa,2025-05-09,12:25,Marrocos,Países Baixos,4,0,4,2.87,2.45,2.87,2.45,2.87,3.4,2.45,4-0,7.5,09-05-2025 11:45,0,0.37949573403808395
1700990,Copa,2025-05-09,12:28,Sérvia,Portugal,0,0,0,2.62,2.7,2.62,2.7,2.7,3.3,2.62,0-0,8.5,09-05-2025 11:45,0,0.40258551287522243
1700997,Copa,2025-05-09,12:31,Alemanha,Tunísia,0,0,0,3.8,1.95,3.8,1.95,1.95,3.6,3.8,0-0,7.5,09-05-2025 11:45,0,0.4695112212402991
1701004,Copa,2025-05-09,12:34,Irã,França,1,2,3,3.6,1.98,1.98,3.6,3.6,3.6,1.98,1-2,6.5,09-05-2025 11:45,0,0.3188999916215487
1701011,Copa,2025-05-09,12:37,México,Japão,0,0,0,3.2,2.3,3.2,2.3,2.3,3.3,3.2,0-0,9.0,09-05-2025 11:45,0,0.4587296090105598
1701020,Copa,2025-05-09,12:40,Bélgica,Brasil,3,3,6,2.7,2.55,2.7,2.55,2.7,3.5,2.55,3-3,7.0,09-05-2025 11:45,0,0.40499719281768276
1701029,Copa,2025-05-09,12:43,Senegal,Japão,1,2,3,2.25,3.4,3.4,2.25,2.25,3.2,3.4,1-2,10.0,09-05-2025 11:45,0,0.46038173487301753
1701034,Copa,2025-05-09,12:46,Croácia,Sérvia,0,2,2,3.25,2.35,3.25,2.35,2.35,3.1,3.25,0-2,11.0,09-05-2025 11:45,0,0.4202542947447859
1701040,Copa,2025-05-09,12:49,Polônia,México,3,1,4,2.45,2.9,2.45,2.9,2.45,3.4,2.9,3-1,8.0,09-05-2025 11:45,0,0.44999226919279117
1701047,Copa,2025-05-09,12:52,Portugal,Camarões,1,1,2,3.6,2.0,3.6,2.0,2.0,3.75,3.6,1-1,6.5,09-05-2025 11:45,0,0.4558014141288023
1701053,Copa,2025-05-09,12:55,Tunísia,Dinamarca,0,3,3,3.0,2.35,2.35,3.0,3.0,3.5,2.35,0-3,7.0,09-05-2025 11:45,0,0.33833477981152227
1701060,Copa,2025-05-09,12:58,Sérvia,Arábia Saudita,1,1,2,3.75,2.05,3.75,2.05,2.05,3.4,3.75,1-1,8.5,09-05-2025 11:45,0,0.4368553092524361
1700787,Copa,2025-05-09,11:01,Irã,Austrália,1,4,5,2.55,2.62,2.55,2.62,2.55,3.6,2.62,1-4,6.5,09-05-2025 11:45,0,0.39316416901852447
1700796,Copa,2025-05-09,11:04,Uruguai,Costa Rica,0,1,1,3.6,2.05,3.6,2.05,2.05,3.5,3.6,0-1,7.5,09-05-2025 11:45,0,0.35452490599083075
1700801,Copa,2025-05-09,11:07,Brasil,França,1,0,1,2.87,2.37,2.87,2.37,2.37,3.6,2.87,1-0,6.5,09-05-2025 11:45,0,0.4732304945311901
1700808,Copa,2025-05-09,11:10,EUA,Polônia,0,0,0,3.0,2.45,3.0,2.45,2.45,3.2,3.0,0-0,10.0,09-05-2025 11:45,0,0.45385043847116735
1700815,Copa,2025-05-09,11:13,Austrália,México,1,3,4,2.75,2.5,2.75,2.5,2.75,3.5,2.5,1-3,7.0,09-05-2025 11:45,0,0.3792327220658355
1700822,Copa,2025-05-09,11:16,Sérvia,Irã,2,1,3,2.05,3.75,3.75,2.05,2.05,3.4,3.75,2-1,8.5,09-05-2025 11:45,0,0.45364602276152055
1700830,Copa,2025-05-09,11:19,Canadá,Qatar,4,0,4,2.45,2.9,2.45,2.9,2.45,3.4,2.9,4-0,8.0,09-05-2025 11:45,0,0.4985230560654088
1700836,Copa,2025-05-09,11:22,França,Dinamarca,3,0,3,2.2,3.2,3.2,2.2,2.2,3.6,3.2,3-0,7.0,09-05-2025 11:45,0,0.49195630519767414
1700842,Copa,2025-05-09,11:25,Suíça,Portugal,1,1,2,2.62,2.6,2.62,2.6,2.6,3.5,2.62,1-1,6.5,09-05-2025 11:45,0,0.46339162096406766
1700850,Copa,2025-05-09,11:28,Irã,Gana,0,0,0,2.6,2.62,2.6,2.62,2.62,3.5,2.6,0-0,7.0,09-05-2025 11:45,0,0.3970080737281498
1700857,Copa,2025-05-09,11:31,Sérvia,Tunísia,0,1,1,3.5,2.2,3.5,2.2,2.2,3.25,3.5,0-1,10.0,09-05-2025 11:45,0,0.4397557947566394
1700864,Copa,2025-05-09,11:34,Arábia Saudita,México,1,3,4,3.0,2.35,3.0,2.35,3.0,3.5,2.35,1-3,7.0,09-05-2025 11:45,0,0.3320077047725792
1700873,Copa,2025-05-09,11:37,Brasil,EUA,1,0,1,3.8,2.02,3.8,2.02,2.02,3.4,3.8,1-0,8.5,09-05-2025 11:45,0,0.46040678097796944
1700878,Copa,2025-05-09,11:40,Camarões,País de Gales,0,1,1,2.8,2.5,2.8,2.5,2.5,3.4,2.8,0-1,7.5,09-05-2025 11:45,0,0.46222604445514937
1700887,Copa,2025-05-09,11:43,Japão,Marrocos,3,0,3,2.45,2.9,2.9,2.45,2.45,3.3,2.9,3-0,8.5,09-05-2025 11:45,0,0.4520910275075338
1700894,Copa,2025-05-09,11:46,Portugal,Arábia Saudita,0,0,0,4.0,1.9,4.0,1.9,1.9,3.75,4.0,0-0,6.5,09-05-2025 11:45,0,0.46032988900104077
1700899,Copa,2025-05-09,11:49,Equador,Países Baixos,0,1,1,2.5,2.8,2.5,2.8,2.8,3.5,2.5,0-1,7.0,09-05-2025 11:45,0,0.3900565512897167
1700910,Copa,2025-05-09,11:52,Canadá,França,1,3,4,3.4,2.1,3.4,2.1,3.4,3.5,2.1,1-3,7.0,09-05-2025 11:45,0,0.31131787358540186
1700914,Copa,2025-05-09,11:55,Tunísia,Qatar,3,0,3,2.45,2.9,2.9,2.45,2.45,3.4,2.9,3-0,8.0,09-05-2025 11:45,0,0.4525193377237061
1700921,Copa,2025-05-09,11:58,Alemanha,Dinamarca,3,3,6,2.3,3.0,2.3,3.0,2.3,3.6,3.0,3-3,6.5,09-05-2025 11:45,0,0.46397283762899383
1700647,Copa,2025-05-09,10:01,Austrália,Arábia Saudita,3,4,7,2.25,3.0,2.25,3.0,2.25,3.6,3.0,3-4,6.5,09-05-2025 11:45,0,0.3612263615648137
1700658,Copa,2025-05-09,10:04,Dinamarca,México,0,1,1,3.0,2.3,3.0,2.3,2.3,3.5,3.0,0-1,7.5,09-05-2025 11:45,0,0.37046493065946584
1700661,Copa,2025-05-09,10:07,Canadá,País de Gales,1,1,2,2.8,2.5,2.8,2.5,2.5,3.3,2.8,1-1,8.5,09-05-2025 11:45,0,0.47967114073219297
1700669,Copa,2025-05-09,10:10,Qatar,EUA,0,2,2,2.6,2.87,2.6,2.87,2.87,3.2,2.6,0-2,10.0,09-05-2025 11:45,0,0.3607773297312795
1700677,Copa,2025-05-09,10:13,Costa Rica,Espanha,2,4,6,3.4,2.1,3.4,2.1,3.4,3.6,2.1,2-4,6.5,09-05-2025 11:45,0,0.3047955595414895
1700688,Copa,2025-05-09,10:19,Alemanha,Camarões,4,1,5,1.95,3.8,1.95,3.8,1.95,3.6,3.8,4-1,6.5,09-05-2025 11:45,1,0.5125489724197902
1700697,Copa,2025-05-09,10:22,Dinamarca,Países Baixos,3,0,3,2.5,2.75,2.75,2.5,2.5,3.5,2.75,3-0,7.0,09-05-2025 11:45,1,0.5077859068181751
1700703,Copa,2025-05-09,10:25,Irã,Camarões,2,0,2,2.62,2.55,2.62,2.55,2.55,3.6,2.62,2-0,6.5,09-05-2025 11:45,0,0.4860832246667728
1700712,Copa,2025-05-09,10:28,Marrocos,Arábia Saudita,1,2,3,2.15,3.3,3.3,2.15,2.15,3.5,3.3,1-2,7.0,09-05-2025 11:45,0,0.4203966208095195
1700717,Copa,2025-05-09,10:31,Equador,Tunísia,0,1,1,3.2,2.25,3.2,2.25,2.25,3.5,3.2,0-1,7.5,09-05-2025 11:45,0,0.43354705981086206
1700724,Copa,2025-05-09,10:34,Argentina,França,1,2,3,2.55,2.7,2.7,2.55,2.55,3.5,2.7,1-2,7.0,09-05-2025 11:45,0,0.4386685891027284
1700731,Copa,2025-05-09,10:37,Costa Rica,Tunísia,1,1,2,2.8,2.5,2.8,2.5,2.5,3.4,2.8,1-1,7.5,09-05-2025 11:45,0,0.46797126770281866
1700738,Copa,2025-05-09,10:40,Coreia do Sul,México,1,0,1,2.55,2.8,2.55,2.8,2.8,3.4,2.55,1-0,8.0,09-05-2025 11:45,0,0.40044775037282443
1700745,Copa,2025-05-09,10:43,Camarões,Países Baixos,3,3,6,3.1,2.25,3.1,2.25,3.1,3.5,2.25,3-3,7.0,09-05-2025 11:45,0,0.3583841473300559
1700752,Copa,2025-05-09,10:46,Austrália,Sérvia,2,1,3,2.8,2.55,2.55,2.8,2.8,3.3,2.55,2-1,8.5,09-05-2025 11:45,0,0.38394900393092984
1700761,Copa,2025-05-09,10:49,Canadá,Portugal,1,0,1,2.3,3.0,2.3,3.0,3.0,3.5,2.3,1-0,7.0,09-05-2025 11:45,0,0.35921472644857316
1700766,Copa,2025-05-09,10:52,França,Senegal,0,0,0,3.5,2.15,3.5,2.15,2.15,3.4,3.5,0-0,8.5,09-05-2025 11:45,0,0.44176569224194684
1700773,Copa,2025-05-09,10:55,Qatar,Suíça,1,2,3,2.87,2.45,2.45,2.87,2.87,3.4,2.45,1-2,7.5,09-05-2025 11:45,0,0.33945112503015606
1700780,Copa,2025-05-09,10:58,Equador,Brasil,2,3,5,3.2,2.2,3.2,2.2,3.2,3.6,2.2,2-3,6.5,09-05-2025 11:45,0,0.3405484322522153
1700508,Copa,2025-05-09,9:01,Sérvia,Suíça,0,0,0,2.87,2.55,2.87,2.55,2.55,3.25,2.87,0-0,9.0,09-05-2025 11:45,0,0.3879770071980216
1700515,Copa,2025-05-09,9:04,Uruguai,Qatar,1,2,3,2.1,3.5,3.5,2.1,2.1,3.5,3.5,1-2,7.5,09-05-2025 11:45,0,0.32397636396917073
1700521,Copa,2025-05-09,9:07,Argentina,México,4,0,4,2.1,3.4,2.1,3.4,2.1,3.5,3.4,4-0,7.5,09-05-2025 11:45,0,0.4661151332530105
1700530,Copa,2025-05-09,9:10,Polônia,Equador,0,0,0,3.0,2.37,3.0,2.37,2.37,3.4,3.0,0-0,7.5,09-05-2025 11:45,0,0.4609799934859168
1700536,Copa,2025-05-09,9:13,Japão,EUA,1,0,1,2.8,2.7,2.8,2.7,2.7,3.1,2.8,1-0,11.0,09-05-2025 11:45,0,0.43844864540291506
1700542,Copa,2025-05-09,9:16,Arábia Saudita,Gana,1,1,2,2.6,2.62,2.6,2.62,2.62,3.5,2.6,1-1,7.0,09-05-2025 11:45,0,0.4682848372030934
1700549,Copa,2025-05-09,9:19,Espanha,Canadá,0,0,0,4.0,1.9,4.0,1.9,1.9,3.6,4.0,0-0,7.0,09-05-2025 11:45,1,0.5376436628800918
1700555,Copa,2025-05-09,9:22,Bélgica,Argentina,1,1,2,2.75,2.55,2.75,2.55,2.55,3.4,2.75,1-1,7.5,09-05-2025 11:45,1,0.5348035575127639
1700565,Copa,2025-05-09,9:25,Inglaterra,Senegal,0,2,2,3.5,2.15,3.5,2.15,2.15,3.4,3.5,0-2,8.5,09-05-2025 11:45,0,0.49412033573930514
1700570,Copa,2025-05-09,9:28,Japão,México,2,3,5,2.62,2.75,2.62,2.75,2.62,3.3,2.75,2-3,8.5,09-05-2025 11:45,0,0.44575189661766745
1700577,Copa,2025-05-09,9:31,Canadá,Irã,2,0,2,3.1,2.25,3.1,2.25,2.25,3.5,3.1,2-0,7.0,09-05-2025 11:45,0,0.4777539866963043
1700584,Copa,2025-05-09,9:34,Coreia do Sul,Camarões,1,0,1,2.87,2.4,2.87,2.4,2.4,3.5,2.87,1-0,7.0,09-05-2025 11:45,0,0.4630669279319162
1700590,Copa,2025-05-09,9:37,Países Baixos,Costa Rica,1,1,2,3.8,1.95,3.8,1.95,1.95,3.6,3.8,1-1,7.5,09-05-2025 11:45,1,0.5291025101364694
1700598,Copa,2025-05-09,9:40,Senegal,Austrália,1,1,2,3.6,2.1,3.6,2.1,2.1,3.4,3.6,1-1,8.5,09-05-2025 11:45,0,0.4764012405878086
1700607,Copa,2025-05-09,9:43,Dinamarca,Suíça,3,4,7,2.37,2.9,2.37,2.9,2.37,3.5,2.9,3-4,7.0,09-05-2025 11:45,0,0.46360940754721275
1700612,Copa,2025-05-09,9:46,Qatar,Equador,1,2,3,2.7,2.6,2.6,2.7,2.7,3.4,2.6,1-2,7.5,09-05-2025 11:45,0,0.43527327973610014
1700620,Copa,2025-05-09,9:49,Dinamarca,Irã,1,0,1,3.8,1.95,3.8,1.95,1.95,3.75,3.8,1-0,6.5,09-05-2025 11:45,1,0.5238253694914363
1700627,Copa,2025-05-09,9:52,Inglaterra,Austrália,1,0,1,4.2,1.85,4.2,1.85,1.85,3.75,4.2,1-0,6.5,09-05-2025 11:45,1,0.5318407224085488
1700635,Copa,2025-05-09,9:55,Dinamarca,França,3,1,4,2.75,2.45,2.75,2.45,2.75,3.5,2.45,3-1,6.5,09-05-2025 11:45,0,0.43806207585713786
1700640,Copa,2025-05-09,9:58,Polônia,Camarões,0,0,0,3.3,2.15,3.3,2.15,2.15,3.5,3.3,0-0,7.0,09-05-2025 11:45,0,0.44610897118469345
1701345,Premier,2025-05-09,15:00,Islington,Brentford,1,0,1,3.75,2.0,3.75,2.0,2.0,3.5,3.75,1-0,7.5,09-05-2025 11:46,1,0.6205062218446732
1701351,Premier,2025-05-09,15:03,Leicester,Aston,1,1,2,3.25,2.25,3.25,2.25,2.25,3.4,3.25,1-1,8.5,09-05-2025 11:46,1,0.5749305254127552
1701359,Premier,2025-05-09,15:06,United,Everton,0,2,2,3.4,2.1,3.4,2.1,2.1,3.6,3.4,0-2,7.0,09-05-2025 11:46,1,0.5560999445202929
1701366,Premier,2025-05-09,15:09,Leeds,Watford,0,1,1,3.3,2.25,3.3,2.25,2.25,3.3,3.3,0-1,9.0,09-05-2025 11:46,1,0.5573546985757243
1701376,Premier,2025-05-09,15:12,Southampton,Brentford,0,1,1,3.25,2.25,3.25,2.25,2.25,3.4,3.25,0-1,8.5,09-05-2025 11:46,1,0.5549665061792389
1701380,Premier,2025-05-09,15:15,Liverpool,Islington,0,1,1,2.8,2.45,2.8,2.45,2.45,3.5,2.8,0-1,7.5,09-05-2025 11:46,1,0.570181045492156
1701387,Premier,2025-05-09,15:18,Chelsea,Southampton,2,1,3,2.2,3.3,3.3,2.2,2.2,3.4,3.3,2-1,8.0,09-05-2025 11:46,1,0.5849771156280033
1701394,Premier,2025-05-09,15:21,Burnley,United,0,0,0,2.15,3.3,2.15,3.3,3.3,3.6,2.15,0-0,7.0,09-05-2025 11:46,1,0.5258021831905727
1701404,Premier,2025-05-09,15:24,Newcastle,Everton,2,2,4,2.62,2.55,2.62,2.55,2.62,3.6,2.55,2-2,6.5,09-05-2025 11:46,1,0.5024455717038563
1701408,Premier,2025-05-09,15:27,Brighton,Aston,2,1,3,2.6,2.7,2.7,2.6,2.6,3.5,2.7,2-1,7.0,09-05-2025 11:46,1,0.5406885372915591
1701415,Premier,2025-05-09,15:30,Liverpool,City,2,1,3,2.75,2.45,2.45,2.75,2.75,3.5,2.45,2-1,6.5,09-05-2025 11:46,0,0.49862780162402326
1701425,Premier,2025-05-09,15:33,Aston,Leicester,0,1,1,2.62,2.7,2.62,2.7,2.7,3.3,2.62,0-1,8.5,09-05-2025 11:46,0,0.4824953464856372
1701432,Premier,2025-05-09,15:36,Brighton,Islington,3,1,4,3.2,2.2,3.2,2.2,3.2,3.6,2.2,3-1,6.5,09-05-2025 11:46,1,0.5351802150869033
1701436,Premier,2025-05-09,15:39,West Ham,Palace,3,2,5,2.3,3.2,2.3,3.2,2.3,3.3,3.2,3-2,8.5,09-05-2025 11:46,1,0.5845376621521627
1701443,Premier,2025-05-09,15:42,Leicester,Watford,3,2,5,2.15,3.4,2.15,3.4,2.15,3.4,3.4,3-2,8.0,09-05-2025 11:46,1,0.5734417210910113
1701450,Premier,2025-05-09,15:45,Burnley,Brighton,1,3,4,2.35,2.9,2.35,2.9,2.35,3.6,2.9,1-3,6.5,09-05-2025 11:46,1,0.5099103344390897
1701205,Premier,2025-05-09,14:00,Islington,Aston,0,1,1,3.6,2.05,3.6,2.05,2.05,3.5,3.6,0-1,8.0,09-05-2025 11:46,1,0.5757960038749566
1701214,Premier,2025-05-09,14:03,West Ham,Burnley,1,0,1,3.3,2.2,3.3,2.2,2.2,3.4,3.3,1-0,8.5,09-05-2025 11:46,1,0.5964851876624929
1701219,Premier,2025-05-09,14:06,Tottenham,City,2,0,2,2.45,2.9,2.45,2.9,2.9,3.4,2.45,2-0,7.5,09-05-2025 11:46,1,0.5168369591063563
1701226,Premier,2025-05-09,14:09,Islington,Watford,2,0,2,3.75,2.0,3.75,2.0,2.0,3.5,3.75,2-0,7.5,09-05-2025 11:46,1,0.6033356113360467
1701233,Premier,2025-05-09,14:12,Chelsea,Norwich,1,1,2,3.8,1.95,3.8,1.95,1.95,3.6,3.8,1-1,7.5,09-05-2025 11:46,1,0.5838736796510245
1701241,Premier,2025-05-09,14:15,Leeds,United,1,2,3,3.0,2.4,2.4,3.0,3.0,3.3,2.4,1-2,8.5,09-05-2025 11:46,0,0.4707365083126266
1701247,Premier,2025-05-09,14:18,Newcastle,City,1,1,2,2.07,3.4,2.07,3.4,3.4,3.75,2.07,1-1,6.0,09-05-2025 11:46,1,0.5356433754943649
1701254,Premier,2025-05-09,14:21,Norwich,Liverpool,0,0,0,2.2,3.2,2.2,3.2,3.2,3.5,2.2,0-0,7.0,09-05-2025 11:46,1,0.53463073117896
1701264,Premier,2025-05-09,14:24,Palace,Chelsea,0,1,1,2.35,3.0,2.35,3.0,3.0,3.5,2.35,0-1,7.0,09-05-2025 11:46,0,0.48091372061649534
1701268,Premier,2025-05-09,14:27,Aston,Leeds,0,2,2,2.75,2.62,2.75,2.62,2.62,3.2,2.75,0-2,10.0,09-05-2025 11:46,1,0.5038373022331735
1701275,Premier,2025-05-09,14:30,Brighton,Newcastle,2,1,3,2.55,2.62,2.62,2.55,2.55,3.6,2.62,2-1,6.0,09-05-2025 11:46,1,0.5576639172806793
1701282,Premier,2025-05-09,14:33,Brentford,Watford,0,1,1,2.9,2.45,2.9,2.45,2.45,3.4,2.9,0-1,8.0,09-05-2025 11:46,1,0.5576419076316942
1701289,Premier,2025-05-09,14:36,City,Wolverhampton,0,3,3,2.05,3.4,3.4,2.05,2.05,3.75,3.4,0-3,6.0,09-05-2025 11:46,1,0.5577335039625073
1701296,Premier,2025-05-09,14:39,Brighton,Leeds,0,1,1,2.5,2.8,2.5,2.8,2.8,3.4,2.5,0-1,8.0,09-05-2025 11:46,1,0.5272047164794464
1701303,Premier,2025-05-09,14:42,Islington,United,1,1,2,2.62,2.62,2.62,2.62,2.62,3.5,2.62,1-1,7.5,09-05-2025 11:46,1,0.5258982579392015
1701310,Premier,2025-05-09,14:45,Norwich,Wolverhampton,2,2,4,2.9,2.35,2.9,2.35,2.9,3.6,2.35,2-2,6.5,09-05-2025 11:46,0,0.4339809647742518
1701317,Premier,2025-05-09,14:48,Islington,Southampton,1,0,1,3.3,2.2,3.3,2.2,2.2,3.4,3.3,1-0,8.0,09-05-2025 11:46,1,0.5427098582517506
1701326,Premier,2025-05-09,14:51,City,Leicester,1,3,4,2.02,3.6,2.02,3.6,2.02,3.6,3.6,1-3,7.0,09-05-2025 11:46,1,0.5141668530770958
1701331,Premier,2025-05-09,14:54,Wolverhampton,Brentford,1,1,2,3.4,2.1,3.4,2.1,2.1,3.6,3.4,1-1,7.0,09-05-2025 11:46,1,0.5282363907294779
1701338,Premier,2025-05-09,14:57,Brighton,Leicester,1,2,3,2.87,2.4,2.4,2.87,2.87,3.5,2.4,1-2,7.0,09-05-2025 11:46,0,0.42686142321155013
1701065,Premier,2025-05-09,13:00,Brentford,Chelsea,1,1,2,2.3,3.1,2.3,3.1,3.1,3.5,2.3,1-1,7.5,09-05-2025 11:46,1,0.5359469273102807
1701072,Premier,2025-05-09,13:03,Norwich,Brighton,2,0,2,2.87,2.4,2.87,2.4,2.4,3.6,2.87,2-0,6.5,09-05-2025 11:46,1,0.601456246631588
1701079,Premier,2025-05-09,13:06,Brentford,Newcastle,1,1,2,2.75,2.5,2.75,2.5,2.5,3.5,2.75,1-1,7.0,09-05-2025 11:46,1,0.6108004630850601
1701087,Premier,2025-05-09,13:09,Liverpool,Palace,4,1,5,2.05,3.6,2.05,3.6,2.05,3.5,3.6,4-1,7.5,09-05-2025 11:46,1,0.5853983485991009
1701093,Premier,2025-05-09,13:12,Southampton,Wolverhampton,0,0,0,2.7,2.6,2.7,2.6,2.6,3.5,2.7,0-0,7.0,09-05-2025 11:46,1,0.5652399539023655
1701100,Premier,2025-05-09,13:15,Chelsea,Watford,3,2,5,2.0,3.75,2.0,3.75,2.0,3.5,3.75,3-2,7.5,09-05-2025 11:46,1,0.6204268812001501
1701107,Premier,2025-05-09,13:18,Leicester,City,2,1,3,3.1,2.25,2.25,3.1,3.1,3.5,2.25,2-1,7.0,09-05-2025 11:46,1,0.5985400383240299
1701114,Premier,2025-05-09,13:21,Liverpool,United,1,1,2,2.62,2.62,2.62,2.62,2.62,3.5,2.62,1-1,7.5,09-05-2025 11:46,1,0.5433163279092081
1701121,Premier,2025-05-09,13:24,Burnley,Watford,1,3,4,2.4,2.87,2.4,2.87,2.4,3.5,2.87,1-3,7.0,09-05-2025 11:46,1,0.5715564874854732
1701129,Premier,2025-05-09,13:27,Newcastle,Islington,1,2,3,2.9,2.35,2.35,2.9,2.9,3.6,2.35,1-2,6.5,09-05-2025 11:46,0,0.4956954399847049
1701135,Premier,2025-05-09,13:30,Aston,Southampton,0,0,0,2.75,2.62,2.75,2.62,2.62,3.3,2.75,0-0,8.5,09-05-2025 11:46,1,0.5212283420994338
1701142,Premier,2025-05-09,13:33,Everton,Leeds,0,0,0,3.0,2.4,3.0,2.4,2.4,3.3,3.0,0-0,8.5,09-05-2025 11:46,1,0.5585518068293753
1701151,Premier,2025-05-09,13:36,Brentford,Burnley,0,3,3,2.4,2.87,2.87,2.4,2.4,3.5,2.87,0-3,7.0,09-05-2025 11:46,1,0.5838355047172168
1701157,Premier,2025-05-09,13:39,Liverpool,Leicester,2,1,3,2.25,3.2,3.2,2.25,2.25,3.4,3.2,2-1,7.5,09-05-2025 11:46,1,0.6023928068055757
1701163,Premier,2025-05-09,13:42,Brentford,Wolverhampton,1,0,1,2.4,2.8,2.4,2.8,2.8,3.5,2.4,1-0,7.0,09-05-2025 11:46,1,0.5417629352688861
1701170,Premier,2025-05-09,13:45,Norwich,Islington,1,2,3,3.2,2.2,2.2,3.2,3.2,3.5,2.2,1-2,7.0,09-05-2025 11:46,0,0.4636778189462323
1701177,Premier,2025-05-09,13:48,Brentford,Everton,2,2,4,2.75,2.5,2.75,2.5,2.75,3.5,2.5,2-2,7.0,09-05-2025 11:46,0,0.4743251033506793
1701184,Premier,2025-05-09,13:51,Tottenham,Norwich,0,1,1,3.8,2.0,3.8,2.0,2.0,3.5,3.8,0-1,8.5,09-05-2025 11:46,1,0.5294724188287728
1701194,Premier,2025-05-09,13:54,United,Islington,2,3,5,2.3,3.0,2.3,3.0,2.3,3.5,3.0,2-3,7.5,09-05-2025 11:46,1,0.5534593763055176
1701198,Premier,2025-05-09,13:57,Palace,Norwich,1,0,1,3.1,2.3,3.1,2.3,2.3,3.5,3.1,1-0,7.0,09-05-2025 11:46,1,0.568005776617044
1700925,Premier,2025-05-09,12:00,Islington,West Ham,3,1,4,2.2,3.4,2.2,3.4,2.2,3.3,3.4,3-1,9.0,09-05-2025 11:46,1,0.6104828748737273
1700932,Premier,2025-05-09,12:03,Watford,Brentford,2,0,2,2.9,2.45,2.9,2.45,2.45,3.4,2.9,2-0,8.0,09-05-2025 11:46,1,0.6012911138179678
1700939,Premier,2025-05-09,12:06,City,Palace,3,2,5,1.86,4.0,1.86,4.0,1.86,3.75,4.0,3-2,7.0,09-05-2025 11:46,1,0.6151749177052207
1700946,Premier,2025-05-09,12:09,West Ham,Everton,1,0,1,2.8,2.5,2.8,2.5,2.5,3.3,2.8,1-0,8.5,09-05-2025 11:46,1,0.5822821917465014
1700953,Premier,2025-05-09,12:12,Leeds,Chelsea,2,2,4,2.8,2.55,2.8,2.55,2.8,3.3,2.55,2-2,8.5,09-05-2025 11:46,1,0.5332776028984905
1700962,Premier,2025-05-09,12:15,United,Leicester,1,0,1,3.4,2.1,3.4,2.1,2.1,3.5,3.4,1-0,7.5,09-05-2025 11:46,1,0.5999172813887885
1700969,Premier,2025-05-09,12:18,Islington,Brighton,0,0,0,3.8,1.95,3.8,1.95,1.95,3.75,3.8,0-0,6.5,09-05-2025 11:46,1,0.6111299761282942
1700974,Premier,2025-05-09,12:21,Palace,West Ham,0,1,1,2.75,2.62,2.75,2.62,2.62,3.3,2.75,0-1,8.5,09-05-2025 11:46,1,0.5348796067395802
1700981,Premier,2025-05-09,12:24,United,Brentford,0,1,1,4.0,1.9,4.0,1.9,1.9,3.6,4.0,0-1,7.5,09-05-2025 11:46,1,0.5795860947403447
1700988,Premier,2025-05-09,12:27,Everton,Wolverhampton,1,2,3,2.5,2.7,2.7,2.5,2.5,3.6,2.7,1-2,6.5,09-05-2025 11:46,1,0.5678923979699636
1700995,Premier,2025-05-09,12:30,Tottenham,Watford,1,2,3,2.05,3.75,3.75,2.05,2.05,3.4,3.75,1-2,9.0,09-05-2025 11:46,1,0.5590680050939744
1701002,Premier,2025-05-09,12:33,Leeds,Aston,1,0,1,3.25,2.3,3.25,2.3,2.3,3.25,3.25,1-0,10.0,09-05-2025 11:46,1,0.571790652857925
1701010,Premier,2025-05-09,12:36,Liverpool,Brighton,3,2,5,1.95,3.8,1.95,3.8,1.95,3.75,3.8,3-2,6.5,09-05-2025 11:46,1,0.5913938495637673
1701018,Premier,2025-05-09,12:39,Southampton,West Ham,2,1,3,2.5,3.0,3.0,2.5,2.5,3.2,3.0,2-1,10.0,09-05-2025 11:46,1,0.5896168572527514
1701023,Premier,2025-05-09,12:42,Aston,Brighton,1,0,1,3.1,2.25,3.1,2.25,2.25,3.5,3.1,1-0,7.0,09-05-2025 11:46,1,0.5985124918401147
1701030,Premier,2025-05-09,12:45,Chelsea,Tottenham,1,2,3,2.4,3.0,3.0,2.4,2.4,3.3,3.0,1-2,8.5,09-05-2025 11:46,0,0.4866128169311656
1701037,Premier,2025-05-09,12:48,Burnley,Brentford,2,3,5,2.4,2.87,2.4,2.87,2.4,3.5,2.87,2-3,7.0,09-05-2025 11:46,0,0.4926703465419947
1701048,Premier,2025-05-09,12:51,Tottenham,West Ham,0,0,0,3.4,2.25,3.4,2.25,2.25,3.2,3.4,0-0,10.0,09-05-2025 11:46,1,0.51759340318494
1701051,Premier,2025-05-09,12:54,Watford,City,0,1,1,2.05,3.5,2.05,3.5,3.5,3.6,2.05,0-1,7.0,09-05-2025 11:46,0,0.4239485472274477
1701058,Premier,2025-05-09,12:57,Newcastle,Burnley,1,2,3,2.35,2.9,2.9,2.35,2.35,3.6,2.9,1-2,6.5,09-05-2025 11:46,1,0.528428238707961
1700792,Premier,2025-05-09,11:03,Chelsea,Wolverhampton,1,1,2,3.0,2.3,3.0,2.3,2.3,3.6,3.0,1-1,6.5,09-05-2025 11:46,1,0.5504387225303897
1700799,Premier,2025-05-09,11:06,Islington,Liverpool,2,2,4,2.45,2.8,2.45,2.8,2.45,3.5,2.8,2-2,7.5,09-05-2025 11:46,1,0.5647988052141174
1700806,Premier,2025-05-09,11:09,Southampton,Leeds,0,1,1,3.0,2.5,3.0,2.5,2.5,3.2,3.0,0-1,10.0,09-05-2025 11:46,1,0.5616753821698728
1700813,Premier,2025-05-09,11:12,Chelsea,West Ham,0,0,0,3.4,2.2,3.4,2.2,2.2,3.3,3.4,0-0,9.0,09-05-2025 11:46,1,0.5705139666466799
1700820,Premier,2025-05-09,11:15,Leicester,United,3,1,4,2.9,2.45,2.9,2.45,2.9,3.4,2.45,3-1,7.5,09-05-2025 11:46,1,0.5317394691791312
1700827,Premier,2025-05-09,11:18,Norwich,Brentford,0,0,0,2.8,2.5,2.8,2.5,2.5,3.4,2.8,0-0,7.5,09-05-2025 11:46,1,0.5843900365576506
1700834,Premier,2025-05-09,11:21,Watford,Wolverhampton,1,0,1,2.4,2.8,2.4,2.8,2.8,3.5,2.4,1-0,7.0,09-05-2025 11:46,1,0.5571400875726478
1700844,Premier,2025-05-09,11:24,Everton,United,3,0,3,2.87,2.4,2.4,2.87,2.87,3.5,2.4,3-0,7.0,09-05-2025 11:46,1,0.5214826098570398
1700848,Premier,2025-05-09,11:27,Chelsea,Brentford,0,0,0,3.75,2.0,3.75,2.0,2.0,3.5,3.75,0-0,7.5,09-05-2025 11:46,1,0.5742840109260032
1700855,Premier,2025-05-09,11:30,Leicester,Palace,2,0,2,3.2,2.25,3.2,2.25,2.25,3.5,3.2,2-0,7.5,09-05-2025 11:46,1,0.5465764119507861
1700862,Premier,2025-05-09,11:33,Tottenham,Wolverhampton,1,1,2,3.0,2.37,3.0,2.37,2.37,3.4,3.0,1-1,7.5,09-05-2025 11:46,1,0.5312350209314094
1700871,Premier,2025-05-09,11:36,Norwich,Burnley,3,1,4,2.5,2.75,2.5,2.75,2.5,3.5,2.75,3-1,7.0,09-05-2025 11:46,1,0.5565261377455873
1700876,Premier,2025-05-09,11:39,Palace,Newcastle,2,0,2,2.8,2.4,2.8,2.4,2.4,3.6,2.8,2-0,6.5,09-05-2025 11:46,1,0.5543046376911862
1700885,Premier,2025-05-09,11:42,Chelsea,Leeds,1,1,2,3.4,2.2,3.4,2.2,2.2,3.3,3.4,1-1,9.0,09-05-2025 11:46,1,0.5820495634444316
1700890,Premier,2025-05-09,11:45,United,City,0,4,4,2.6,2.62,2.6,2.62,2.6,3.5,2.62,0-4,6.5,09-05-2025 11:46,0,0.4467890396011241
1700897,Premier,2025-05-09,11:48,Watford,Everton,2,2,4,2.75,2.5,2.75,2.5,2.75,3.5,2.5,2-2,7.0,09-05-2025 11:46,0,0.43701200548737296
1700906,Premier,2025-05-09,11:51,West Ham,Brighton,2,0,2,3.4,2.15,3.4,2.15,2.15,3.4,3.4,2-0,8.0,09-05-2025 11:46,0,0.4978611766988939
1700911,Premier,2025-05-09,11:54,Southampton,Aston,1,2,3,2.3,3.2,3.2,2.3,2.3,3.3,3.2,1-2,8.5,09-05-2025 11:46,1,0.5022295309979685
1700918,Premier,2025-05-09,11:57,Newcastle,Brentford,2,0,2,2.9,2.35,2.9,2.35,2.35,3.5,2.9,2-0,7.0,09-05-2025 11:46,0,0.4905232299038547
1700645,Premier,2025-05-09,10:00,Liverpool,Tottenham,1,0,1,3.0,2.4,3.0,2.4,2.4,3.3,3.0,1-0,8.5,09-05-2025 11:46,1,0.5642291566845868
1700652,Premier,2025-05-09,10:03,Brentford,West Ham,1,2,3,2.75,2.62,2.62,2.75,2.75,3.25,2.62,1-2,9.0,09-05-2025 11:46,1,0.5115498582572973
1700659,Premier,2025-05-09,10:06,Leicester,Burnley,1,3,4,2.15,3.3,2.15,3.3,2.15,3.5,3.3,1-3,7.0,09-05-2025 11:46,1,0.5549827508371986
1700666,Premier,2025-05-09,10:09,Leeds,Liverpool,2,0,2,2.55,2.8,2.55,2.8,2.8,3.3,2.55,2-0,8.5,09-05-2025 11:46,1,0.5483684863714156
1700673,Premier,2025-05-09,10:12,City,United,3,4,7,2.3,3.0,2.3,3.0,2.3,3.5,3.0,3-4,7.0,09-05-2025 11:46,1,0.5508783857014258
1700679,Premier,2025-05-09,10:15,Liverpool,Newcastle,3,1,4,2.05,3.5,2.05,3.5,2.05,3.6,3.5,3-1,6.5,09-05-2025 11:46,1,0.5804341546273518
1700687,Premier,2025-05-09,10:18,West Ham,Leicester,2,1,3,2.55,2.87,2.87,2.55,2.55,3.25,2.87,2-1,9.0,09-05-2025 11:46,1,0.5815267326648694
1700694,Premier,2025-05-09,10:21,Wolverhampton,Palace,1,1,2,3.25,2.15,3.25,2.15,2.15,3.6,3.25,1-1,6.5,09-05-2025 11:46,1,0.5724313768142923
1700701,Premier,2025-05-09,10:24,Newcastle,Aston,2,3,5,2.45,2.87,2.45,2.87,2.45,3.5,2.87,2-3,7.0,09-05-2025 11:46,1,0.5390608142202139
1700708,Premier,2025-05-09,10:27,Tottenham,Brentford,3,1,4,2.05,3.75,2.05,3.75,2.05,3.4,3.75,3-1,9.0,09-05-2025 11:46,1,0.5461989052140763
1700715,Premier,2025-05-09,10:30,Norwich,Watford,3,0,3,2.5,2.8,2.8,2.5,2.5,3.4,2.8,3-0,7.5,09-05-2025 11:46,1,0.5429013873697518
1700722,Premier,2025-05-09,10:33,Southampton,Brighton,0,1,1,3.3,2.15,3.3,2.15,2.15,3.5,3.3,0-1,7.0,09-05-2025 11:46,1,0.5436129899065979
1700729,Premier,2025-05-09,10:36,Watford,Norwich,0,1,1,3.0,2.35,3.0,2.35,2.35,3.4,3.0,0-1,7.5,09-05-2025 11:46,1,0.5326787585060331
1700736,Premier,2025-05-09,10:39,Everton,Brentford,2,1,3,2.15,3.3,3.3,2.15,2.15,3.5,3.3,2-1,7.5,09-05-2025 11:46,1,0.5636748154748014
1700743,Premier,2025-05-09,10:42,Norwich,Palace,2,2,4,2.6,2.7,2.6,2.7,2.6,3.5,2.7,2-2,7.0,09-05-2025 11:46,1,0.524520281025664
1700750,Premier,2025-05-09,10:45,Leeds,Islington,0,1,1,2.55,2.8,2.55,2.8,2.8,3.3,2.55,0-1,8.5,09-05-2025 11:46,0,0.45663484440870616
1700757,Premier,2025-05-09,10:48,Burnley,Aston,0,0,0,2.8,2.5,2.8,2.5,2.5,3.4,2.8,0-0,7.5,09-05-2025 11:46,0,0.47601173696773946
1700764,Premier,2025-05-09,10:51,Islington,Chelsea,1,2,3,2.45,2.8,2.8,2.45,2.45,3.5,2.8,1-2,7.5,09-05-2025 11:46,0,0.470298040172469
1700771,Premier,2025-05-09,10:54,Liverpool,Southampton,2,1,3,2.2,3.3,3.3,2.2,2.2,3.4,3.3,2-1,8.0,09-05-2025 11:46,1,0.5139910238299514
1700779,Premier,2025-05-09,10:57,United,West Ham,1,2,3,2.07,3.75,3.75,2.07,2.07,3.4,3.75,1-2,9.0,09-05-2025 11:46,0,0.4890844227938383
1700505,Premier,2025-05-09,9:00,Norwich,Leeds,0,0,0,2.55,2.8,2.55,2.8,2.8,3.3,2.55,0-0,8.5,09-05-2025 11:46,1,0.52484041798679
1700512,Premier,2025-05-09,9:03,Aston,Palace,1,1,2,2.9,2.45,2.9,2.45,2.45,3.4,2.9,1-1,8.0,09-05-2025 11:46,1,0.5253588856941249
1700519,Premier,2025-05-09,9:06,City,West Ham,2,1,3,1.98,4.0,4.0,1.98,1.98,3.5,4.0,2-1,8.0,09-05-2025 11:46,1,0.6023140264893329
1700526,Premier,2025-05-09,9:09,Everton,Watford,0,0,0,3.3,2.15,3.3,2.15,2.15,3.5,3.3,0-0,7.5,09-05-2025 11:46,1,0.5687251436013665
1700535,Premier,2025-05-09,9:12,United,Aston,1,4,5,1.95,4.0,1.95,4.0,1.95,3.5,4.0,1-4,8.0,09-05-2025 11:46,1,0.5358044537482917
1700540,Premier,2025-05-09,9:15,Watford,Southampton,2,1,3,2.7,2.62,2.62,2.7,2.7,3.3,2.62,2-1,8.5,09-05-2025 11:46,1,0.5813823028333021
1700547,Premier,2025-05-09,9:18,City,Islington,2,1,3,2.2,3.2,3.2,2.2,2.2,3.6,3.2,2-1,7.0,09-05-2025 11:46,1,0.608529926137465
1700557,Premier,2025-05-09,9:21,Brighton,Tottenham,1,0,1,2.3,3.1,2.3,3.1,3.1,3.4,2.3,1-0,7.5,09-05-2025 11:46,1,0.5787074940451326
1700560,Premier,2025-05-09,9:24,Newcastle,Southampton,4,2,6,2.6,2.7,2.6,2.7,2.6,3.5,2.7,4-2,7.0,09-05-2025 11:46,1,0.5694457245580663
1700568,Premier,2025-05-09,9:27,Tottenham,Leicester,1,2,3,2.3,3.2,3.2,2.3,2.3,3.3,3.2,1-2,9.0,09-05-2025 11:46,1,0.5411007912930127
1700575,Premier,2025-05-09,9:30,Newcastle,Norwich,0,0,0,3.0,2.3,3.0,2.3,2.3,3.6,3.0,0-0,6.5,09-05-2025 11:46,1,0.5320226100861792
1700582,Premier,2025-05-09,9:33,Chelsea,Liverpool,0,0,0,2.8,2.45,2.8,2.45,2.45,3.5,2.8,0-0,7.5,09-05-2025 11:46,1,0.5312963258624137
1700589,Premier,2025-05-09,9:36,Everton,Aston,2,1,3,2.25,3.2,3.2,2.25,2.25,3.5,3.2,2-1,7.5,09-05-2025 11:46,1,0.554383929602069
1700596,Premier,2025-05-09,9:39,United,Norwich,0,1,1,4.2,1.85,4.2,1.85,1.85,3.6,4.2,0-1,7.5,09-05-2025 11:46,1,0.5462232550944549
1700603,Premier,2025-05-09,9:42,Burnley,Chelsea,1,1,2,2.25,3.1,2.25,3.1,3.1,3.5,2.25,1-1,7.0,09-05-2025 11:46,1,0.5056958011031122
1700609,Premier,2025-05-09,9:45,Southampton,Liverpool,0,1,1,2.5,2.8,2.5,2.8,2.8,3.4,2.5,0-1,8.0,09-05-2025 11:46,0,0.44206221634968157
1700617,Premier,2025-05-09,9:48,Burnley,Norwich,0,1,1,2.9,2.35,2.9,2.35,2.35,3.5,2.9,0-1,7.0,09-05-2025 11:46,0,0.45546253980037626
1700624,Premier,2025-05-09,9:51,West Ham,Islington,0,3,3,2.8,2.55,2.55,2.8,2.8,3.3,2.55,0-3,8.5,09-05-2025 11:46,0,0.4382457572827748
1700631,Premier,2025-05-09,9:54,Leicester,Brentford,1,1,2,3.4,2.15,3.4,2.15,2.15,3.4,3.4,1-1,8.0,09-05-2025 11:46,0,0.4780421972701728
1700638,Premier,2025-05-09,9:57,United,Watford,1,3,4,1.9,4.0,1.9,4.0,1.9,3.6,4.0,1-3,7.5,09-05-2025 11:46,0,0.4470113739755089
1701348,Super,2025-05-09,15:01,Sao Paulo,Porto Alegre,1,1,2,3.0,2.4,3.0,2.4,2.4,3.3,3.0,1-1,8.5,09-05-2025 11:45,1,0.5949708661934393
1701354,Super,2025-05-09,15:04,La Plata,Lima,1,1,2,3.8,1.98,3.8,1.98,1.98,3.5,3.8,1-1,8.5,09-05-2025 11:45,1,0.6463829989202224
1701364,Super,2025-05-09,15:07,Buenos Aires,Asuncion,3,0,3,2.0,3.6,3.6,2.0,2.0,3.6,3.6,3-0,7.0,09-05-2025 11:45,1,0.6496228711176633
1701371,Super,2025-05-09,15:10,Porto Alegre,Guayaquil,2,0,2,3.2,2.3,3.2,2.3,2.3,3.3,3.2,2-0,8.5,09-05-2025 11:45,1,0.6260869303789548
1701375,Super,2025-05-09,15:13,Belo Horizonte,Lima,1,1,2,4.75,1.72,4.75,1.72,1.72,3.8,4.75,1-1,6.5,09-05-2025 11:45,1,0.6520369587632256
1701382,Super,2025-05-09,15:16,Medellin,Buenos Aires,2,2,4,3.0,2.35,3.0,2.35,3.0,3.5,2.35,2-2,7.0,09-05-2025 11:45,1,0.5536736978339709
1701389,Super,2025-05-09,15:19,Montevideo,Belo Horizonte,1,0,1,2.02,3.5,2.02,3.5,3.5,3.75,2.02,1-0,6.5,09-05-2025 11:45,1,0.5691135092571722
1701398,Super,2025-05-09,15:22,Sao Paulo,Santos,2,2,4,2.45,2.8,2.45,2.8,2.45,3.5,2.8,2-2,7.5,09-05-2025 11:45,1,0.6073384858766743
1701403,Super,2025-05-09,15:25,Santiago,Montevideo,0,1,1,2.7,2.45,2.7,2.45,2.45,3.6,2.7,0-1,6.5,09-05-2025 11:45,1,0.5931218499591328
1701411,Super,2025-05-09,15:28,Medellin,La Boca,1,0,1,2.4,3.0,2.4,3.0,3.0,3.3,2.4,1-0,8.5,09-05-2025 11:45,1,0.5242258033022722
1701418,Super,2025-05-09,15:31,Agua Branca,Asuncion,1,0,1,3.8,1.95,3.8,1.95,1.95,3.6,3.8,1-0,7.5,09-05-2025 11:45,1,0.6139677536630974
1701424,Super,2025-05-09,15:34,Guayaquil,Penarol,0,1,1,2.9,2.45,2.9,2.45,2.45,3.4,2.9,0-1,8.0,09-05-2025 11:45,1,0.5731332598165325
1701431,Super,2025-05-09,15:37,Lima,Agua Branca,1,0,1,2.1,3.4,2.1,3.4,3.4,3.6,2.1,1-0,6.5,09-05-2025 11:45,1,0.5559755005210382
1701439,Super,2025-05-09,15:40,Itaquera,Santos,3,0,3,2.4,3.0,3.0,2.4,2.4,3.3,3.0,3-0,8.5,09-05-2025 11:45,1,0.602319347677399
1701446,Super,2025-05-09,15:43,Penarol,Quito,2,2,4,2.45,2.9,2.45,2.9,2.45,3.3,2.9,2-2,8.5,09-05-2025 11:45,1,0.5970857101084909
1701207,Super,2025-05-09,14:01,Agua Branca,La Boca,2,1,3,2.4,3.0,3.0,2.4,2.4,3.4,3.0,2-1,7.5,09-05-2025 11:45,1,0.6053504312369118
1701213,Super,2025-05-09,14:04,Santos,Guayaquil,3,2,5,2.25,3.2,2.25,3.2,2.25,3.5,3.2,3-2,7.5,09-05-2025 11:45,1,0.6195994427578886
1701222,Super,2025-05-09,14:07,Belo Horizonte,Rio de Janeiro,3,2,5,2.3,3.0,2.3,3.0,2.3,3.5,3.0,3-2,7.0,09-05-2025 11:45,1,0.6321849248166106
1701229,Super,2025-05-09,14:10,Porto Alegre,Avellaneda,2,1,3,2.45,3.0,3.0,2.45,2.45,3.2,3.0,2-1,10.0,09-05-2025 11:45,1,0.6233753793224457
1701236,Super,2025-05-09,14:13,La Plata,Montevideo,1,0,1,3.6,2.1,3.6,2.1,2.1,3.4,3.6,1-0,8.5,09-05-2025 11:45,1,0.6267760037615806
1701243,Super,2025-05-09,14:16,Quito,Rio de Janeiro,1,0,1,2.3,3.1,2.3,3.1,3.1,3.4,2.3,1-0,7.5,09-05-2025 11:45,1,0.5859298198851147
1701249,Super,2025-05-09,14:19,Porto Alegre,Sao Paulo,1,0,1,2.8,2.5,2.8,2.5,2.5,3.3,2.8,1-0,8.5,09-05-2025 11:45,1,0.6343323614854561
1701256,Super,2025-05-09,14:22,Asuncion,Rio de Janeiro,0,2,2,2.15,3.3,2.15,3.3,3.3,3.5,2.15,0-2,7.5,09-05-2025 11:45,1,0.5274247449224863
1701263,Super,2025-05-09,14:25,La Boca,Lima,3,1,4,1.9,4.2,1.9,4.2,1.9,3.6,4.2,3-1,7.5,09-05-2025 11:45,1,0.6383269863568864
1701271,Super,2025-05-09,14:28,Bogota,Penarol,0,0,0,3.1,2.4,3.1,2.4,2.4,3.2,3.1,0-0,10.0,09-05-2025 11:45,1,0.5987418683019533
1701277,Super,2025-05-09,14:31,Guayaquil,Agua Branca,0,0,0,2.35,2.9,2.35,2.9,2.9,3.6,2.35,0-0,6.5,09-05-2025 11:45,0,0.4952245638576953
1701287,Super,2025-05-09,14:34,Penarol,Medellin,0,0,0,3.1,2.37,3.1,2.37,2.37,3.25,3.1,0-0,9.0,09-05-2025 11:45,1,0.5993604156525086
1701292,Super,2025-05-09,14:37,Montevideo,Asuncion,4,4,8,2.4,2.87,2.4,2.87,2.4,3.5,2.87,4-4,7.0,09-05-2025 11:45,1,0.619559515865002
1701299,Super,2025-05-09,14:40,Medellin,Belo Horizonte,2,0,2,2.1,3.4,2.1,3.4,3.4,3.5,2.1,2-0,7.0,09-05-2025 11:45,1,0.5424286127670039
1701305,Super,2025-05-09,14:43,Agua Branca,Lima,1,0,1,4.2,1.85,4.2,1.85,1.85,3.75,4.2,1-0,6.5,09-05-2025 11:45,1,0.6514900491555854
1701313,Super,2025-05-09,14:46,Quito,Guayaquil,0,1,1,2.87,2.4,2.87,2.4,2.4,3.5,2.87,0-1,7.0,09-05-2025 11:45,1,0.5635910831326741
1701320,Super,2025-05-09,14:49,Penarol,La Plata,1,0,1,2.7,2.75,2.7,2.75,2.75,3.2,2.7,1-0,10.0,09-05-2025 11:45,1,0.5515430813173411
1701325,Super,2025-05-09,14:52,Rio de Janeiro,Sao Paulo,1,2,3,2.15,3.25,3.25,2.15,2.15,3.6,3.25,1-2,6.5,09-05-2025 11:45,1,0.5942834095297601
1701334,Super,2025-05-09,14:55,Montevideo,Avellaneda,2,1,3,2.75,2.5,2.5,2.75,2.75,3.5,2.5,2-1,7.0,09-05-2025 11:45,1,0.5564228677245938
1701341,Super,2025-05-09,14:58,Santos,La Boca,2,0,2,2.7,2.62,2.7,2.62,2.62,3.3,2.7,2-0,9.0,09-05-2025 11:45,1,0.5633688145616933
1701067,Super,2025-05-09,13:01,Rio de Janeiro,Porto Alegre,2,1,3,2.15,3.6,3.6,2.15,2.15,3.3,3.6,2-1,9.0,09-05-2025 11:45,1,0.5651173896794455
1701074,Super,2025-05-09,13:04,Lima,Bogota,0,1,1,2.45,2.9,2.45,2.9,2.9,3.3,2.45,0-1,8.5,09-05-2025 11:45,0,0.43475785602486455
1701082,Super,2025-05-09,13:07,Medellin,Itaquera,1,1,2,2.45,2.9,2.45,2.9,2.9,3.3,2.45,1-1,8.5,09-05-2025 11:45,0,0.4429285286095331
1701091,Super,2025-05-09,13:10,Rio de Janeiro,Bogota,1,0,1,3.75,2.07,3.75,2.07,2.07,3.4,3.75,1-0,9.0,09-05-2025 11:45,1,0.5921879922171204
1701096,Super,2025-05-09,13:13,Santiago,Asuncion,1,1,2,2.75,2.5,2.75,2.5,2.5,3.5,2.75,1-1,7.0,09-05-2025 11:45,1,0.5756383605712609
1701105,Super,2025-05-09,13:16,Avellaneda,La Boca,1,1,2,2.62,2.7,2.62,2.7,2.7,3.3,2.62,1-1,8.5,09-05-2025 11:45,1,0.5388295171259601
1701110,Super,2025-05-09,13:19,Itaquera,La Plata,1,1,2,3.1,2.4,3.1,2.4,2.4,3.25,3.1,1-1,9.0,09-05-2025 11:45,1,0.5838045516687508
1701117,Super,2025-05-09,13:22,Lima,Avellaneda,1,1,2,2.35,3.0,2.35,3.0,3.0,3.5,2.35,1-1,7.0,09-05-2025 11:45,0,0.4883956243958785
1701124,Super,2025-05-09,13:25,Itaquera,Belo Horizonte,0,1,1,2.4,2.87,2.4,2.87,2.87,3.5,2.4,0-1,7.0,09-05-2025 11:45,0,0.47147251674718804
1701130,Super,2025-05-09,13:28,La Plata,Asuncion,2,0,2,3.6,2.1,3.6,2.1,2.1,3.3,3.6,2-0,9.0,09-05-2025 11:45,1,0.5804475877537878
1701137,Super,2025-05-09,13:31,La Boca,Penarol,3,1,4,2.15,3.6,2.15,3.6,2.15,3.3,3.6,3-1,9.0,09-05-2025 11:45,1,0.5847581083045338
1701145,Super,2025-05-09,13:34,Asuncion,Bogota,0,1,1,2.62,2.75,2.62,2.75,2.75,3.25,2.62,0-1,9.0,09-05-2025 11:45,1,0.5074546107413003
1701155,Super,2025-05-09,13:37,La Boca,Agua Branca,2,1,3,2.55,2.75,2.75,2.55,2.55,3.4,2.75,2-1,7.5,09-05-2025 11:45,1,0.5688739255176428
1701161,Super,2025-05-09,13:40,Asuncion,Santiago,2,0,2,3.0,2.35,3.0,2.35,2.35,3.5,3.0,2-0,7.0,09-05-2025 11:45,1,0.5842069816642652
1701165,Super,2025-05-09,13:43,Quito,La Plata,2,4,6,2.75,2.62,2.75,2.62,2.75,3.25,2.62,2-4,9.0,09-05-2025 11:45,1,0.5150073254957456
1701175,Super,2025-05-09,13:46,Montevideo,Santos,0,3,3,2.87,2.45,2.45,2.87,2.87,3.4,2.45,0-3,7.5,09-05-2025 11:45,0,0.43091314219271437
1701180,Super,2025-05-09,13:49,Santiago,Medellin,1,2,3,2.6,2.7,2.7,2.6,2.6,3.5,2.7,1-2,7.0,09-05-2025 11:45,1,0.5442884106388899
1701187,Super,2025-05-09,13:52,Itaquera,Porto Alegre,3,1,4,2.35,3.2,2.35,3.2,2.35,3.2,3.2,3-1,10.0,09-05-2025 11:45,1,0.5734324730280007
1701201,Super,2025-05-09,13:58,Guayaquil,Porto Alegre,1,1,2,2.7,2.62,2.7,2.62,2.62,3.3,2.7,1-1,9.0,09-05-2025 11:45,1,0.5313611595669251
1700927,Super,2025-05-09,12:01,Guayaquil,Santiago,0,1,1,3.1,2.2,3.1,2.2,2.2,3.6,3.1,0-1,6.5,09-05-2025 11:45,1,0.5483239383975786
1700935,Super,2025-05-09,12:04,Avellaneda,Rio de Janeiro,2,2,4,2.9,2.45,2.9,2.45,2.9,3.4,2.45,2-2,7.5,09-05-2025 11:45,0,0.4405892230857664
1700942,Super,2025-05-09,12:07,Penarol,La Boca,1,3,4,2.9,2.5,2.9,2.5,2.9,3.25,2.5,1-3,9.0,09-05-2025 11:45,0,0.4551074134009314
1700949,Super,2025-05-09,12:10,La Plata,Medellin,3,1,4,2.2,3.5,2.2,3.5,2.2,3.25,3.5,3-1,10.0,09-05-2025 11:45,1,0.5940740044640589
1700956,Super,2025-05-09,12:13,Penarol,Santiago,2,0,2,3.25,2.2,3.25,2.2,2.2,3.5,3.25,2-0,7.5,09-05-2025 11:45,1,0.6001965513875852
1700965,Super,2025-05-09,12:16,Porto Alegre,Buenos Aires,0,1,1,2.62,2.7,2.62,2.7,2.7,3.3,2.62,0-1,8.5,09-05-2025 11:45,1,0.529353483773347
1700968,Super,2025-05-09,12:19,Itaquera,Avellaneda,1,1,2,3.1,2.3,3.1,2.3,2.3,3.4,3.1,1-1,8.0,09-05-2025 11:45,1,0.5990054359004728
1700977,Super,2025-05-09,12:22,Bogota,Medellin,3,2,5,2.3,3.25,2.3,3.25,2.3,3.25,3.25,3-2,10.0,09-05-2025 11:45,1,0.5935972714378928
1700984,Super,2025-05-09,12:25,Sao Paulo,Asuncion,0,0,0,3.4,2.1,3.4,2.1,2.1,3.6,3.4,0-0,7.0,09-05-2025 11:45,1,0.5781890934178344
1700991,Super,2025-05-09,12:28,La Boca,Santiago,1,3,4,1.95,3.8,1.95,3.8,1.95,3.6,3.8,1-3,7.5,09-05-2025 11:45,1,0.5735519225840561
1700998,Super,2025-05-09,12:31,Guayaquil,Bogota,0,1,1,2.8,2.55,2.8,2.55,2.55,3.3,2.8,0-1,8.5,09-05-2025 11:45,1,0.522995695277019
1701007,Super,2025-05-09,12:34,Penarol,Porto Alegre,0,0,0,2.8,2.7,2.8,2.7,2.7,3.1,2.8,0-0,11.0,09-05-2025 11:45,0,0.48468253885512774
1701012,Super,2025-05-09,12:37,Santos,Itaquera,0,0,0,2.8,2.55,2.8,2.55,2.55,3.3,2.8,0-0,8.5,09-05-2025 11:45,1,0.5421460958308136
1701017,Super,2025-05-09,12:40,Lima,Quito,0,2,2,2.5,2.75,2.5,2.75,2.75,3.5,2.5,0-2,7.0,09-05-2025 11:45,0,0.4895227750473786
1701025,Super,2025-05-09,12:43,Rio de Janeiro,La Boca,2,2,4,2.35,3.1,2.35,3.1,2.35,3.4,3.1,2-2,8.0,09-05-2025 11:45,1,0.5554808143212501
1701032,Super,2025-05-09,12:46,Montevideo,Penarol,1,0,1,2.7,2.6,2.7,2.6,2.6,3.4,2.7,1-0,8.0,09-05-2025 11:45,0,0.49116163216182795
1701039,Super,2025-05-09,12:49,Santiago,La Boca,1,0,1,2.2,3.2,2.2,3.2,3.2,3.5,2.2,1-0,7.0,09-05-2025 11:45,0,0.4919033041166584
1701045,Super,2025-05-09,12:52,Santos,Bogota,0,1,1,3.2,2.35,3.2,2.35,2.35,3.2,3.2,0-1,10.0,09-05-2025 11:45,1,0.5396363536000276
1701054,Super,2025-05-09,12:55,Guayaquil,La Boca,1,3,4,2.9,2.45,2.9,2.45,2.9,3.4,2.45,1-3,7.5,09-05-2025 11:45,0,0.4386585281049079
1701061,Super,2025-05-09,12:58,Sao Paulo,La Plata,0,0,0,2.87,2.45,2.87,2.45,2.45,3.4,2.87,0-0,8.0,09-05-2025 11:45,1,0.5405696838340751
1700788,Super,2025-05-09,11:01,Rio de Janeiro,Santos,1,1,2,3.3,2.2,3.3,2.2,2.2,3.4,3.3,1-1,8.0,09-05-2025 11:45,1,0.5055451738392678
1700794,Super,2025-05-09,11:04,Belo Horizonte,Porto Alegre,2,1,3,2.02,3.8,3.8,2.02,2.02,3.4,3.8,2-1,8.5,09-05-2025 11:45,1,0.5423798101921942
1700802,Super,2025-05-09,11:07,Guayaquil,Asuncion,2,0,2,3.1,2.3,3.1,2.3,2.3,3.5,3.1,2-0,7.0,09-05-2025 11:45,1,0.5484408251225165
1700809,Super,2025-05-09,11:10,Lima,La Plata,1,0,1,2.3,3.1,2.3,3.1,3.1,3.4,2.3,1-0,8.5,09-05-2025 11:45,0,0.49665522564233966
1700816,Super,2025-05-09,11:13,La Boca,Belo Horizonte,2,0,2,2.5,2.8,2.5,2.8,2.8,3.5,2.5,2-0,7.5,09-05-2025 11:45,1,0.5160590596229404
1700825,Super,2025-05-09,11:16,Santos,Quito,0,2,2,3.25,2.25,3.25,2.25,2.25,3.4,3.25,0-2,8.5,09-05-2025 11:45,1,0.5686143281493241
1700829,Super,2025-05-09,11:19,Avellaneda,Santiago,1,1,2,3.4,2.1,3.4,2.1,2.1,3.6,3.4,1-1,7.0,09-05-2025 11:45,1,0.5693334327854436
1700837,Super,2025-05-09,11:22,Montevideo,Bogota,1,0,1,2.62,2.7,2.62,2.7,2.7,3.3,2.62,1-0,8.5,09-05-2025 11:45,1,0.5150836419412496
1700843,Super,2025-05-09,11:25,Avellaneda,Guayaquil,0,2,2,3.1,2.3,3.1,2.3,2.3,3.5,3.1,0-2,7.0,09-05-2025 11:45,1,0.5461976391516894
1700854,Super,2025-05-09,11:28,Quito,Montevideo,2,3,5,2.3,3.1,2.3,3.1,2.3,3.5,3.1,2-3,7.0,09-05-2025 11:45,1,0.5324625698357159
1700858,Super,2025-05-09,11:31,Itaquera,La Boca,2,2,4,2.55,2.8,2.55,2.8,2.55,3.3,2.8,2-2,8.5,09-05-2025 11:45,0,0.4994604347348586
1700867,Super,2025-05-09,11:34,Bogota,Belo Horizonte,0,0,0,2.25,3.25,2.25,3.25,3.25,3.4,2.25,0-0,8.0,09-05-2025 11:45,0,0.45782995925078834
1700870,Super,2025-05-09,11:37,Buenos Aires,Lima,2,1,3,1.9,4.0,4.0,1.9,1.9,3.75,4.0,2-1,6.5,09-05-2025 11:45,1,0.5637539572939955
1700879,Super,2025-05-09,11:40,Belo Horizonte,Santiago,1,3,4,1.76,4.33,1.76,4.33,1.76,3.8,4.33,1-3,6.0,09-05-2025 11:45,1,0.5335021640235529
1700884,Super,2025-05-09,11:43,Bogota,Itaquera,4,0,4,2.75,2.62,2.75,2.62,2.75,3.25,2.62,4-0,9.0,09-05-2025 11:45,0,0.47847455242596454
1700892,Super,2025-05-09,11:46,Santos,Asuncion,0,0,0,3.5,2.1,3.5,2.1,2.1,3.4,3.5,0-0,8.5,09-05-2025 11:45,1,0.5238995731584035
1700900,Super,2025-05-09,11:49,Lima,Penarol,4,1,5,2.8,2.55,2.8,2.55,2.8,3.4,2.55,4-1,8.0,09-05-2025 11:45,0,0.4827516857247635
1700905,Super,2025-05-09,11:52,Buenos Aires,Bogota,1,1,2,3.3,2.2,3.3,2.2,2.2,3.4,3.3,1-1,8.0,09-05-2025 11:45,1,0.5317247799397428
1700913,Super,2025-05-09,11:55,Quito,La Boca,1,4,5,2.9,2.45,2.9,2.45,2.9,3.3,2.45,1-4,8.5,09-05-2025 11:45,0,0.42643205988536886
1700920,Super,2025-05-09,11:58,Asuncion,Avellaneda,2,4,6,2.8,2.55,2.8,2.55,2.8,3.4,2.55,2-4,8.0,09-05-2025 11:45,0,0.46504474101567117
1700648,Super,2025-05-09,10:01,Quito,Itaquera,1,0,1,2.5,2.8,2.5,2.8,2.8,3.4,2.5,1-0,8.0,09-05-2025 11:45,0,0.48002424176863806
1700654,Super,2025-05-09,10:04,Penarol,Agua Branca,0,3,3,3.0,2.37,2.37,3.0,3.0,3.4,2.37,0-3,8.0,09-05-2025 11:45,0,0.4081185811015302
1700662,Super,2025-05-09,10:07,Buenos Aires,Santiago,0,1,1,3.75,1.95,3.75,1.95,1.95,3.75,3.75,0-1,6.0,09-05-2025 11:45,1,0.5658931692479451
1700668,Super,2025-05-09,10:10,Belo Horizonte,Sao Paulo,0,1,1,3.4,2.05,3.4,2.05,2.05,3.75,3.4,0-1,6.0,09-05-2025 11:45,1,0.5617446914813636
1700675,Super,2025-05-09,10:13,Asuncion,Buenos Aires,1,0,1,2.3,3.0,2.3,3.0,3.0,3.5,2.3,1-0,7.0,09-05-2025 11:45,0,0.45315183828247013
1700682,Super,2025-05-09,10:16,La Plata,La Boca,3,0,3,2.7,2.75,2.75,2.7,2.7,3.2,2.75,3-0,10.0,09-05-2025 11:45,1,0.5333440042546672
1700692,Super,2025-05-09,10:19,Sao Paulo,Avellaneda,1,2,3,2.37,2.9,2.9,2.37,2.37,3.5,2.9,1-2,7.0,09-05-2025 11:45,1,0.5356506887911523
1700699,Super,2025-05-09,10:22,Agua Branca,Porto Alegre,1,1,2,3.4,2.2,3.4,2.2,2.2,3.3,3.4,1-1,9.0,09-05-2025 11:45,1,0.5634264330991026
1700704,Super,2025-05-09,10:25,Bogota,Asuncion,2,1,3,2.25,3.3,3.3,2.25,2.25,3.3,3.3,2-1,9.0,09-05-2025 11:45,1,0.5457235803470908
1700710,Super,2025-05-09,10:28,Avellaneda,Porto Alegre,2,1,3,2.5,3.0,3.0,2.5,2.5,3.2,3.0,2-1,10.0,09-05-2025 11:45,1,0.5247400433788231
1700718,Super,2025-05-09,10:31,La Plata,Santos,0,1,1,3.0,2.5,3.0,2.5,2.5,3.2,3.0,0-1,10.0,09-05-2025 11:45,1,0.51799459994634
1700727,Super,2025-05-09,10:34,Porto Alegre,Rio de Janeiro,0,1,1,2.5,2.9,2.5,2.9,2.9,3.25,2.5,0-1,9.0,09-05-2025 11:45,0,0.43306396861027807
1700732,Super,2025-05-09,10:37,Santiago,Itaquera,1,2,3,3.1,2.25,2.25,3.1,3.1,3.5,2.25,1-2,7.0,09-05-2025 11:45,0,0.4800693791770958
1700739,Super,2025-05-09,10:40,Bogota,La Boca,0,3,3,2.87,2.6,2.6,2.87,2.87,3.2,2.6,0-3,10.0,09-05-2025 11:45,0,0.42614887390491424
1700746,Super,2025-05-09,10:43,Asuncion,La Plata,0,1,1,2.5,2.9,2.5,2.9,2.9,3.25,2.5,0-1,9.0,09-05-2025 11:45,0,0.42606349083634293
1700755,Super,2025-05-09,10:46,Buenos Aires,Porto Alegre,1,2,3,2.25,3.25,3.25,2.25,2.25,3.4,3.25,1-2,8.5,09-05-2025 11:45,0,0.4987563759941171
1700759,Super,2025-05-09,10:49,Quito,Sao Paulo,1,1,2,2.55,2.62,2.55,2.62,2.62,3.5,2.55,1-1,7.0,09-05-2025 11:45,0,0.4577658027209211
1700767,Super,2025-05-09,10:52,La Boca,Itaquera,1,0,1,3.0,2.4,3.0,2.4,2.4,3.3,3.0,1-0,8.5,09-05-2025 11:45,0,0.48768973649411756
1700774,Super,2025-05-09,10:55,Agua Branca,Bogota,2,1,3,2.15,3.5,3.5,2.15,2.15,3.4,3.5,2-1,8.5,09-05-2025 11:45,1,0.5369294747205259
1700781,Super,2025-05-09,10:58,Lima,Itaquera,3,0,3,3.2,2.2,2.2,3.2,3.2,3.5,2.2,3-0,7.0,09-05-2025 11:45,0,0.48124641805348384
1700507,Super,2025-05-09,9:01,Lima,Porto Alegre,0,2,2,2.4,3.0,2.4,3.0,3.0,3.3,2.4,0-2,8.5,09-05-2025 11:45,0,0.3649269078918197
1700517,Super,2025-05-09,9:04,Belo Horizonte,Agua Branca,1,2,3,2.25,3.1,3.1,2.25,2.25,3.6,3.1,1-2,6.5,09-05-2025 11:45,0,0.47453329905094954
1700525,Super,2025-05-09,9:07,Asuncion,Lima,2,0,2,3.1,2.25,3.1,2.25,2.25,3.5,3.1,2-0,7.0,09-05-2025 11:45,1,0.5614603674668064
1700528,Super,2025-05-09,9:10,Quito,Medellin,1,2,3,2.37,3.0,3.0,2.37,2.37,3.4,3.0,1-2,8.5,09-05-2025 11:45,1,0.5190228841516715
1700534,Super,2025-05-09,9:13,Montevideo,La Boca,0,1,1,2.3,3.1,2.3,3.1,3.1,3.4,2.3,0-1,7.5,09-05-2025 11:45,0,0.4575078032006727
1700543,Super,2025-05-09,9:16,Santiago,Santos,0,0,0,2.35,3.0,2.35,3.0,3.0,3.5,2.35,0-0,7.0,09-05-2025 11:45,0,0.4639646120795309
1700550,Super,2025-05-09,9:19,Avellaneda,Sao Paulo,1,1,2,2.75,2.5,2.75,2.5,2.5,3.5,2.75,1-1,7.0,09-05-2025 11:45,1,0.5707107020575612
1700556,Super,2025-05-09,9:22,Belo Horizonte,Medellin,1,0,1,4.2,1.86,4.2,1.86,1.86,3.6,4.2,1-0,7.5,09-05-2025 11:45,1,0.6206102035177259
1700563,Super,2025-05-09,9:25,Itaquera,Quito,2,1,3,2.2,3.4,3.4,2.2,2.2,3.4,3.4,2-1,8.0,09-05-2025 11:45,1,0.5945219449198081
1700571,Super,2025-05-09,9:28,Montevideo,Santiago,2,0,2,2.9,2.35,2.9,2.35,2.35,3.6,2.9,2-0,6.5,09-05-2025 11:45,1,0.5460209361244779
1700578,Super,2025-05-09,9:31,Quito,Porto Alegre,0,1,1,2.75,2.7,2.75,2.7,2.7,3.2,2.75,0-1,10.0,09-05-2025 11:45,0,0.48268920655947484
1700585,Super,2025-05-09,9:34,Santiago,La Plata,0,0,0,2.37,3.0,2.37,3.0,3.0,3.4,2.37,0-0,8.0,09-05-2025 11:45,0,0.43010741219488297
1700599,Super,2025-05-09,9:40,La Boca,Montevideo,1,0,1,3.75,2.0,3.75,2.0,2.0,3.5,3.75,1-0,7.5,09-05-2025 11:45,1,0.6121134825826828
1700605,Super,2025-05-09,9:43,Agua Branca,La Plata,2,0,2,3.25,2.25,3.25,2.25,2.25,3.4,3.25,2-0,8.5,09-05-2025 11:45,1,0.5760371314202962
1700613,Super,2025-05-09,9:46,Porto Alegre,Belo Horizonte,0,0,0,2.3,3.1,2.3,3.1,3.1,3.4,2.3,0-0,8.5,09-05-2025 11:45,0,0.4399476841936522
1700619,Super,2025-05-09,9:49,La Boca,Buenos Aires,0,1,1,2.87,2.45,2.87,2.45,2.45,3.5,2.87,0-1,7.5,09-05-2025 11:45,1,0.507373915935605
1700626,Super,2025-05-09,9:52,Itaquera,Penarol,3,1,4,2.2,3.4,2.2,3.4,2.2,3.3,3.4,3-1,9.0,09-05-2025 11:45,1,0.5528646909258397
1700633,Super,2025-05-09,9:55,Montevideo,Porto Alegre,0,2,2,2.55,2.8,2.55,2.8,2.8,3.3,2.55,0-2,8.5,09-05-2025 11:45,0,0.44981422652338965
1700641,Super,2025-05-09,9:58,Lima,Rio de Janeiro,2,4,6,3.5,2.05,3.5,2.05,3.5,3.6,2.05,2-4,7.0,09-05-2025 11:45,0,0.4425289625365367
